$MeshFormat
2.2 0 8
$EndMeshFormat
$Nodes
1914
0 -35.13776 16.30633 44.440895
1 -35.13776 28.69367 44.440895
2 -35.04539 19.006115 44.292892
3 70.71363 0.9738694 37.64712
4 -35.04539 27.048592 44.292892
5 -34.9428 16.423061 29.425266
6 -35.011047 16.421005 35.193066
7 -35.011047 28.578995 30.273851
8 -35.00407 28.5793 35.28749
9 -34.97733 24.606451 23.699682
10 -34.828354 24.893951 25.581488
11 -34.84213 16.66395 23.5
12 -34.81416 25.999346 39.75059
13 -34.834244 20.090376 24.651224
14 -34.825436 20.908684 23.304663
15 -34.787292 26.225336 35.140396
16 -34.808495 19.210629 39.804874
17 -34.813828 17.710098 29.602777
18 -34.767143 19.607962 35.194576
19 -34.788208 27.865149 27.19363
20 -34.774567 17.610798 25.778233
21 -34.74209 26.623037 24.909655
22 -34.719475 16.527124 23.863136
23 -34.56599 26.397747 23.826235
24 -34.485607 22.463034 23.75253
25 -34.4541 18.079891 23.413113
26 -34.03909 16.583647 23.5
27 -33.92253 16.45381 25.9799
28 -33.539665 20.48275 23.348618
29 -33.351597 28.485104 23.5
30 -33.295166 28.625902 26.942402
31 -33.116302 24.474552 23.37946
32 -33.164543 26.683805 23.438692
33 10.1560545 28.250105 31.324684
34 -30.652763 28.811356 31.83448
35 -30.484491 16.155148 40.833305
36 -29.65349 15.824731 44.33435
37 -29.49898 29.188839 44.33135
38 -30.021345 28.88617 40.928154
39 -29.108181 22.355968 44.036392
40 -27.935791 27.12512 44.04619
41 -27.870768 17.689175 44.041748
42 -25.238998 29.296362 23.5
43 -25.135592 15.693296 23.5
44 -22.703663 15.449392 31.46577
45 -20.4865 30.065966 44.292892
46 -17.451029 30.085325 36.918785
47 -17.982634 17.52264 44.045513
48 77.29131 15.140194 15.841675
49 -17.007269 14.586111 44.292892
50 -16.399065 28.93758 44.08483
51 -12.01831 30.908201 44.29922
52 -11.117808 30.766321 40.761818
53 -9.096243 30.910637 23.5
54 -8.387077 30.442879 44.02887
55 -8.419499 21.505136 44.000416
56 -7.2636404 13.702193 44.41776
57 -7.2655425 13.85981 41.1285
58 -7.1880164 13.89852 30.338243
59 114.354 15.608135 15.950062
60 -5.859519 31.416304 44.40847
61 -5.98251 30.941206 44.007046
62 -5.5030456 14.144944 44.009087
63 77.3918 15.741481 29.823524
64 -3.9641626 20.295658 23.500074
65 -4.7499313 31.34527 23.5
66 -4.5787683 13.637614 23.5
67 -4.3420095 31.392467 40.99146
68 -4.2240324 14.412509 44.016254
69 -4.2755766 13.472143 44.51268
70 -4.0676565 28.188643 44.000786
71 -3.8384488 29.119234 23.502447
72 -3.2420268 15.589695 23.4986
73 -3.014121 16.649767 44.000927
74 -3.0025 13.479987 24.90235
75 -3.0025 13.479987 35.308296
76 -3.0025 13.479987 42.580032
77 -3.0025 31.520012 23.5
78 -3.0025 31.520012 38.82582
79 -3.0025 31.520012 43.482964
80 -2.989469 14.645549 40.91413
81 -2.9828253 30.122396 43.401432
82 -2.9815547 14.998232 23.4944
83 -2.9813726 30.124685 35.42217
84 -2.9416456 29.77086 24.125505
85 -2.9110065 31.813488 44.34737
86 -2.8775468 14.491728 44.194332
87 -2.7760904 15.655302 23.76777
88 -2.7234454 15.767396 44.256153
89 -2.6339324 27.429966 44.00044
90 -2.6287322 15.843887 37.438015
91 -2.5427804 16.020643 43.543686
92 -2.3409588 28.13489 23.4997
93 -2.2953749 16.263798 24.806469
94 -2.2829206 28.730097 31.16949
95 -2.2529821 28.702381 41.172607
96 -2.203163 28.657286 24.359589
97 -2.1207097 29.013544 44.34756
98 -1.9330772 28.481003 43.856102
99 -1.5684371 16.63149 32.98949
100 -1.4020703 16.691141 43.244465
101 -1.2994094 26.190517 23.499786
102 -1.2031826 16.740854 23.49973
103 -1.0060074 16.71408 44.072277
104 -0.9591711 28.25595 24.184767
105 -0.91119534 16.716204 25.704247
106 -0.837882 28.291367 33.638206
107 -0.7276883 17.502615 44.001644
108 -0.69870234 28.327806 44.213284
109 -0.041847717 16.625973 44.4922
110 0.5051898 27.638783 44.00539
111 0.8458974 28.25 23.5
112 0.8782051 28.399958 44.49121
113 104.64728 20.626564 44.00002
114 2.5413623 18.124441 44.02263
115 77.25468 28.944086 15.780424
116 12.6485405 28.25016 27.673746
117 3.8234968 26.993675 44.022926
118 6.9014845 16.466713 44.30622
119 7.956269 28.542892 44.292892
120 9.5345335 22.585938 23.5
121 9.542366 16.74991 30.513725
122 9.911897 16.720907 40.13722
123 11.520704 16.75 23.5
124 12.930666 18.412794 44.034584
125 14.480654 22.984701 44.002846
126 15.104728 28.539463 44.249985
127 18.846903 28.250017 27.754833
128 19.543756 28.321726 41.292767
129 18.643164 28.2184 23.5
130 19.993252 16.457108 44.292892
131 21.98205 28.25486 36.51818
132 21.378681 16.749825 29.577135
133 21.484245 28.542892 44.292892
134 24.7194 28.350819 42.65475
135 25.289038 16.493547 44.3557
136 24.531784 16.71074 40.436832
137 114.60472 15.60089 29.38984
138 114.401695 29.038527 15.702991
139 27.294868 18.248775 44.004414
140 27.317934 16.559723 44.001793
141 28.571358 26.666943 44.00238
142 29.067934 28.25 23.5
143 28.266794 16.75 23.5
144 28.850521 28.26081 30.16366
145 77.324005 28.890766 29.331692
146 29.86081 16.729813 27.885603
147 30.163239 16.630638 44.533657
148 30.24132 16.736258 41.193966
149 30.268616 16.720493 31.185326
150 30.464079 16.716257 34.631214
151 30.70743 28.283009 43.10841
152 114.47488 29.16337 29.26181
153 30.838259 16.730194 23.747332
154 30.847786 28.292763 41.144005
155 30.673292 18.361326 23.499744
156 30.955973 28.706205 44.35701
157 30.960373 17.588781 44.00077
158 31.110111 28.318596 37.43654
159 31.306316 28.35845 26.569124
160 31.334517 27.319126 23.497646
161 31.408047 28.39086 32.020958
162 31.551905 28.426392 42.928173
163 31.529692 16.586494 24.674938
164 31.874493 28.602457 23.861557
165 31.924786 28.653072 39.82123
166 31.941027 29.021616 44.39288
167 32.02887 44.082863 26.353289
168 32.16574 17.305538 23.500235
169 32.175674 16.149979 27.61113
170 32.27081 44.202217 28.804491
171 32.322857 29.03431 34.688843
172 32.32485 0.57735026 44.42265
173 32.32485 44.42265 44.42265
174 32.367744 29.081867 43.54212
175 32.243164 16.093105 23.552595
176 32.415752 39.660458 44.331745
177 32.42549 44.322006 39.035885
178 32.449917 6.939752 44.332344
179 32.477882 0.65090567 30.097057
180 32.454605 0.70710677 36.31496
181 32.454605 44.292892 33.29492
182 32.5147 35.25886 44.376274
183 32.524902 29.354836 30.28261
184 32.537094 15.621187 41.6159
185 32.564835 29.511173 25.907074
186 32.567863 11.834228 44.450035
187 32.582085 32.605972 44.46977
188 32.608597 6.265915 40.2893
189 32.627163 43.04041 29.191135
190 32.641926 30.25 44.552788
191 32.643986 29.670742 38.721176
192 32.61182 0.32755885 26.819872
193 32.666775 43.290714 26.611496
194 32.665318 15.236182 31.152452
195 32.68182 34.738163 40.922497
196 32.69562 14.682943 44.000145
197 32.70036 29.888824 23.516682
198 32.744946 43.37112 25.384684
199 32.70327 14.874495 34.20663
200 32.708885 14.901452 37.9257
201 32.7123 12.380416 41.647133
202 32.715733 29.927624 43.498333
203 32.715847 30.348324 33.923576
204 32.730736 42.19629 25.232483
205 32.737106 31.939398 27.659956
206 32.666794 13.295725 27.255344
207 32.747498 34.79603 23.5
208 32.747498 42.652836 23.5
209 33.315083 4.7755463E-14 23.5
210 32.747437 5.5478845 23.558216
211 32.7475 14.007668 23.5
212 32.944763 27.308788 23.497618
213 33.21392 27.776077 44.000065
214 33.37936 44.01272 24.982885
215 33.48552 32.649723 44.027214
216 33.6819 17.030258 23.498447
217 33.692726 11.593334 44.02961
218 33.708633 34.954517 44.066353
219 33.967113 42.694447 23.469345
220 34.829468 38.228615 44.13676
221 36.45589 7.652367 44.04196
222 35.071804 43.496277 23.521658
223 36.335556 44.136803 36.017147
224 35.841236 44.00687 26.368734
225 36.84121 44.351345 44.351345
226 36.276173 12.22367 23.485184
227 37.052345 44.108906 23.346355
228 37.521244 44.003277 25.11376
229 37.680042 30.01927 23.457243
230 37.99518 4.973063 23.414864
231 38.097553 43.597076 23.405329
232 37.505306 0.9265 34.545803
233 38.417202 14.350652 23.26254
234 38.494297 44.007767 23.260038
235 38.638355 28.420712 23.09374
236 39.14728 0.8495089 39.991795
237 38.817238 3.3517067 22.992393
238 38.976513 25.6612 44.000004
239 39.074852 0.57735026 0.57735026
240 39.074852 44.42265 0.57735026
241 39.119434 8.109406 0.62193125
242 39.144028 9.349732 22.629734
243 39.123096 41.74843 22.656956
244 39.169018 28.513987 0.671511
245 39.20461 0.70710677 9.946407
246 39.20461 0.70710677 14.333333
247 39.21591 44.299767 12.778413
248 39.261936 35.292812 22.415392
249 39.28918 44.41023 17.56895
250 39.30339 20.953703 22.327095
251 39.30432 7.455794 7.8363357
252 39.34954 44.493973 19.878124
253 39.45057 39.469337 21.6888
254 39.45641 3.2172482 21.65127
255 39.44777 6.1723666 16.856394
256 39.462887 9.536981 21.45869
257 52.542915 15.537823 15.948865
258 39.472572 17.077637 11.8416195
259 39.48132 28.716316 20.610466
260 52.60014 29.078861 15.740404
261 39.705296 44.006424 29.593796
262 39.6436 44.00145 24.490498
263 40.03085 44.024223 18.65524
264 40.767868 44.122013 15.598273
265 42.267685 44.000504 22.522198
266 42.64919 44.008156 18.89557
267 43.317127 0.97920674 17.00362
268 42.32854 0.8645723 4.544154
269 42.09997 44.292892 44.292892
270 43.75338 0.7071067 44.292892
271 44.88877 44.065506 39.316402
272 45.426697 44.061386 4.7194395
273 46.17573 38.790276 0.71758157
274 47.691715 21.976969 0.8153165
275 47.71276 5.742102 44.06249
276 49.787167 7.350146 0.7774572
277 53.55205 44.292892 0.70710677
278 54.74844 0.940973 5.780675
279 57.799965 0.93583006 39.6098
280 59.532597 37.650234 0.8684867
281 62.243587 0.99999994 21.998901
282 63.44171 0.70710677 0.70710677
283 65.76398 5.1480947 44.075848
284 66.06839 15.854154 0.9877369
285 66.98476 38.56204 44.03872
286 72.55802 25.308928 44
287 75.010895 44.292892 44.292892
288 76.366745 0.70710677 44.292892
289 78.5501 44.04672 5.9879236
290 78.77536 44 22.672197
291 79.50529 44.292892 0.70710677
292 83.71508 0.94978476 39.034756
293 87.38614 44.051205 39.146435
294 88.872826 14.163758 0.9917193
295 93.16435 6.7018604 44.03621
296 94.77923 44.292892 0.70710677
297 95.720726 33.80851 0.9645769
298 96.85881 0.9611613 6.0218997
299 99.15869 9.422383 0.93019634
300 98.320656 39.263206 44.05821
301 99.70019 0.70710677 0.70710677
302 102.7829 44.023907 7.700626
303 104.66819 40.708885 0.80287826
304 112.114 0.7071068 0.70710677
305 113.57454 29.66969 0.8825766
306 113.384186 44.292892 0.70710677
307 114.80811 0.94029886 38.99088
308 114.674675 6.2663183 44.055786
309 114.3732 39.058582 44.060917
310 115.239105 0.97703475 22.838291
311 114.251816 0.9501656 6.2944403
312 115.73333 44.06864 39.12921
313 116.884445 44.09819 4.645372
314 117.183395 44.04687 20.09277
315 118.33903 26.897041 44.072914
316 118.16679 44.297264 44.297264
317 119.46969 14.312925 0.79046345
318 119.515594 0.9097643 13.111372
319 119.466225 44.09082 15.413881
320 119.91807 0.6942503 44.30575
321 121.721756 0.672912 0.672912
322 123.38569 44.352722 0.6472795
323 122.99935 39.497555 44.220493
324 123.28 6.413223 44.21478
325 55.139046 25.735239 7.0670433
326 123.338295 44.204296 7.1341453
327 127.795395 0.7071068 18.552837
328 127.795395 32.255894 44.292892
329 127.795395 44.236294 13.741847
330 127.795395 44.292892 24.483402
331 127.79543 10.157688 20.644878
332 127.795456 37.858543 26.853683
333 127.79866 14.055065 8.832314
334 127.80057 44.298065 35.89615
335 127.807655 9.080821 44.305157
336 127.83178 0.6707257 6.638462
337 127.83311 16.015614 0.7463268
338 127.87806 36.466717 0.6244401
339 127.925156 0.57735026 0.57735026
340 127.925156 0.57735026 44.42265
341 127.925156 44.42265 0.57735026
342 127.925156 44.42265 44.42265
343 -15.610438 23.122149 36.16769
344 -3.321356 21.868141 35.872375
345 9.251904 22.633638 36.43243
346 20.756401 22.469925 37.307156
347 33.398354 22.800592 34.912746
348 46.552536 9.1185875 9.497811
349 47.09738 7.816098 22.515884
350 45.042053 9.127554 35.307457
351 46.752632 22.046139 22.320616
352 46.94761 22.01078 36.96511
353 45.29944 35.993923 9.274877
354 46.13462 35.33549 21.975304
355 46.006756 35.72089 35.81038
356 58.47756 9.344888 8.975662
357 59.42653 6.751776 22.08991
358 59.3757 9.056226 35.862877
359 58.796227 23.011208 8.6743965
360 58.66581 22.274498 22.565931
361 58.405785 22.872925 35.885902
362 57.34271 36.43928 8.278786
363 58.758556 35.423862 23.565954
364 58.414307 34.926296 36.420593
365 70.334816 8.028092 9.118614
366 70.68473 8.850563 23.234928
367 71.06246 8.795756 35.926365
368 71.528244 22.278471 9.373683
369 71.08325 22.27279 22.562778
370 70.53308 23.089714 36.443962
371 70.746086 35.485153 9.318835
372 71.38035 35.218292 22.586077
373 71.20676 34.803795 35.861874
374 83.452065 8.30606 9.580293
375 83.36273 8.672373 21.553825
376 83.60805 8.573135 35.91168
377 83.32149 21.449596 9.042772
378 83.491936 22.285433 22.595316
379 83.638145 35.50235 9.296619
380 83.44905 35.510166 21.720285
381 83.48166 35.830814 36.620094
382 95.84648 8.796985 9.343051
383 95.73188 8.73577 22.572548
384 95.88792 8.439629 35.63151
385 95.6984 21.726582 9.532961
386 95.91339 22.282068 22.565151
387 96.30745 23.127768 35.752804
388 96.213036 36.540283 9.619211
389 96.18918 36.337715 22.983692
390 95.39756 35.16292 35.978287
391 108.787926 9.002672 8.5513315
392 108.14552 9.118493 22.583475
393 108.2242 8.348544 36.529552
394 108.53107 21.6415 9.556305
395 108.333694 22.27827 22.512371
396 108.18769 35.885468 10.042888
397 107.58905 36.200764 22.589762
398 107.91245 36.779526 36.24413
399 120.28171 8.832013 9.464013
400 120.25861 8.527557 21.617083
401 120.47492 8.918057 36.521873
402 120.03287 21.312267 9.619411
403 120.49059 23.174444 23.173592
404 120.57649 35.679356 22.000113
405 120.2387 35.77639 35.710445
406 52.376167 15.44739 29.436707
407 64.84216 15.469643 15.656747
408 52.435204 29.008974 29.318247
409 64.93664 15.553409 28.861198
410 64.729645 29.022102 15.545368
411 89.72559 15.442296 15.769822
412 102.09625 15.547836 15.965279
413 64.86594 28.949547 29.27042
414 89.75321 15.556919 29.350761
415 89.81913 29.029411 15.834799
416 102.13982 15.33222 29.26027
417 102.12164 28.960373 15.855049
418 38.08866 1.0363674 30.135715
419 89.538185 29.091307 29.32239
420 102.1718 28.966936 29.266344
421 103.40863 44.00095 12.417047
422 89.804596 5.2700496 31.452232
423 78.69919 15.245129 44.000103
424 39.484936 0.9837843 21.546255
425 70.36687 15.709967 44.00008
426 103.51803 32.479458 39.317356
427 58.21988 0.99997807 28.820623
428 98.83137 39.411816 32.95242
429 63.731018 39.772236 16.727835
430 76.376465 8.915351 4.489511
431 62.175663 12.361333 39.060444
432 56.01651 31.334366 40.02463
433 127.81334 25.532166 0.6891598
434 88.08683 0.99984306 29.944897
435 102.86544 0.99960643 13.43206
436 91.72036 32.3035 39.795013
437 73.407845 12.047006 5.853563
438 69.78132 0.99997556 28.858189
439 73.93324 44.02394 14.4892845
440 74.13245 19.755547 38.524506
441 112.070854 44.0043 28.365997
442 99.33002 14.694043 40.300636
443 58.652767 8.513689 43.933033
444 124.41435 30.060087 31.605495
445 77.60617 4.624847 28.845415
446 34.357117 31.134665 44.006386
447 102.86284 31.326296 44.000553
448 74.421814 18.925838 5.2094865
449 90.095634 40.399006 16.328299
450 113.065254 40.49068 30.890812
451 90.14111 44.00028 29.725904
452 62.20716 30.737999 39.05337
453 39.394756 44.324043 21.265608
454 86.94474 38.602455 0.8620363
455 90.41679 26.761005 39.74558
456 57.404476 13.513077 44.016945
457 28.553118 28.371485 44.007233
458 105.90868 4.5172367 44.087284
459 59.309074 9.262226 0.89716035
460 59.42144 21.478893 0.95737314
461 -3.010749 31.784142 44.11346
462 53.13214 44 24.168518
463 53.526443 44.00018 30.112041
464 64.86197 44 22.166897
465 65.866615 44.032673 30.47481
466 99.25603 5.480598 38.514122
467 65.611626 44.00783 36.278194
468 95.91347 0.96946603 28.718334
469 96.034096 0.9943164 35.807354
470 83.038246 44.00597 8.84256
471 45.99187 15.341169 15.373221
472 58.688625 15.565082 15.789529
473 71.01927 15.362778 15.7811
474 95.87038 15.601984 15.894163
475 108.30811 15.582725 15.923945
476 120.168686 15.368351 15.76203
477 44.537315 0.9999389 22.242588
478 46.232533 0.9802589 28.729015
479 46.62134 15.224857 28.594093
480 108.38009 29.80086 44.000633
481 46.18457 30.054724 15.702698
482 101.722435 35.617485 44.006744
483 58.683765 15.4304285 29.22593
484 58.609135 29.098017 15.654711
485 71.00615 28.966343 15.738142
486 83.54252 15.671298 29.531614
487 83.44966 28.960691 15.764462
488 95.977066 15.412317 29.26128
489 96.013214 29.033058 15.872952
490 108.25578 15.476181 29.364536
491 108.35023 29.016722 15.782142
492 122.002525 16.05087 28.367752
493 120.06557 29.519722 15.349287
494 127.79541 22.127916 30.097773
495 80.7032 18.963171 40.65329
496 -3.0024269 14.713266 33.72014
497 46.1448 29.147635 29.296642
498 58.65947 28.914726 29.325792
499 71.080925 28.882225 29.28307
500 95.827774 28.98068 29.248186
501 108.37514 29.015913 28.90872
502 120.23638 29.93709 28.99791
503 50.895287 5.181459 12.565334
504 116.878235 44.04301 29.002962
505 50.881927 39.20721 17.617748
506 9.225667 28.251717 35.60961
507 33.2247 20.469673 29.150005
508 100.44925 38.857437 13.395931
509 86.51401 31.280893 39.84164
510 101.94084 44.292892 0.70710677
511 123.655495 0.80843556 15.832105
512 111.31279 12.502571 39.64489
513 116.547966 12.944278 39.471054
514 32.74363 5.955732 27.77713
515 103.42097 28.997213 4.7718616
516 56.310795 4.5740304 14.656266
517 102.788345 14.3716135 44.000156
518 75.00317 12.320568 0.93793964
519 -2.408223 29.183594 44.139427
520 76.7907 14.432347 9.270876
521 77.29162 15.418672 22.544567
522 77.68375 16.000734 37.278797
523 114.511444 14.8670845 9.558073
524 114.57828 15.70411 22.559467
525 114.00234 15.525947 35.623775
526 76.58279 28.386627 9.102102
527 77.28236 28.843407 22.538578
528 77.76158 28.80193 35.581966
529 114.49017 29.070034 9.041265
530 114.54707 29.164701 22.513332
531 -16.29119 30.38184 42.477898
532 -0.7348789 28.311808 44.003326
533 38.597153 39.225666 23.12505
534 52.727543 15.414817 9.452569
535 52.658745 15.508131 22.534834
536 52.116333 15.347096 35.963154
537 -17.287155 23.277452 44.001602
538 -1.462647 28.423609 44.00187
539 39.346985 29.284363 22.244465
540 53.214382 29.555986 8.388645
541 52.61098 29.069777 22.643179
542 52.376984 29.857128 35.96895
543 65.09147 15.647969 8.834714
544 64.557884 15.190092 22.419174
545 84.01215 8.0028515 0.90080464
546 64.955864 29.71283 8.705766
547 64.867744 28.968683 22.560738
548 65.3311 28.222197 35.793167
549 89.479965 15.018818 8.969033
550 89.68114 15.434054 22.644257
551 90.2287 14.957828 35.73907
552 101.969864 15.191565 9.500665
553 102.10198 15.491125 22.543861
554 101.18497 13.95032 36.00954
555 127.79517 11.644115 26.086134
556 127.79562 22.366194 17.000273
557 127.8348 30.12261 8.946701
558 127.772766 22.276394 22.56507
559 127.79552 35.48758 16.706861
560 89.58771 28.847095 9.36794
561 89.72042 29.16911 22.513288
562 89.11544 29.344196 35.80416
563 102.1654 29.899893 9.355438
564 102.094025 28.975666 22.52045
565 101.6728 28.890747 35.478817
566 96.028496 4.9003105 13.141681
567 127.79676 28.93633 19.726665
568 105.35224 39.783108 15.006967
569 65.085594 29.284433 0.9520587
570 77.336464 8.733277 15.756439
571 77.26688 22.177685 15.866913
572 77.22998 35.44132 16.307558
573 114.42756 9.032683 15.642181
574 114.389534 22.277418 15.804061
575 114.69779 35.38788 15.922598
576 76.92057 9.331963 29.667048
577 77.435616 22.375885 29.667135
578 77.328064 35.33607 28.813084
579 115.04989 9.15139 29.322466
580 114.504745 22.331438 29.275595
581 114.15875 35.922153 30.368404
582 71.98812 44.292892 0.70710677
583 52.70476 22.395731 16.309143
584 52.44754 34.786774 16.394127
585 58.779434 44.303307 0.7068725
586 66.18559 44.318058 0.7065406
587 52.34745 8.6716175 29.288563
588 52.648026 22.304995 29.237036
589 52.641064 35.029354 29.80686
590 18.87379 19.3903 44.031273
591 -30.67965 23.824438 31.139507
592 43.053658 25.067833 8.4888935
593 65.67707 9.388603 16.405983
594 64.82222 22.285666 15.6616
595 64.75625 35.08932 15.291738
596 75.29986 23.226088 0.99974114
597 64.90611 9.588819 28.957586
598 95.26116 22.125301 0.9988412
599 64.84353 22.19716 29.257261
600 65.07403 35.66625 29.385641
601 89.97297 9.229564 15.807746
602 89.68591 22.225138 15.839833
603 89.87021 35.18512 15.627105
604 102.617386 9.248877 15.048016
605 102.12102 22.25397 15.968464
606 102.31888 35.079155 15.818147
607 44.082516 14.558444 44.00003
608 66.27058 11.764391 36.870594
609 89.55414 9.697465 29.564362
610 89.74679 22.320553 29.371593
611 89.28996 35.527832 29.537605
612 102.13655 8.543394 29.05508
613 102.19399 22.288574 29.308632
614 102.51073 35.341785 29.142015
615 127.795395 19.776608 44.292892
616 94.93125 0.7067403 0.6990745
617 21.721678 16.75 23.581106
618 127.82376 0.6787399 27.738686
619 72.151405 15.872272 38.30532
620 66.02704 4.9585037 29.502083
621 53.075237 29.353552 0.87880945
622 -14.540342 25.675499 23.5
623 84.38728 5.268569 15.260882
624 77.32916 21.684534 35.280285
625 51.245365 18.573874 39.861885
626 75.086395 40.17219 15.834558
627 104.06821 15.414962 5.0314527
628 83.82708 4.6457415 30.997261
629 75.21172 18.770996 0.9991414
630 69.73637 39.781727 15.878347
631 63.315502 30.893082 44.00014
632 127.79772 23.998995 7.4518332
633 105.35428 27.035734 41.267616
634 127.7964 22.034962 11.704191
635 50.48818 0.70710677 44.292892
636 65.98817 13.397279 44.045662
637 78.39954 30.63486 40.035507
638 50.479057 0.9752877 19.138475
639 104.40798 31.721567 0.9636354
640 93.97082 13.807086 40.100315
641 124.11636 30.78613 24.079273
642 -34.746063 22.183058 26.48975
643 -16.944414 24.802803 28.250784
644 123.89462 29.406395 4.3720226
645 -12.708346 19.467703 23.5
646 50.11704 44.000137 18.898582
647 -30.364716 16.082651 35.915405
648 46.86256 30.674467 0.76370496
649 65.9609 4.5367937 16.272682
650 54.195145 14.613963 0.89019036
651 47.208836 0.954755 34.90985
652 50.862 18.808159 6.1006703
653 62.469738 40.18434 29.182121
654 45.48141 31.413279 40.184002
655 77.16811 44.000168 30.619793
656 116.31233 4.8902164 8.644312
657 55.39426 4.7101994 28.55899
658 71.95764 39.065247 37.627365
659 48.954067 39.75758 31.506298
660 74.246666 39.677246 29.351234
661 -20.617126 25.131596 30.909414
662 112.24991 4.701112 15.230579
663 51.79111 39.13588 27.431274
664 127.80742 38.461903 39.998974
665 127.79541 28.50636 36.62521
666 120.0595 0.89797634 30.597937
667 20.831772 28.250301 32.384308
668 50.37173 10.576674 39.963047
669 115.431595 15.47909 44.029446
670 42.30474 16.799427 29.064632
671 90.73551 27.854181 0.99803466
672 42.299232 29.861643 12.452133
673 123.824814 24.405788 34.96733
674 41.16249 12.978614 25.884777
675 43.011448 31.406012 31.210995
676 102.16315 28.07084 0.9336103
677 97.404205 0.9998508 14.565082
678 79.62597 44.00021 14.1486845
679 127.8017 35.99542 8.554373
680 81.3191 39.62194 16.853426
681 94.77266 0.93386644 40.138584
682 112.45218 5.2238965 30.129404
683 46.343998 44.00274 33.466152
684 100.81239 0.88131 40.402485
685 103.91594 39.945393 26.60483
686 127.7954 18.260088 39.995335
687 79.09754 5.1586623 12.8032255
688 -11.124351 22.223078 29.516802
689 36.519157 6.7563486 36.406803
690 77.48693 8.465483 0.8674344
691 92.22258 4.8686852 16.433619
692 54.64296 39.001694 31.920818
693 123.28963 13.435323 33.114124
694 37.816517 28.343594 32.75757
695 114.78532 4.5302534 18.949919
696 49.589993 16.222923 44.00002
697 50.264023 39.36517 36.923016
698 42.219593 11.241991 29.954271
699 43.350403 37.345036 44.01065
700 115.71887 21.794048 0.86528623
701 115.50179 0.97414166 31.361025
702 120.51472 8.108697 0.7357138
703 123.479256 4.891495 0.6706736
704 113.85889 32.000267 39.971046
705 -21.388721 29.687721 30.670647
706 102.996376 16.89881 0.98386
707 118.140465 4.800708 28.968884
708 99.21296 44.000317 13.658855
709 127.79541 30.198027 28.893045
710 47.561783 0.99156535 11.2442255
711 39.390297 18.292728 7.624748
712 44.828747 4.2202168 36.630035
713 121.61993 32.922634 0.7435952
714 -16.15941 30.204323 23.5
715 107.96318 29.35422 38.514126
716 113.96103 24.245771 44.01364
717 46.92949 0.93573225 39.81918
718 59.369965 28.66153 5.534738
719 39.415794 28.71272 8.900999
720 61.71391 4.577497 36.45981
721 40.272243 18.86328 34.29071
722 49.605827 27.8396 44.00014
723 123.52499 40.037918 28.270685
724 62.716003 44.09875 40.068203
725 39.036438 12.6257715 33.913887
726 112.824265 18.27494 5.266986
727 112.40329 38.955704 12.226202
728 95.59728 4.3127437 8.287253
729 51.200596 44.290874 44.248974
730 103.07187 39.723564 36.314884
731 127.79417 17.803263 30.450108
732 39.121933 36.46832 0.6244306
733 51.577698 44.000523 13.621428
734 122.31856 16.164177 38.031334
735 56.324913 44.292892 44.292892
736 124.43869 7.7296853 13.544236
737 40.34278 40.2954 44.1531
738 80.895035 40.108368 29.956467
739 90.831184 4.457368 8.766959
740 -2.979894 30.01553 31.204782
741 83.336754 27.196602 38.32012
742 83.568275 14.772588 39.676983
743 94.29918 15.462664 44.00007
744 64.804405 8.417277 0.8481173
745 47.54574 16.237682 4.508452
746 53.244114 4.7950716 24.137947
747 58.978947 39.853065 16.480068
748 39.480927 26.98016 12.831205
749 66.8438 0.99972034 13.220259
750 119.92748 21.38177 36.036617
751 65.87368 44.0405 9.327213
752 66.3042 24.191227 40.038357
753 38.4362 25.593037 37.65339
754 86.24179 44.000534 31.911715
755 63.116367 44.07597 4.671711
756 68.92355 44.074924 4.915378
757 38.358727 18.921438 40.00141
758 107.752655 5.397562 15.073143
759 -20.356668 26.762867 37.526737
760 87.2554 44.292892 0.70710677
761 60.974678 5.5081425 16.948044
762 115.70763 8.176873 0.8032823
763 52.146263 0.9997829 14.348824
764 13.500163 21.056187 29.987679
765 38.615677 34.08866 23.185501
766 36.56049 36.626785 34.443832
767 97.90003 15.641623 5.2400584
768 35.117363 25.430475 30.566008
769 39.240917 33.36222 35.076813
770 127.79573 3.9346519 31.063332
771 127.80224 0.70026153 36.444336
772 90.903435 39.8559 21.7072
773 39.484695 18.150433 20.269518
774 100.7034 8.0455 44.01011
775 53.71639 34.092266 6.069491
776 117.90237 8.658443 4.8969355
777 127.795425 16.916245 25.15098
778 40.662884 10.091966 38.460545
779 127.795425 32.2916 34.459675
780 45.845135 24.345427 4.822613
781 100.24902 40.74494 8.44982
782 113.215706 36.80662 0.7986789
783 -20.912142 29.697361 23.5
784 95.85272 40.463066 14.18651
785 52.763596 11.795259 44.001366
786 80.681 44.05281 39.45939
787 101.76549 34.1637 4.673647
788 43.028675 3.6608438 41.110794
789 127.88725 6.9809113 0.61525184
790 46.169052 23.968798 44.000107
791 -18.815485 19.305525 30.114489
792 110.610146 7.6526413 12.154983
793 58.369564 27.574694 40.431458
794 51.841774 39.906445 22.306799
795 74.08406 7.6145163 32.603695
796 127.79696 38.25006 35.70951
797 101.24415 21.963718 40.389378
798 71.651794 44 20.399565
799 32.63016 0.90786874 27.035671
800 25.633545 28.696291 44.074463
801 100.79198 9.877832 39.14675
802 91.12919 5.0557013 36.37118
803 70.73701 0.9998617 15.511623
804 71.50574 0.9999999 21.410286
805 14.279195 19.5477 33.9073
806 83.197426 0.99999976 21.954298
807 93.38142 44.000057 16.254059
808 101.645134 0.99990875 28.941
809 106.895905 0.994948 35.577244
810 108.38407 0.99967736 16.145061
811 86.73488 0.7040461 44.29595
812 90.94162 0.7028042 44.297195
813 108.33657 0.69767106 44.30233
814 46.31345 44.357773 0.64222854
815 108.5629 9.086761 44.008163
816 53.5078 44.04367 38.905895
817 80.01751 39.042908 38.626236
818 65.62148 35.8385 5.010523
819 98.554 0.70710677 44.292892
820 78.622086 20.83602 44
821 48.991085 4.7772427 27.032299
822 5.070373 20.761684 29.629854
823 62.974644 0.9998349 30.046253
824 39.2818 33.390114 5.5871453
825 49.08126 44.00008 28.923584
826 69.47233 44.002857 24.996872
827 127.7954 26.02084 40.14125
828 54.747612 26.653173 38.436287
829 78.74568 23.47091 38.857624
830 26.261154 28.43241 44.06996
831 67.449554 33.615788 44.001015
832 96.90355 44.0948 40.861897
833 63.301613 9.633477 44.006046
834 39.13655 15.152265 0.6390442
835 71.94263 39.78754 20.369047
836 85.435265 44.294918 44.294918
837 94.011 44.296555 44.296555
838 47.51324 32.24325 44.005215
839 59.40604 28.963903 0.95326483
840 103.02335 44.298275 44.298275
841 -2.260043 28.708014 35.917477
842 57.67485 40.165485 26.846552
843 37.886566 21.179056 29.729534
844 89.75197 32.11799 0.9797511
845 83.801216 11.584181 15.549483
846 0.13376223 21.975756 27.635029
847 29.361998 16.636845 44.01023
848 118.215385 39.077404 13.369503
849 112.256836 44.0056 14.791824
850 15.541919 16.74988 30.87257
851 67.17361 4.5263977 5.5436816
852 -23.668472 29.480173 34.65159
853 127.80976 41.47934 8.065181
854 13.344382 24.16886 32.951756
855 88.092964 14.1251745 44.000114
856 97.78014 11.964622 44.00137
857 52.398674 44.0299 7.2053223
858 44.291504 28.252274 44
859 42.39581 28.906166 38.66016
860 127.829155 12.612022 4.7723413
861 124.37978 38.837784 18.71969
862 52.21842 7.0396194 35.752888
863 47.076336 15.466405 9.318107
864 46.363827 15.139655 21.962473
865 44.65555 15.2432995 36.50986
866 58.613106 15.691896 9.202977
867 58.67533 15.75581 22.521666
868 58.47141 15.379385 35.293686
869 71.07251 15.599337 9.436059
870 71.08048 15.508983 22.56507
871 83.343094 14.879077 8.908246
872 83.55609 15.471194 22.515923
873 83.84921 14.7017 35.19638
874 95.72464 15.207789 9.552612
875 95.88592 15.50098 22.59371
876 96.01905 14.582346 35.611416
877 108.03416 15.717517 9.336987
878 108.31412 15.568774 22.535666
879 108.00076 15.702271 36.573997
880 120.06008 15.153534 9.49673
881 122.28026 15.91551 21.706993
882 32.74747 9.777776 23.529108
883 39.475986 22.723558 12.40354
884 -20.369326 15.21667 23.5
885 21.851517 16.74602 35.934414
886 37.532726 35.57432 23.493092
887 46.257515 28.75061 7.8795376
888 46.557964 29.115473 22.520136
889 45.84871 30.709694 35.489372
890 58.691807 28.973682 22.640373
891 58.60992 29.058233 35.991455
892 70.83068 28.897324 8.591244
893 71.07177 28.887493 22.545662
894 70.72791 29.186287 35.505936
895 82.91036 28.824474 8.737315
896 83.489685 29.020676 22.44708
897 102.43329 0.88531816 3.8798392
898 96.18016 28.694801 9.6387
899 95.94268 29.095522 22.572603
900 95.3748 28.549833 35.666866
901 108.50165 29.165785 8.894317
902 108.35609 29.087145 22.518248
903 120.05729 29.110329 9.364618
904 120.57837 29.711199 21.245028
905 120.69841 29.279541 35.24559
906 120.75394 22.276394 0.75725883
907 100.24395 38.333557 4.8451276
908 33.055145 17.382862 44.00025
909 76.83715 4.7409062 44.085514
910 82.78452 22.517735 44
911 92.79936 17.531197 5.791537
912 89.7429 29.125717 44.000076
913 83.21663 36.205997 44.007896
914 -24.655354 15.607513 40.61359
915 109.08163 39.51894 17.810303
916 79.1345 17.89773 6.8431516
917 39.487442 32.178593 15.400725
918 89.08156 39.72994 26.56551
919 86.67711 5.319749 35.299896
920 63.127472 44.00042 13.514773
921 78.64763 9.177499 44.009243
922 83.46428 16.224556 44.000027
923 47.24112 8.886801 15.842465
924 47.304768 22.352247 15.228821
925 47.071514 35.972015 16.141146
926 58.364902 9.347984 15.535585
927 58.627823 22.376413 15.647967
928 58.763046 35.335297 15.257663
929 70.65587 8.452021 15.21219
930 71.02216 22.244509 15.822359
931 70.7839 35.03916 15.57641
932 83.45913 22.185732 15.785224
933 83.75117 35.47154 15.642522
934 95.653885 9.28795 15.78109
935 95.89334 22.234102 15.931515
936 96.096016 35.370323 15.135154
937 108.447105 9.520175 15.965665
938 108.31292 22.26312 15.939138
939 108.35924 35.177944 15.81159
940 120.07982 8.963172 15.856324
941 120.481705 21.634247 15.026938
942 120.82303 35.211964 16.306187
943 30.696379 28.267672 44.050026
944 78.2348 36.0391 44.036106
945 82.535164 30.860409 44.000145
946 87.52618 33.651184 44.001247
947 46.084213 8.234893 28.802328
948 46.758987 21.390362 29.43085
949 46.98979 35.672726 30.000149
950 58.251587 8.737192 28.141882
951 58.646908 22.292654 29.297754
952 58.819622 35.335728 29.473131
953 70.26724 8.964001 29.404436
954 71.15024 22.289505 29.499582
955 71.30211 35.359966 29.050768
956 83.517525 9.921883 30.06864
957 83.88615 22.312534 29.50597
958 83.10414 35.733616 30.409876
959 95.46213 7.930261 29.292019
960 95.94699 22.305706 29.336058
961 95.94389 35.268135 29.46795
962 108.25366 8.58234 29.171076
963 108.33438 22.316063 28.883934
964 108.058685 35.881546 29.684444
965 121.734856 9.323201 29.411001
966 119.65893 35.79556 30.045713
967 -13.614321 18.988527 34.14589
968 61.261063 0.9997504 14.899784
969 61.958363 13.079684 5.057216
970 55.785557 12.5402355 7.5868917
971 40.402416 39.31965 37.964916
972 70.93793 31.744928 40.386078
973 80.181046 33.789978 5.4301777
974 77.83159 44.039864 35.095177
975 108.29231 0.99946696 30.023737
976 52.53383 37.821686 0.8095213
977 97.77881 0.99999636 18.821962
978 -30.479368 20.023151 27.338734
979 -2.7042634 15.787427 28.79025
980 -7.5467806 26.145662 33.70018
981 -11.1826 18.303526 40.06664
982 112.88947 44.0109 8.8612
983 127.79721 11.736325 15.136115
984 -2.9893851 14.553077 26.083769
985 87.14029 17.768993 5.5257
986 37.05118 13.37642 40.473717
987 15.383844 21.859327 23.5
988 70.49328 0.9944077 9.197928
989 117.38845 23.93198 5.74618
990 78.41102 0.9999997 22.93346
991 43.39915 19.504658 18.218822
992 51.42021 0.9987859 33.27103
993 55.394142 8.329175 12.726636
994 79.0115 27.103394 44.000008
995 88.85182 0.99999976 21.926323
996 103.34087 38.001213 40.316486
997 84.13156 0.9994471 12.68357
998 88.93811 0.9968232 10.762392
999 116.67858 33.056183 44.04464
1000 127.864075 44.361572 4.5421786
1001 116.57539 32.573524 5.0595803
1002 66.04326 16.910925 37.30866
1003 127.799324 7.8808413 10.298893
1004 36.603355 34.267178 28.116522
1005 97.9462 16.296503 0.9936082
1006 32.724255 6.422092 34.240765
1007 77.88405 0.99069196 36.760952
1008 104.47264 5.373557 0.8303215
1009 108.3337 14.135513 0.89119893
1010 108.85901 8.897583 0.8858671
1011 41.34457 6.727803 44.080036
1012 123.89529 0.80091375 10.526637
1013 -26.406519 22.932224 31.019014
1014 103.444565 9.779143 5.1993184
1015 112.44198 18.014158 39.585083
1016 48.01885 0.93142223 4.8830566
1017 70.34499 0.7071068 0.70710677
1018 69.48493 9.92331 44.004776
1019 76.449486 0.7085975 0.7397809
1020 41.720333 19.831274 44.00401
1021 85.73586 0.9476073 5.8889627
1022 32.71438 39.730507 34.252964
1023 42.82468 33.82629 0.69780535
1024 118.025246 18.947578 39.324207
1025 39.477425 11.024336 14.617733
1026 -23.269094 15.199292 44.31362
1027 50.075775 32.52676 4.665631
1028 -4.886567 22.89058 30.523497
1029 80.63336 0.9957885 9.532224
1030 61.989323 19.275902 5.7567043
1031 15.902984 16.7264 38.865704
1032 122.388245 44.157616 20.698093
1033 5.1587605 16.745426 23.499865
1034 96.13004 44.005764 8.819995
1035 35.49382 33.399376 37.464237
1036 111.64211 40.122215 5.7851357
1037 77.69266 35.15737 0.9408575
1038 84.196945 28.839785 0.99609035
1039 71.073 27.952885 0.945291
1040 77.31129 29.38503 0.9949485
1041 71.10016 5.095828 44.079807
1042 87.201454 8.863464 39.67593
1043 81.34217 4.6565814 5.61491
1044 83.934814 22.441265 0.9998689
1045 71.72392 34.91948 0.9456539
1046 75.40703 38.099827 5.0276713
1047 120.06403 31.776524 40.150276
1048 75.096596 30.552862 44.018055
1049 49.51431 34.200935 0.8003658
1050 104.625244 5.1703672 32.184074
1051 79.50017 5.3523984 18.042974
1052 3.3848495 24.954391 29.462301
1053 60.486618 18.595766 44.00676
1054 36.84501 11.779846 27.838655
1055 54.404896 37.302605 13.372194
1056 47.465454 36.007496 40.460274
1057 -29.112328 16.069895 28.579775
1058 89.81428 0.951203 37.609097
1059 57.185265 5.2934117 32.766453
1060 102.295975 44.00031 30.40984
1061 43.67645 27.114191 34.481136
1062 115.661316 38.699047 26.351383
1063 38.909306 39.451725 26.351826
1064 108.3337 44.03927 30.481335
1065 92.229416 39.25498 32.748085
1066 90.63355 44.004726 34.57998
1067 86.53785 38.86223 11.693238
1068 74.32907 32.625053 5.475905
1069 38.510193 20.266733 23.191565
1070 69.70451 10.781217 0.8999948
1071 123.455536 25.870686 16.486246
1072 73.79959 5.098254 40.080173
1073 58.756805 44.000145 29.09962
1074 42.71553 4.8632407 31.886713
1075 101.35513 22.776768 0.99040663
1076 89.50034 22.418427 0.9998099
1077 29.123844 28.375952 44.10952
1078 123.90125 44.193977 16.093327
1079 77.12264 9.037009 22.796776
1080 77.16533 8.838488 35.93874
1081 76.96456 22.296387 9.5118475
1082 77.29056 22.261637 22.614674
1083 77.120476 35.775543 9.125323
1084 77.52739 35.4758 22.545519
1085 78.36102 33.750473 36.259068
1086 114.28187 9.032378 9.159832
1087 114.572556 8.925377 22.477625
1088 113.44591 9.064072 35.585957
1089 114.4105 22.461733 9.729205
1090 114.5101 22.366962 22.54511
1091 115.421326 22.248266 35.54558
1092 115.38522 35.784626 9.006492
1093 114.735855 35.790386 21.809969
1094 113.96295 35.077805 35.934376
1095 37.933582 21.039825 23.36978
1096 52.516068 9.874343 9.443012
1097 53.36484 9.403244 22.90365
1098 52.62186 22.265053 22.553528
1099 52.13777 22.547684 35.643497
1100 52.367958 35.40846 22.164959
1101 51.775063 35.45295 34.583454
1102 -21.688187 22.337763 36.000896
1103 121.556145 34.617188 44.146057
1104 -9.174439 22.244354 35.912075
1105 -11.484244 14.325982 35.39147
1106 64.23779 8.965572 7.673161
1107 64.99534 9.527157 22.558203
1108 65.24567 8.315367 34.693455
1109 65.14399 21.737019 9.541355
1110 64.86065 22.256893 22.52858
1111 64.4979 22.26213 35.467735
1112 65.04735 35.931854 9.256364
1113 65.029816 35.118614 23.146946
1114 65.2076 35.27099 35.71417
1115 32.713383 0.8382788 24.334812
1116 32.7475 0.93565303 23.5
1117 89.39248 8.734903 8.305036
1118 89.39864 8.682636 23.250359
1119 89.61841 9.3013735 35.064793
1120 89.45158 21.85246 9.33709
1121 89.70652 22.285257 22.570648
1122 88.49136 22.101566 35.438004
1123 89.39537 35.86261 9.088457
1124 89.96263 35.60145 22.523046
1125 89.32407 35.375633 36.290688
1126 102.25059 9.199498 9.9018545
1127 101.904755 9.059087 22.733418
1128 102.07582 8.555754 35.200146
1129 102.19669 21.41961 9.848959
1130 102.11609 22.272678 22.557789
1131 101.11212 22.543852 35.635715
1132 102.290955 35.550835 10.028958
1133 102.29199 35.38073 22.038414
1134 101.999596 35.305553 34.933167
1135 105.9071 0.70710677 0.70710677
1136 36.651535 40.06548 31.62503
1137 123.72672 36.430244 31.880083
1138 54.095955 8.454973 4.622662
1139 -22.86269 25.027702 27.08039
1140 21.304829 23.614117 29.213255
1141 119.82972 16.558123 44.10395
1142 104.502754 11.910096 39.724136
1143 120.75394 22.276394 44.133724
1144 82.18487 40.051365 5.022129
1145 -27.283184 24.641495 26.41193
1146 52.747528 5.0649714 31.960346
1147 30.597706 16.445887 43.999645
1148 91.59291 9.500152 39.760887
1149 90.04559 4.5139217 41.06215
1150 79.62843 23.795647 5.300308
1151 45.632675 40.44303 19.53957
1152 59.19262 11.203061 22.768291
1153 39.145382 44.36121 6.6778817
1154 40.886864 31.864412 44.000633
1155 122.81114 26.793682 26.28278
1156 123.180695 11.784105 19.80331
1157 20.04734 16.72515 39.766617
1158 127.8345 38.538895 44.33201
1159 51.462513 4.614302 7.8337245
1160 42.452057 35.929295 27.545
1161 16.255516 28.250319 31.847492
1162 108.11283 0.98012286 22.725418
1163 -14.352087 14.614946 23.5
1164 90.96935 40.177937 38.290516
1165 124.38598 37.262665 4.5092106
1166 100.664185 0.99999964 23.27045
1167 49.11273 32.85103 38.012745
1168 39.32729 13.86014 22.393347
1169 39.43113 37.921726 14.367102
1170 -23.346529 29.522156 40.127583
1171 98.82415 5.523586 32.125828
1172 73.691635 10.795298 39.545326
1173 73.84413 5.9340587 19.285158
1174 110.75071 12.851055 7.6344137
1175 109.63001 4.6911454 4.3823857
1176 54.712498 1.0180501 25.882063
1177 -18.720285 22.06234 23.499908
1178 48.482246 5.3301015 32.01976
1179 -16.396313 14.81892 32.37155
1180 87.36101 0.99998665 16.758074
1181 58.344326 44.000008 17.214867
1182 58.652767 44.001728 22.56507
1183 67.74911 12.668157 5.544655
1184 113.92465 0.9335953 11.052845
1185 127.81358 0.68891627 12.59565
1186 118.77938 11.04846 44.08327
1187 54.02029 27.000711 44.000008
1188 -6.5480723 27.821619 39.260098
1189 121.2764 40.55811 4.140688
1190 104.95107 5.2280135 25.899519
1191 127.79617 18.007242 13.034905
1192 93.83785 6.754195 0.8728942
1193 117.86601 8.320106 33.076958
1194 75.30093 39.71243 0.83326906
1195 -8.500622 30.970203 28.06195
1196 44.78939 24.951899 17.95084
1197 88.066055 5.8883657 19.436255
1198 73.52247 4.7031093 0.8175185
1199 57.842056 29.744654 10.2073765
1200 83.64196 12.87068 0.9788913
1201 123.585754 34.236927 27.735209
1202 42.367466 39.56765 32.07276
1203 60.684834 39.557804 44.062027
1204 86.30049 0.70710677 0.70710677
1205 70.80878 36.224785 4.922687
1206 39.67549 10.62521 44.05848
1207 42.849392 13.054541 10.930285
1208 111.04766 24.679182 5.3869457
1209 108.84319 20.10916 0.94501865
1210 80.56054 37.38736 12.676182
1211 -22.324764 27.464432 44.05585
1212 23.525381 24.145039 34.169464
1213 61.881195 6.3513813 40.37033
1214 55.670895 44.00282 33.935192
1215 -7.674666 31.055038 35.663967
1216 67.13177 4.648429 21.991728
1217 72.04553 36.571598 44.014023
1218 61.068684 44.002335 33.174652
1219 95.95303 28.07084 0.9690026
1220 114.12732 0.6959607 44.30404
1221 97.11913 40.017567 38.663387
1222 64.58286 0.99428463 35.506
1223 45.702503 18.541328 40.659184
1224 100.53639 37.403786 0.8803416
1225 92.5097 18.486576 38.7734
1226 73.788925 11.742647 19.186987
1227 74.171196 18.785637 19.19996
1228 80.72633 12.078324 19.068367
1229 80.40193 18.792696 19.18135
1230 111.4071 12.390298 19.243256
1231 111.37936 18.967026 19.239033
1232 117.80417 12.448316 19.444323
1233 117.67456 19.140802 19.51918
1234 74.12623 18.694778 13.024917
1235 79.89344 18.493118 12.295122
1236 111.705154 18.784788 12.348294
1237 117.228806 18.622313 12.835974
1238 74.1609 25.560556 19.203186
1239 74.21119 31.996983 19.19096
1240 80.378944 25.5749 19.165869
1241 80.40536 31.955566 19.105587
1242 111.41263 25.694626 19.16629
1243 111.27054 33.177746 19.163696
1244 118.07266 25.465956 18.868032
1245 39.406727 22.686712 8.078339
1246 117.117546 32.239872 18.908354
1247 73.88453 11.586187 12.417084
1248 80.3118 11.701261 12.703453
1249 111.45559 12.815094 12.63592
1250 117.09187 12.148111 12.743663
1251 74.042404 12.3006525 26.14042
1252 74.26356 18.941425 26.069355
1253 74.092896 19.149878 33.277126
1254 80.36714 12.5556965 26.085161
1255 80.33723 12.566106 32.965885
1256 80.46677 18.973747 26.134178
1257 74.05387 25.539482 12.999107
1258 74.126205 32.351994 12.408573
1259 80.22382 25.426514 12.418059
1260 79.981804 32.356647 12.436691
1261 111.47876 12.479518 25.945452
1262 111.13624 11.83418 32.5781
1263 111.4411 18.960695 25.901863
1264 110.77162 19.482908 33.013138
1265 117.92208 12.657462 25.726757
1266 117.93304 12.601166 33.400444
1267 118.03611 19.104729 25.616264
1268 118.01829 18.650469 32.565636
1269 111.40795 25.592415 12.463248
1270 111.560745 32.335 12.468344
1271 117.81896 25.466467 12.40898
1272 117.6489 32.578243 12.174696
1273 37.559864 0.99743766 23.475937
1274 74.20906 25.572979 26.02321
1275 74.47284 25.793098 33.584366
1276 74.27989 31.94433 25.842503
1277 74.28315 31.621336 32.29136
1278 80.45205 25.59779 25.973343
1279 80.427795 31.980927 25.811356
1280 80.03329 32.209763 32.13786
1281 111.45008 25.732418 25.82863
1282 111.955414 25.230644 32.346184
1283 111.568634 32.92633 25.984314
1284 110.562195 31.580877 33.242504
1285 117.591 26.002235 26.101357
1286 117.9975 25.299053 32.541515
1287 117.756996 33.024307 25.832235
1288 117.18254 32.39781 32.431316
1289 49.58952 18.809221 19.044785
1290 55.653286 18.943686 19.21586
1291 61.740696 18.87957 19.08459
1292 127.79602 34.32171 38.263363
1293 127.7958 10.644537 35.347042
1294 39.153664 22.195122 0.6561572
1295 119.29325 0.8580719 4.477022
1296 83.770966 44 22.775646
1297 84.54773 44.000023 17.00022
1298 103.67111 44 23.011513
1299 66.58579 44.00001 17.179104
1300 9.200067 28.25 23.5
1301 -2.8834722 14.945038 43.282166
1302 108.72041 0.95983094 6.6022615
1303 49.912457 12.228112 12.726483
1304 49.83642 12.106212 19.184008
1305 49.645527 18.354584 12.3930645
1306 52.602016 21.527939 44
1307 55.662548 12.698914 12.704312
1308 55.94865 12.217206 19.280207
1309 55.526173 19.260195 12.213468
1310 49.719387 25.742397 19.118664
1311 49.815777 31.87959 19.221386
1312 55.66775 25.715708 19.198551
1313 56.01555 32.350216 19.287846
1314 61.93048 12.536743 12.324206
1315 61.721355 11.550845 18.458315
1316 61.78633 18.980524 12.380381
1317 61.73816 25.653034 19.099886
1318 62.033756 32.351124 19.20906
1319 49.754086 26.037739 11.933277
1320 49.304577 32.8194 12.300431
1321 55.75941 25.695572 11.99632
1322 60.68434 0.91113365 5.179066
1323 73.38587 0.94737226 5.7648063
1324 89.562126 44.126873 4.6030607
1325 49.7043 12.348419 25.787611
1326 48.868286 11.658534 32.238365
1327 49.681335 18.718801 25.734869
1328 49.87751 19.2278 32.089752
1329 55.55975 12.821028 25.99763
1330 55.398647 11.843365 32.480907
1331 55.627117 18.936962 25.920597
1332 55.525375 18.931755 32.436333
1333 61.785 12.059781 26.283918
1334 62.11752 12.301025 32.442184
1335 61.741123 18.87237 25.86192
1336 61.99314 18.72906 32.69848
1337 61.804333 25.867311 12.334781
1338 29.832739 16.645037 43.98354
1339 67.91268 18.85707 19.138733
1340 49.664467 25.569588 25.954126
1341 48.635277 25.579113 32.168472
1342 49.64649 33.33404 25.948662
1343 48.976974 32.14805 32.41215
1344 55.6339 25.639555 25.954576
1345 55.436863 25.839901 32.522865
1346 55.575565 31.98147 26.146828
1347 55.549263 32.185646 32.26442
1348 86.61392 18.847961 19.175642
1349 92.78594 18.893986 19.231293
1350 98.99943 18.904783 19.269274
1351 -2.7016098 15.15706 44.153553
1352 105.207794 18.896706 19.259947
1353 61.770195 25.595142 25.923075
1354 61.71726 25.593536 32.498543
1355 61.830414 31.97367 26.16694
1356 61.933517 31.806776 32.650936
1357 68.03755 12.519573 19.189665
1358 68.08944 18.802837 12.465984
1359 87.100105 12.088922 19.187443
1360 86.55362 18.61488 12.400997
1361 92.75689 12.4791975 19.286621
1362 92.67827 18.683157 12.600234
1363 98.96708 12.412931 19.135492
1364 98.92445 18.657228 13.077934
1365 104.92455 12.028626 19.090767
1366 105.19519 18.669804 13.085605
1367 67.545586 12.007033 12.240279
1368 67.978516 18.880747 25.853603
1369 68.14887 18.596945 32.681816
1370 67.715836 25.64762 12.07086
1371 67.92642 25.599638 19.11038
1372 67.85928 32.206646 12.248986
1373 67.94661 32.04284 19.15436
1374 92.68808 12.428075 12.471971
1375 98.97058 12.342649 12.849194
1376 105.664536 12.093602 12.8189535
1377 86.66088 18.896286 25.97798
1378 87.01029 18.15804 32.37244
1379 92.823715 18.891499 25.98011
1380 93.12213 19.057964 33.026367
1381 86.4755 25.501425 12.472691
1382 86.60504 25.631393 19.167677
1383 86.562546 32.179985 12.396738
1384 25.334717 28.480324 43.20121
1385 86.72473 32.19394 19.03539
1386 92.81775 25.539846 12.696479
1387 92.830284 25.6815 19.223314
1388 93.40363 32.28877 12.081295
1389 93.314095 32.577908 19.115509
1390 99.03439 18.860975 25.941406
1391 99.13258 18.66506 32.769962
1392 105.21446 18.86826 25.885012
1393 105.08368 18.738811 32.74274
1394 99.05412 25.49503 12.827902
1395 99.02138 25.636494 19.244041
1396 99.20176 32.389133 12.883526
1397 99.086395 32.243 19.108955
1398 104.92931 25.550629 12.420632
1399 105.22982 25.625378 19.207989
1400 105.313576 31.91252 12.620269
1401 105.21569 31.861221 19.127005
1402 67.892006 12.535375 25.88255
1403 67.737656 12.77621 32.24813
1404 67.97865 25.562325 25.921846
1405 67.940865 25.583586 32.13461
1406 68.078865 31.898798 25.995716
1407 68.07042 32.08171 32.395306
1408 90.51445 44 22.359636
1409 86.19208 12.134974 26.023142
1410 86.74066 12.517027 32.463318
1411 92.702995 12.221521 26.028383
1412 92.923225 12.206858 32.259956
1413 98.90733 12.010931 25.909788
1414 98.870445 11.684331 31.913227
1415 105.1687 12.148415 25.913528
1416 105.10741 11.849008 32.62571
1417 86.63517 25.730408 25.921278
1418 86.18075 33.35218 25.811348
1419 85.736984 32.290066 32.870197
1420 92.790215 25.684105 25.939571
1421 92.43294 25.59333 32.672127
1422 92.7816 32.425568 26.006773
1423 92.45881 32.21213 32.664764
1424 99.021904 25.647984 25.913275
1425 98.86997 25.705196 32.35247
1426 99.09692 32.25193 25.902004
1427 98.85709 32.11337 32.179043
1428 105.23241 25.640383 25.833805
1429 105.84195 25.271404 33.179108
1430 105.23024 31.886217 25.840431
1431 105.19663 32.046257 32.93791
1432 111.26663 33.53385 5.3749685
1433 42.580124 34.574886 39.838467
1434 70.57121 19.508612 0.99787635
1435 43.58856 39.98998 12.076155
1436 119.92806 18.382399 5.192982
1437 99.82594 7.440127 18.15329
1438 74.91034 0.9997697 30.839878
1439 107.82744 17.980566 4.5720906
1440 92.27254 11.659931 5.5764365
1441 107.3873 44.292892 0.70710677
1442 38.197296 0.6700658 44.329933
1443 7.5958896 22.9912 44.00127
1444 52.20979 0.9701277 38.01083
1445 112.044334 40.16109 37.025276
1446 -24.281433 23.041283 23.497368
1447 127.795395 44.292892 30.348202
1448 42.840225 8.637826 13.381979
1449 20.55989 23.445822 41.45762
1450 124.28631 33.665844 40.465656
1451 61.27005 44.00794 9.316172
1452 106.904335 35.52583 44.005756
1453 91.79634 21.862534 44
1454 87.627716 6.2341037 44.047756
1455 53.093338 3.9359906 17.339315
1456 112.35434 44.006744 34.08392
1457 97.47826 33.22961 44.037907
1458 78.41377 38.29893 33.69559
1459 62.000042 6.970479 31.74006
1460 91.417755 0.95551556 5.911756
1461 92.629 36.155014 44.045547
1462 69.48361 27.471825 39.72028
1463 61.802006 25.569084 38.65264
1464 123.704315 27.826674 40.075485
1465 114.45456 44.015984 24.12927
1466 40.41998 5.071622 37.69055
1467 99.390465 38.518764 26.26035
1468 42.157 21.64887 14.513579
1469 110.16257 39.627815 26.40526
1470 44.70831 0.6170327 0.6034109
1471 48.1182 14.8260765 39.945175
1472 127.829544 6.5275598 5.258106
1473 123.840454 5.9743624 19.665874
1474 124.10597 18.021431 8.737503
1475 73.73876 5.1487126 13.689111
1476 99.51621 5.680629 26.058231
1477 66.77957 0.9999966 18.713081
1478 42.923668 23.554523 39.224636
1479 -19.435122 15.0965395 35.989414
1480 100.51194 44.000004 25.95764
1481 58.872005 39.25649 40.098537
1482 92.44081 17.967627 0.99881005
1483 42.782204 0.907906 9.520081
1484 49.834366 39.30672 11.936632
1485 127.796104 33.475613 22.967411
1486 23.305573 28.250538 28.771404
1487 78.20138 0.9999893 27.160511
1488 113.901695 14.224219 0.84083116
1489 112.54435 7.7120876 4.6484494
1490 103.018555 12.65513 0.9652804
1491 75.17358 23.040195 41.30049
1492 68.93323 38.734497 33.49855
1493 98.99585 30.11031 6.253399
1494 54.21067 6.9820623 44.03028
1495 97.28883 26.98868 44.000008
1496 68.858635 19.821611 5.2355094
1497 127.79546 17.080757 21.183952
1498 123.745926 40.596783 23.0304
1499 60.88869 39.81007 5.593729
1500 62.64779 8.011134 12.755925
1501 123.988655 8.957984 5.332794
1502 107.87579 44.003696 10.387113
1503 53.884666 21.840229 0.8988785
1504 42.74672 8.0219145 4.669737
1505 116.77656 38.151226 33.98407
1506 44.59691 4.975516 18.314882
1507 86.291084 11.391047 5.6205616
1508 127.794914 13.330131 30.616581
1509 91.79098 6.681709 26.491013
1510 3.9377859 16.683552 40.433563
1511 65.05568 0.9922603 8.766172
1512 74.34891 44.000008 26.39177
1513 86.649025 31.973503 5.4848166
1514 44.669643 11.896877 5.015808
1515 -11.790047 23.17462 40.498062
1516 74.458115 20.24501 44.014706
1517 122.72876 5.259854 25.34559
1518 62.961987 5.233856 26.282728
1519 127.796036 30.277582 14.449348
1520 92.22008 31.922998 6.203869
1521 122.79386 39.86579 14.534713
1522 79.26386 11.780794 39.769512
1523 104.66804 6.550346 18.102362
1524 124.12822 5.1204205 8.9841
1525 61.63834 39.33138 36.412334
1526 39.465942 34.092827 21.149633
1527 -6.345499 17.972956 32.457867
1528 123.24263 29.88294 44.18258
1529 83.814804 10.900331 44.001263
1530 39.326202 39.419582 10.1414
1531 123.63135 21.604424 39.145264
1532 44.026024 26.078495 0.7580875
1533 111.86209 36.808372 40.40039
1534 86.443565 40.024075 23.037697
1535 64.52871 40.26743 0.8152318
1536 74.29952 12.264983 44.00084
1537 63.59417 39.995514 23.73395
1538 92.68975 0.99962 13.210616
1539 107.345375 35.349033 0.9055816
1540 47.874947 39.53292 25.311228
1541 -12.839867 20.8047 44.00155
1542 86.36592 17.797752 0.98822594
1543 17.677227 20.22981 28.819794
1544 84.94161 21.710716 39.76193
1545 117.61635 0.9471542 18.488626
1546 82.104385 4.640981 44.082916
1547 80.30805 44.292892 44.292892
1548 92.78854 40.71215 44.087086
1549 72.94247 4.679368 29.328102
1550 121.69535 44.14489 35.746864
1551 58.63818 0.70710677 44.292892
1552 63.286774 21.21793 40.115795
1553 67.70597 0.70710677 44.292892
1554 64.48497 39.793686 33.077408
1555 67.21258 28.21713 44.00003
1556 48.460114 5.326278 38.92433
1557 -24.194109 19.607708 27.135155
1558 42.975132 15.705089 6.4458876
1559 -0.10453836 20.685282 38.558525
1560 -11.035561 26.279081 44.003838
1561 86.45828 38.533173 18.942015
1562 83.331474 28.712395 33.142963
1563 25.944145 23.915434 23.49988
1564 62.31598 44.000004 18.609783
1565 100.38714 19.42123 3.4759681
1566 123.03466 38.30568 0.68826675
1567 101.54964 25.049873 44.000004
1568 82.685295 0.9999966 17.57706
1569 86.309875 26.179007 44.000004
1570 42.07229 32.209255 24.32801
1571 108.89365 24.880486 44.000706
1572 49.52752 12.233227 5.8676186
1573 122.11111 0.85090095 20.918432
1574 123.35863 11.545256 24.986137
1575 3.5664368 24.38745 23.499994
1576 95.71559 39.604294 0.8361554
1577 58.660275 0.9999982 18.988182
1578 44.81246 44.000446 27.816027
1579 43.2462 34.634087 13.153028
1580 60.878975 18.257668 38.19998
1581 127.795395 44.292892 19.553295
1582 106.78243 44.004684 35.214947
1583 -0.8244846 28.277002 41.607353
1584 52.426327 34.785633 40.029675
1585 -7.901412 18.50632 27.409698
1586 127.84283 38.501987 12.119493
1587 106.49228 44.000107 15.824234
1588 -13.473676 26.81648 37.59457
1589 107.65496 44.000168 19.937809
1590 96.45699 44 21.094236
1591 81.55081 0.7055764 44.294422
1592 121.50086 27.876411 0.77212626
1593 93.84683 44.02325 26.518312
1594 96.544815 44.000206 30.589817
1595 117.97112 44.059757 9.9506235
1596 63.605434 24.728802 5.752791
1597 44.27483 7.8065343 0.6979647
1598 13.74014 28.249687 23.5
1599 120.58777 44.11228 24.998648
1600 124.567154 33.806023 20.23068
1601 83.1861 0.99629366 34.352276
1602 112.47356 7.0344586 40.14272
1603 74.07812 27.166006 39.424255
1604 127.847 20.502737 0.65550333
1605 127.86564 30.795906 0.63686305
1606 -7.676417 26.28168 23.500061
1607 82.34627 0.99993604 29.137577
1608 78.34086 39.978256 26.163761
1609 87.77974 39.08042 44.05319
1610 111.48416 19.853119 44.004738
1611 93.04576 37.80726 18.312757
1612 10.011126 26.457737 44.036148
1613 92.143555 0.9999936 25.640934
1614 68.67322 8.645491 4.628787
1615 38.09341 15.53174 30.42003
1616 127.799644 18.72576 6.383272
1617 111.00908 4.0803657 37.33321
1618 14.075421 28.269146 38.633926
1619 111.43006 4.827577 22.772482
1620 122.87127 12.518799 44.174683
1621 54.453297 36.981316 44.010513
1622 117.02565 7.866497 39.660316
1623 123.58013 19.54772 32.833652
1624 -25.69678 20.797537 39.96968
1625 68.083305 40.19182 28.549246
1626 38.90715 44.23632 40.54254
1627 97.84506 44.098484 4.139337
1628 42.78702 44.099648 9.24821
1629 11.604179 24.03695 27.232143
1630 4.7635164 20.230207 36.349495
1631 109.593666 44.05415 39.12893
1632 23.986143 28.25 23.5
1633 36.316845 40.399223 40.650974
1634 111.69848 44.322777 44.266235
1635 104.18385 0.99999106 19.048521
1636 16.588871 16.75 23.5
1637 124.19361 14.857067 12.613727
1638 103.05885 44.0768 40.418247
1639 117.50187 36.212513 40.16476
1640 101.51057 44.006203 35.960873
1641 80.458084 11.32294 5.785798
1642 66.69583 0.9999946 25.741426
1643 67.669 6.0599537 38.909573
1644 127.79542 38.363785 22.077705
1645 103.331535 0.99865323 32.856274
1646 76.166985 44.000004 18.092564
1647 92.54541 4.598812 21.934542
1648 124.10191 25.923403 21.511616
1649 94.055305 39.621906 26.910622
1650 41.51101 44.025097 34.936058
1651 109.28464 44.000385 24.269732
1652 97.82102 18.353539 38.14506
1653 103.61561 18.759138 38.82905
1654 105.95358 6.471711 6.1023393
1655 106.838326 26.133627 0.9628356
1656 39.374146 6.006946 12.634098
1657 39.230663 38.78961 5.714694
1658 68.47949 25.21778 6.153795
1659 6.8515024 28.250275 27.578728
1660 107.28935 38.42274 4.351634
1661 18.133633 25.956894 44.03443
1662 63.15157 0.70710677 44.292892
1663 87.00204 17.69497 37.922523
1664 -25.600424 19.344574 33.87972
1665 39.19047 4.196711 4.9222455
1666 121.0234 0.8504063 25.283598
1667 114.22921 4.858133 26.259449
1668 95.95219 44.00569 35.87541
1669 62.047077 17.372017 0.97471404
1670 33.686703 25.426271 40.681656
1671 62.577763 44.292988 44.29289
1672 69.05959 44.29294 44.29289
1673 73.632034 6.1504965 25.150146
1674 80.44432 7.7069564 32.209972
1675 81.57067 33.7106 40.014347
1676 75.29558 36.48948 39.262806
1677 39.277596 12.723272 5.1627545
1678 72.29669 44.052315 39.169296
1679 106.10623 33.150078 6.1328363
1680 117.116974 40.11595 6.9748836
1681 123.8413 18.895357 0.74436873
1682 103.80578 0.7190037 44.29219
1683 -16.52404 19.273043 38.966682
1684 68.99067 32.43516 5.9098153
1685 49.650898 0.74806917 0.70747805
1686 54.7347 0.67522067 0.6752206
1687 -3.0025 13.479987 30.71267
1688 88.40169 5.1468964 13.053729
1689 81.374985 0.7078521 0.72344387
1690 -27.448833 15.875728 32.692303
1691 127.795395 26.737858 44.292892
1692 67.62298 37.740242 19.51495
1693 63.863087 35.52839 40.313282
1694 12.427456 16.457108 44.292892
1695 45.58341 33.326477 4.7655144
1696 34.678673 0.70710677 25.284977
1697 66.75951 40.494373 39.19022
1698 55.50853 19.376251 5.591519
1699 63.99722 16.796566 41.002686
1700 112.13377 25.221346 36.747036
1701 35.41715 0.70710677 23.498049
1702 127.79541 26.131683 32.120674
1703 104.77255 39.738724 8.689739
1704 91.730675 36.413025 0.9147676
1705 93.64546 12.275297 0.97465044
1706 56.329693 40.613663 0.793572
1707 -14.337302 26.08638 33.120747
1708 95.46815 4.2425776 25.29774
1709 45.684086 10.936689 39.72677
1710 119.19317 36.342777 4.930955
1711 119.83169 40.498096 37.334408
1712 127.79542 25.971533 25.73239
1713 25.662025 28.252945 34.057423
1714 43.485245 4.5233226 25.71079
1715 104.08958 5.3553386 39.185974
1716 27.89883 25.174831 38.72993
1717 -13.308422 14.352491 42.08133
1718 98.430115 0.9969612 10.392287
1719 44.448395 18.82976 25.632915
1720 45.03102 18.662457 32.70173
1721 44.754013 24.692692 26.80003
1722 9.175348 16.729403 35.709118
1723 110.206894 40.959965 0.7912315
1724 8.288022 24.006813 29.852015
1725 46.478195 11.617305 0.7581227
1726 85.725075 36.97601 4.7164946
1727 45.20456 4.5569615 7.4145026
1728 123.41408 0.7746975 5.561979
1729 47.349148 40.795223 15.043873
1730 55.866295 37.57167 18.811523
1731 116.91788 0.6900094 0.69000936
1732 123.16499 21.982822 5.5497394
1733 127.795456 7.6457257 16.778423
1734 116.80424 14.8617115 5.0609975
1735 69.38963 44.000618 12.672968
1736 98.7573 38.46209 18.207016
1737 57.654774 44.056614 5.5508766
1738 92.47914 38.577145 12.299383
1739 42.82577 26.115898 21.86267
1740 112.14119 0.99521375 18.644604
1741 82.86957 40.326546 34.39081
1742 -0.89852655 28.273659 28.911488
1743 -29.434994 28.910357 35.966213
1744 122.07493 37.7351 40.202026
1745 10.5670595 22.230755 40.663177
1746 85.61285 4.173933 9.280349
1747 119.54805 0.9043058 8.720768
1748 86.193375 25.438284 5.634174
1749 99.563034 25.459745 7.881937
1750 116.90767 28.769112 40.06757
1751 98.18968 4.7842975 21.750645
1752 112.28661 44.00518 20.532446
1753 39.139732 0.6422285 5.2618785
1754 4.7218976 16.748438 32.54813
1755 -13.42542 30.477724 27.01295
1756 92.836655 25.844421 6.7565813
1757 105.09523 25.14078 7.29227
1758 124.01843 39.945786 34.77556
1759 118.10811 4.496765 22.837818
1760 49.063396 44.043396 37.75969
1761 87.76351 40.816822 35.053444
1762 83.97932 39.24276 26.415731
1763 118.129944 40.35339 22.370987
1764 79.49404 25.460072 0.9994223
1765 71.13457 44.0005 32.41645
1766 81.809494 19.731583 34.322586
1767 116.48391 18.581264 8.41806
1768 117.22008 11.875664 7.985877
1769 48.55773 18.055107 36.316254
1770 61.213783 32.294445 10.694816
1771 87.132355 12.460504 37.184185
1772 67.46858 32.17054 38.046333
1773 99.12285 32.0635 36.589005
1774 -12.744034 15.586128 44.03846
1775 -35.011047 16.421005 39.55481
1776 -11.912033 27.128078 29.74679
1777 -26.917862 25.481667 39.82497
1778 115.87439 40.122974 17.411383
1779 99.8332 18.990437 44.000004
1780 76.045746 44.033173 10.387878
1781 124.23366 32.38763 36.124054
1782 47.24105 44.00822 10.378944
1783 61.470116 32.652496 0.9480245
1784 67.59874 24.761072 0.9944986
1785 81.29187 7.724154 26.59081
1786 74.43487 36.845837 25.727314
1787 74.845436 35.86001 33.38252
1788 118.575745 8.022638 25.76392
1789 61.58756 36.726315 26.441277
1790 68.80587 7.7904577 19.341148
1791 92.14147 7.4504566 12.479089
1792 67.23354 7.686424 25.975977
1793 67.88316 36.475006 26.170507
1794 117.98191 44.316597 0.68340164
1795 127.80958 0.69292337 23.145761
1796 -27.520224 29.077923 27.917372
1797 82.71326 34.772774 0.94672954
1798 127.80099 44.29848 8.824111
1799 56.25461 33.352493 0.8975327
1800 122.34647 44.15681 11.726332
1801 -11.236128 14.303341 28.314575
1802 46.192055 40.206482 8.13038
1803 56.180088 44.00138 11.926317
1804 119.41071 24.961393 39.033554
1805 55.383236 18.801046 38.133896
1806 25.652988 16.747856 32.148415
1807 81.21359 39.78339 22.25135
1808 40.04485 24.592445 26.393766
1809 -25.292904 29.585325 44.292892
1810 127.81217 6.3684645 40.50589
1811 102.53874 44.000015 17.323643
1812 79.27136 0.9124567 40.739273
1813 79.2482 20.739157 0.99170953
1814 108.73601 33.136322 40.7382
1815 98.51718 44.297417 44.297417
1816 62.36159 26.13114 44.000008
1817 49.699413 41.2279 0.74102885
1818 60.602386 4.0114403 0.79396904
1819 37.806812 25.529547 23.413511
1820 -29.587341 16.138472 23.5
1821 24.8748 16.74898 27.171345
1822 91.70209 41.07319 0.79644305
1823 -35.0744 28.636333 39.973602
1824 75.900406 39.84339 44.07088
1825 122.96088 44.344273 44.344273
1826 -3.178917 21.542963 44.000088
1827 69.72291 39.99863 7.438114
1828 84.38753 44.006245 35.740208
1829 81.18811 44.01215 27.10339
1830 56.902824 4.8844895 6.3557925
1831 47.376698 37.266285 4.691047
1832 42.342255 0.9892756 34.245068
1833 92.816025 38.56338 7.421307
1834 46.630398 44.292202 44.279087
1835 92.768 0.9999916 18.449501
1836 48.214993 7.7544293 4.698665
1837 122.27648 33.170094 7.392867
1838 109.17927 30.730553 0.9331163
1839 100.037384 32.484154 0.97186524
1840 122.32378 24.792759 30.41333
1841 45.45576 39.757164 37.883762
1842 42.839954 32.36124 8.275477
1843 85.889244 44.00001 27.262314
1844 44.255318 19.92571 11.119166
1845 96.41403 10.167546 39.85999
1846 60.904076 36.92582 19.594112
1847 59.16903 39.776505 32.89333
1848 -24.659096 25.477697 35.85992
1849 107.360916 44.310528 44.282257
1850 107.6165 15.366338 44.000343
1851 116.05261 4.6166983 34.885124
1852 56.81648 25.388008 0.9323579
1853 39.400944 34.479122 9.903107
1854 69.25957 5.3027844 0.83333206
1855 39.481167 15.965052 15.906785
1856 79.2482 14.084799 0.9865891
1857 56.748463 5.1884475 38.44896
1858 20.471588 19.942299 33.025433
1859 99.42567 35.712223 39.181087
1860 91.95006 44.079124 40.33256
1861 55.53523 11.139226 38.579376
1862 28.482424 24.842556 33.88012
1863 105.73201 5.523525 11.031885
1864 127.86286 44.36036 40.1594
1865 -16.624666 30.157906 30.994009
1866 127.86641 4.829086 44.363903
1867 46.13323 10.103944 44.029568
1868 70.19432 39.5331 24.215628
1869 82.29121 7.4412613 40.281918
1870 110.95173 4.2622676 44.09266
1871 -16.275799 30.480745 44.294872
1872 16.121262 24.42994 27.847624
1873 96.738976 9.941404 5.096342
1874 49.655262 0.9999915 24.132835
1875 75.55193 0.9983271 11.692981
1876 96.229034 34.77781 5.1363883
1877 70.42781 39.666378 0.83420616
1878 124.46436 36.404057 23.922396
1879 116.295746 0.96459013 26.920324
1880 45.907383 17.96457 0.7812435
1881 108.70431 0.94074476 39.533703
1882 117.73456 30.730171 0.8173929
1883 78.243355 0.94133466 5.1307898
1884 -2.9902155 31.52124 33.674324
1885 87.91177 18.970346 44.000004
1886 92.04002 8.099606 19.329403
1887 20.767061 24.474327 23.499998
1888 92.22142 0.999246 32.472103
1889 4.5732255 28.251438 31.812962
1890 32.728874 9.548481 37.569347
1891 57.089157 39.38455 22.561167
1892 108.47053 22.909956 38.30414
1893 55.663246 32.902386 44.000782
1894 88.42812 8.522829 0.9132681
1895 68.2859 13.300114 40.227303
1896 -21.11207 19.094103 39.98364
1897 111.114204 0.99756306 26.36096
1898 119.230095 0.9110108 35.88681
1899 60.504868 5.5448985 9.101859
1900 41.866764 23.568504 32.33346
1901 51.009804 36.93393 7.8551316
1902 76.86918 6.487477 8.470121
1903 62.084255 25.493374 0.9757857
1904 75.555824 0.99999654 18.262636
1905 -19.591707 14.999744 41.747684
1906 127.85955 11.661452 0.6429552
1907 64.89375 40.693962 6.8812
1908 55.562187 39.51605 37.176666
1909 55.36288 17.620928 44.000004
1910 122.00713 37.917496 10.011984
1911 59.596607 33.498318 40.862385
1912 74.486565 31.533154 37.22219
1913 127.79549 13.661616 39.762146
$EndNodes
$Elements
8286
0 4 2 0 1 596 368 1040 1658
1 4 2 0 1 695 1087 1759 400
2 4 2 0 1 1071 1648 1244 1233
3 4 2 0 1 922 742 423 495
4 4 2 0 1 1630 1559 106 846
5 4 2 0 1 1145 1796 19 591
6 4 2 0 1 1519 1837 903 1272
7 4 2 0 1 401 1898 771 307
8 4 2 0 1 1610 1892 1653 113
9 4 2 0 1 100 114 1510 1826
10 4 2 0 1 1290 360 1312 1098
11 4 2 0 1 462 842 463 663
12 4 2 0 1 596 448 1081 368
13 4 2 0 1 1159 1138 278 276
14 4 2 0 1 452 364 891 1911
15 4 2 0 1 768 694 1808 229
16 4 2 0 1 1199 928 584 484
17 4 2 0 1 1290 1098 1331 360
18 4 2 0 1 846 1559 344 99
19 4 2 0 1 352 722 889 1478
20 4 2 0 1 1349 386 1379 875
21 4 2 0 1 531 343 537 759
22 4 2 0 1 711 592 1245 258
23 4 2 0 1 1175 391 1863 792
24 4 2 0 1 369 1227 1339 930
25 4 2 0 1 369 1339 1227 870
26 4 2 0 1 1474 402 1767 1237
27 4 2 0 1 1126 1863 1654 391
28 4 2 0 1 1805 361 1332 1099
29 4 2 0 1 1673 1549 1792 804
30 4 2 0 1 1094 1750 1047 704
31 4 2 0 1 1352 1231 938 395
32 4 2 0 1 596 1496 1658 1784
33 4 2 0 1 507 216 163 155
34 4 2 0 1 400 695 1087 940
35 4 2 0 1 736 1473 940 318
36 4 2 0 1 1767 1089 1237 402
37 4 2 0 1 1352 395 878 1231
38 4 2 0 1 400 1087 1232 940
39 4 2 0 1 1255 1674 376 1080
40 4 2 0 1 354 1151 925 253
41 4 2 0 1 1403 619 367 1253
42 4 2 0 1 148 943 141 139
43 4 2 0 1 1255 1674 956 376
44 4 2 0 1 1108 833 1643 608
45 4 2 0 1 582 289 1827 1046
46 4 2 0 1 1373 931 372 1239
47 4 2 0 1 506 117 1618 112
48 4 2 0 1 1880 1532 711 592
49 4 2 0 1 893 372 1239 1373
50 4 2 0 1 1174 877 726 1439
51 4 2 0 1 1577 357 1176 281
52 4 2 0 1 1460 728 1718 298
53 4 2 0 1 772 1561 1408 449
54 4 2 0 1 980 83 1188 841
55 4 2 0 1 965 707 1517 666
56 4 2 0 1 1826 95 344 1188
57 4 2 0 1 177 223 1633 1022
58 4 2 0 1 854 1618 345 805
59 4 2 0 1 857 1831 976 1901
60 4 2 0 1 1718 566 435 1863
61 4 2 0 1 106 1028 841 94
62 4 2 0 1 1880 274 780 745
63 4 2 0 1 985 871 377 916
64 4 2 0 1 619 1253 370 440
65 4 2 0 1 1349 386 875 1350
66 4 2 0 1 373 1772 658 1114
67 4 2 0 1 186 178 188 217
68 4 2 0 1 199 1006 1054 725
69 4 2 0 1 311 656 1747 1295
70 4 2 0 1 1347 1101 364 692
71 4 2 0 1 37 40 4 38
72 4 2 0 1 627 1174 1009 1439
73 4 2 0 1 302 1036 1441 982
74 4 2 0 1 1407 894 1277 373
75 4 2 0 1 991 1468 258 773
76 4 2 0 1 44 791 1664 1479
77 4 2 0 1 158 347 161 171
78 4 2 0 1 1407 373 1277 955
79 4 2 0 1 507 146 149 1862
80 4 2 0 1 259 1468 773 748
81 4 2 0 1 1431 1284 964 398
82 4 2 0 1 592 748 883 1468
83 4 2 0 1 459 970 356 969
84 4 2 0 1 1624 18 16 1777
85 4 2 0 1 729 816 1621 1584
86 4 2 0 1 964 398 1060 1134
87 4 2 0 1 1034 1576 1627 907
88 4 2 0 1 1770 1112 818 362
89 4 2 0 1 39 2 16 35
90 4 2 0 1 677 566 691 977
91 4 2 0 1 634 941 1474 556
92 4 2 0 1 1313 1730 363 1846
93 4 2 0 1 1302 1175 792 656
94 4 2 0 1 233 226 670 843
95 4 2 0 1 1392 1130 395 1352
96 4 2 0 1 674 864 1168 1719
97 4 2 0 1 911 874 385 1362
98 4 2 0 1 431 1861 443 456
99 4 2 0 1 242 256 349 254
100 4 2 0 1 425 619 1536 1895
101 4 2 0 1 1710 1837 713 1165
102 4 2 0 1 893 1406 372 1373
103 4 2 0 1 73 344 90 57
104 4 2 0 1 1670 943 141 148
105 4 2 0 1 31 10 24 642
106 4 2 0 1 250 773 1739 1719
107 4 2 0 1 354 1526 248 253
108 4 2 0 1 243 453 1151 253
109 4 2 0 1 848 1800 1521 1910
110 4 2 0 1 208 204 1063 224
111 4 2 0 1 266 1151 1169 264
112 4 2 0 1 87 72 1585 64
113 4 2 0 1 243 1151 354 253
114 4 2 0 1 235 1819 1808 229
115 4 2 0 1 653 1847 1554 1218
116 4 2 0 1 452 793 631 1911
117 4 2 0 1 1817 857 277 814
118 4 2 0 1 67 1188 78 81
119 4 2 0 1 265 262 243 1063
120 4 2 0 1 1584 697 816 1908
121 4 2 0 1 531 343 46 1588
122 4 2 0 1 1558 592 1844 745
123 4 2 0 1 49 1717 1905 47
124 4 2 0 1 981 344 55 73
125 4 2 0 1 1794 1710 1680 782
126 4 2 0 1 1115 799 192 1696
127 4 2 0 1 927 1312 1290 360
128 4 2 0 1 73 100 103 91
129 4 2 0 1 1653 797 1779 113
130 4 2 0 1 116 33 1659 1629
131 4 2 0 1 219 224 222 214
132 4 2 0 1 575 1093 1246 404
133 4 2 0 1 88 91 73 103
134 4 2 0 1 927 360 1290 1291
135 4 2 0 1 619 1895 367 1172
136 4 2 0 1 1287 1246 404 904
137 4 2 0 1 1080 619 367 1172
138 4 2 0 1 991 351 924 1196
139 4 2 0 1 991 351 864 1289
140 4 2 0 1 359 1309 1698 866
141 4 2 0 1 1455 357 1308 1097
142 4 2 0 1 654 859 1154 1433
143 4 2 0 1 889 1433 859 654
144 4 2 0 1 1778 861 404 942
145 4 2 0 1 1794 1680 1710 1189
146 4 2 0 1 481 354 888 1311
147 4 2 0 1 481 1311 925 354
148 4 2 0 1 776 1768 1086 399
149 4 2 0 1 1473 1573 1545 511
150 4 2 0 1 195 220 1035 1633
151 4 2 0 1 1772 1407 1114 373
152 4 2 0 1 1035 220 971 1633
153 4 2 0 1 455 1122 1421 387
154 4 2 0 1 421 508 708 781
155 4 2 0 1 1233 403 1244 1090
156 4 2 0 1 1391 960 1380 387
157 4 2 0 1 607 1223 757 1020
158 4 2 0 1 542 1101 1584 364
159 4 2 0 1 73 107 103 100
160 4 2 0 1 1552 370 619 1002
161 4 2 0 1 624 440 1253 522
162 4 2 0 1 522 440 1253 619
163 4 2 0 1 227 222 231 228
164 4 2 0 1 219 222 228 231
165 4 2 0 1 234 228 227 231
166 4 2 0 1 352 1720 948 1328
167 4 2 0 1 1357 1792 1790 366
168 4 2 0 1 1358 1496 1109 368
169 4 2 0 1 1358 368 869 1496
170 4 2 0 1 1357 366 1790 1226
171 4 2 0 1 469 384 681 466
172 4 2 0 1 1852 325 621 1503
173 4 2 0 1 495 829 820 910
174 4 2 0 1 495 440 820 829
175 4 2 0 1 144 159 161 507
176 4 2 0 1 367 953 597 1403
177 4 2 0 1 219 222 224 228
178 4 2 0 1 1241 896 1385 380
179 4 2 0 1 1684 1372 892 371
180 4 2 0 1 1684 1112 1372 371
181 4 2 0 1 1886 1361 1118 383
182 4 2 0 1 1886 1361 383 934
183 4 2 0 1 937 1365 1523 392
184 4 2 0 1 542 364 1347 1101
185 4 2 0 1 877 394 1129 1366
186 4 2 0 1 1127 1523 1365 392
187 4 2 0 1 877 1129 394 1565
188 4 2 0 1 506 1630 345 1745
189 4 2 0 1 905 966 405 444
190 4 2 0 1 262 1063 261 228
191 4 2 0 1 511 1524 318 736
192 4 2 0 1 1083 1210 379 1144
193 4 2 0 1 384 1412 959 422
194 4 2 0 1 1388 388 898 1520
195 4 2 0 1 1388 1520 1123 388
196 4 2 0 1 442 856 517 1779
197 4 2 0 1 1373 1406 372 1113
198 4 2 0 1 389 1397 1389 1736
199 4 2 0 1 396 1679 901 1400
200 4 2 0 1 1241 1385 933 380
201 4 2 0 1 1778 1763 1093 404
202 4 2 0 1 396 1132 1679 1400
203 4 2 0 1 1287 1093 404 1246
204 4 2 0 1 1062 723 1763 504
205 4 2 0 1 1302 435 1863 897
206 4 2 0 1 767 874 385 911
207 4 2 0 1 1290 867 360 1331
208 4 2 0 1 303 510 907 302
209 4 2 0 1 397 1430 1133 1401
210 4 2 0 1 1392 1352 395 878
211 4 2 0 1 404 942 904 1246
212 4 2 0 1 995 1785 806 1607
213 4 2 0 1 92 104 96 101
214 4 2 0 1 1421 1380 960 387
215 4 2 0 1 18 1624 647 591
216 4 2 0 1 652 1319 780 592
217 4 2 0 1 1751 1363 934 383
218 4 2 0 1 1302 810 1863 435
219 4 2 0 1 1523 1635 1162 1190
220 4 2 0 1 1818 459 356 1106
221 4 2 0 1 282 1818 851 744
222 4 2 0 1 301 1192 382 1873
223 4 2 0 1 1532 592 719 1245
224 4 2 0 1 1272 1837 1001 1092
225 4 2 0 1 258 592 1245 883
226 4 2 0 1 608 1002 431 1895
227 4 2 0 1 1334 1403 1002 608
228 4 2 0 1 1625 826 465 1765
229 4 2 0 1 387 1652 1225 1380
230 4 2 0 1 1334 1002 431 608
231 4 2 0 1 1002 1403 619 608
232 4 2 0 1 1002 1895 608 619
233 4 2 0 1 1347 364 1356 952
234 4 2 0 1 557 1732 644 433
235 4 2 0 1 1467 1594 1060 1480
236 4 2 0 1 428 1065 1594 1649
237 4 2 0 1 429 1299 1735 920
238 4 2 0 1 1154 699 838 654
239 4 2 0 1 624 63 1253 577
240 4 2 0 1 624 1562 577 1275
241 4 2 0 1 624 1253 1275 577
242 4 2 0 1 575 942 404 1246
243 4 2 0 1 715 1571 480 633
244 4 2 0 1 426 715 633 565
245 4 2 0 1 1892 1571 715 633
246 4 2 0 1 426 715 447 633
247 4 2 0 1 432 1911 891 364
248 4 2 0 1 1187 1893 793 432
249 4 2 0 1 359 325 1698 1309
250 4 2 0 1 1474 1767 402 1436
251 4 2 0 1 359 325 1309 1321
252 4 2 0 1 1852 1698 325 1503
253 4 2 0 1 1256 872 1229 378
254 4 2 0 1 1802 1901 353 1831
255 4 2 0 1 751 1827 1907 756
256 4 2 0 1 1291 867 360 1290
257 4 2 0 1 245 268 1665 1483
258 4 2 0 1 964 398 1134 1431
259 4 2 0 1 690 430 545 1200
260 4 2 0 1 652 650 534 1572
261 4 2 0 1 1205 371 1083 1827
262 4 2 0 1 652 650 1698 534
263 4 2 0 1 335 324 1620 1810
264 4 2 0 1 451 918 1649 1065
265 4 2 0 1 1313 890 363 1346
266 4 2 0 1 1373 1692 1113 372
267 4 2 0 1 369 1368 1339 870
268 4 2 0 1 1790 1357 1107 1792
269 4 2 0 1 722 1478 858 654
270 4 2 0 1 889 654 1478 722
271 4 2 0 1 858 654 838 722
272 4 2 0 1 838 1167 1584 722
273 4 2 0 1 587 657 1059 1146
274 4 2 0 1 358 1108 431 1213
275 4 2 0 1 427 657 1146 1059
276 4 2 0 1 665 444 709 1702
277 4 2 0 1 264 1169 266 263
278 4 2 0 1 444 1781 779 1137
279 4 2 0 1 1875 1904 1568 687
280 4 2 0 1 1280 1085 381 1458
281 4 2 0 1 728 301 298 616
282 4 2 0 1 1348 872 378 1229
283 4 2 0 1 1349 386 1350 935
284 4 2 0 1 1183 869 365 437
285 4 2 0 1 1496 869 448 368
286 4 2 0 1 1473 940 695 400
287 4 2 0 1 596 1434 448 1496
288 4 2 0 1 1349 386 935 1387
289 4 2 0 1 389 1611 1389 1124
290 4 2 0 1 389 1422 1124 1389
291 4 2 0 1 961 1427 390 1423
292 4 2 0 1 395 1399 938 1352
293 4 2 0 1 1322 1511 1106 1899
294 4 2 0 1 1631 1445 1582 1456
295 4 2 0 1 441 450 1456 1064
296 4 2 0 1 1209 1208 1075 1565
297 4 2 0 1 1322 1511 851 1106
298 4 2 0 1 1899 1106 1818 356
299 4 2 0 1 939 1133 1401 397
300 4 2 0 1 1639 405 1094 1505
301 4 2 0 1 1288 405 1505 1094
302 4 2 0 1 395 1352 1130 1399
303 4 2 0 1 1348 932 1229 378
304 4 2 0 1 1473 695 940 1545
305 4 2 0 1 1349 1379 386 1121
306 4 2 0 1 1349 1387 1121 386
307 4 2 0 1 1645 466 684 1715
308 4 2 0 1 1648 403 1233 881
309 4 2 0 1 1233 1090 1267 403
310 4 2 0 1 1693 364 452 1911
311 4 2 0 1 911 385 1120 1362
312 4 2 0 1 1495 447 426 1457
313 4 2 0 1 1495 1567 633 447
314 4 2 0 1 1240 1229 932 378
315 4 2 0 1 481 1579 672 917
316 4 2 0 1 1479 1905 1896 914
317 4 2 0 1 1318 890 363 1313
318 4 2 0 1 1006 418 514 689
319 4 2 0 1 1684 371 818 1112
320 4 2 0 1 1046 973 1037 1797
321 4 2 0 1 1144 379 1726 1067
322 4 2 0 1 1099 1332 1345 361
323 4 2 0 1 1318 1846 1313 363
324 4 2 0 1 1901 1695 1831 1027
325 4 2 0 1 1313 1100 1346 363
326 4 2 0 1 1313 363 1730 1100
327 4 2 0 1 1373 1692 372 931
328 4 2 0 1 916 377 1235 871
329 4 2 0 1 916 1235 377 1081
330 4 2 0 1 1040 973 526 895
331 4 2 0 1 997 1021 1746 998
332 4 2 0 1 1767 402 989 1089
333 4 2 0 1 1648 403 1244 1233
334 4 2 0 1 1475 570 687 1247
335 4 2 0 1 1175 391 1654 1863
336 4 2 0 1 739 1117 382 1192
337 4 2 0 1 881 1267 403 1233
338 4 2 0 1 1899 356 1818 1830
339 4 2 0 1 1279 380 896 1241
340 4 2 0 1 592 748 924 1319
341 4 2 0 1 592 748 1245 883
342 4 2 0 1 1061 675 497 1721
343 4 2 0 1 694 1721 1570 675
344 4 2 0 1 325 540 1319 1321
345 4 2 0 1 1546 292 811 1591
346 4 2 0 1 665 673 444 1702
347 4 2 0 1 1517 331 1473 1574
348 4 2 0 1 1149 1454 811 812
349 4 2 0 1 1610 113 1653 1850
350 4 2 0 1 1473 940 400 1156
351 4 2 0 1 1630 1745 1443 122
352 4 2 0 1 220 699 1154 1433
353 4 2 0 1 271 971 699 269
354 4 2 0 1 269 971 699 737
355 4 2 0 1 1772 373 894 1407
356 4 2 0 1 369 1339 1371 930
357 4 2 0 1 369 1339 1110 1371
358 4 2 0 1 1082 378 1229 1240
359 4 2 0 1 1222 367 3 438
360 4 2 0 1 3 367 1222 1643
361 4 2 0 1 734 686 1531 615
362 4 2 0 1 542 1347 364 891
363 4 2 0 1 889 1167 1343 355
364 4 2 0 1 889 542 1343 1167
365 4 2 0 1 359 1316 1309 866
366 4 2 0 1 1358 1234 869 368
367 4 2 0 1 1357 929 1226 1790
368 4 2 0 1 1200 430 545 1641
369 4 2 0 1 845 375 1359 1228
370 4 2 0 1 871 377 1235 1360
371 4 2 0 1 1361 1363 383 934
372 4 2 0 1 1362 1364 874 385
373 4 2 0 1 877 1236 394 1366
374 4 2 0 1 937 1365 392 1230
375 4 2 0 1 880 1767 1237 1474
376 4 2 0 1 1558 711 1677 258
377 4 2 0 1 1474 880 1637 1237
378 4 2 0 1 736 1156 940 1473
379 4 2 0 1 1531 750 673 1623
380 4 2 0 1 651 1178 1074 712
381 4 2 0 1 1178 1556 712 651
382 4 2 0 1 1178 350 1074 712
383 4 2 0 1 350 1556 712 1178
384 4 2 0 1 320 340 1810 1866
385 4 2 0 1 750 1286 1840 1268
386 4 2 0 1 750 1091 1286 1268
387 4 2 0 1 905 966 1288 405
388 4 2 0 1 1047 1094 405 1288
389 4 2 0 1 1571 716 1700 480
390 4 2 0 1 1279 1084 380 1241
391 4 2 0 1 1280 1562 381 1085
392 4 2 0 1 1280 381 1419 958
393 4 2 0 1 1082 1229 378 1256
394 4 2 0 1 369 1368 1110 1339
395 4 2 0 1 361 1336 1332 951
396 4 2 0 1 944 1675 913 945
397 4 2 0 1 1495 565 426 633
398 4 2 0 1 1562 381 1419 1280
399 4 2 0 1 1772 373 972 894
400 4 2 0 1 1131 633 565 1495
401 4 2 0 1 891 364 1356 1347
402 4 2 0 1 361 1345 951 1332
403 4 2 0 1 1369 370 954 1405
404 4 2 0 1 865 352 721 1478
405 4 2 0 1 347 199 150 194
406 4 2 0 1 982 1595 849 727
407 4 2 0 1 162 1670 154 165
408 4 2 0 1 350 1326 947 698
409 4 2 0 1 1719 864 351 1327
410 4 2 0 1 1840 731 1623 492
411 4 2 0 1 1335 867 1331 360
412 4 2 0 1 927 360 1317 1312
413 4 2 0 1 1253 953 367 1403
414 4 2 0 1 1252 870 1368 369
415 4 2 0 1 1447 1758 796 334
416 4 2 0 1 892 371 1372 1258
417 4 2 0 1 369 1371 1238 930
418 4 2 0 1 868 1332 361 1336
419 4 2 0 1 169 163 507 216
420 4 2 0 1 163 155 216 168
421 4 2 0 1 1410 1255 956 376
422 4 2 0 1 1377 378 872 1256
423 4 2 0 1 1240 378 932 1382
424 4 2 0 1 1260 895 379 1383
425 4 2 0 1 875 386 1379 1390
426 4 2 0 1 384 1414 959 1412
427 4 2 0 1 196 908 607 986
428 4 2 0 1 388 1493 898 1520
429 4 2 0 1 944 945 1048 637
430 4 2 0 1 1395 386 1387 935
431 4 2 0 1 1263 1392 395 878
432 4 2 0 1 396 1400 901 1270
433 4 2 0 1 1460 1192 728 616
434 4 2 0 1 395 1399 1242 938
435 4 2 0 1 739 382 728 1192
436 4 2 0 1 1460 739 728 1192
437 4 2 0 1 401 1266 693 965
438 4 2 0 1 1272 903 1001 1837
439 4 2 0 1 825 659 697 683
440 4 2 0 1 463 825 692 697
441 4 2 0 1 186 217 188 201
442 4 2 0 1 513 1266 525 1024
443 4 2 0 1 1185 511 1733 736
444 4 2 0 1 888 1570 1342 354
445 4 2 0 1 1020 1478 757 238
446 4 2 0 1 1061 948 1341 352
447 4 2 0 1 1020 238 757 908
448 4 2 0 1 1495 633 426 447
449 4 2 0 1 1346 1355 890 363
450 4 2 0 1 361 1354 951 1345
451 4 2 0 1 196 986 607 1206
452 4 2 0 1 950 427 357 1518
453 4 2 0 1 427 281 357 1518
454 4 2 0 1 893 1406 1276 372
455 4 2 0 1 1176 357 427 281
456 4 2 0 1 1176 357 657 427
457 4 2 0 1 188 221 217 178
458 4 2 0 1 1279 1418 896 380
459 4 2 0 1 1421 387 960 1425
460 4 2 0 1 1024 1268 1091 750
461 4 2 0 1 1024 750 1091 1804
462 4 2 0 1 641 404 904 1287
463 4 2 0 1 849 915 568 727
464 4 2 0 1 976 1027 775 1901
465 4 2 0 1 280 976 1799 362
466 4 2 0 1 976 857 362 1706
467 4 2 0 1 976 1027 1799 775
468 4 2 0 1 17 647 18 6
469 4 2 0 1 1031 805 1618 346
470 4 2 0 1 17 5 647 6
471 4 2 0 1 919 1601 1058 292
472 4 2 0 1 109 107 100 103
473 4 2 0 1 1031 1157 346 1449
474 4 2 0 1 970 993 1830 356
475 4 2 0 1 149 347 150 194
476 4 2 0 1 1456 1445 504 312
477 4 2 0 1 1161 667 131 1212
478 4 2 0 1 1803 362 1055 1901
479 4 2 0 1 91 73 100 90
480 4 2 0 1 459 356 970 1818
481 4 2 0 1 1724 33 1889 506
482 4 2 0 1 36 35 2 41
483 4 2 0 1 1905 1683 47 1717
484 4 2 0 1 275 788 1709 1556
485 4 2 0 1 275 1709 668 1556
486 4 2 0 1 1299 1735 439 630
487 4 2 0 1 636 619 1516 425
488 4 2 0 1 286 636 1552 1516
489 4 2 0 1 325 652 1698 1309
490 4 2 0 1 652 1305 534 1309
491 4 2 0 1 1698 652 534 1309
492 4 2 0 1 1661 1618 128 1449
493 4 2 0 1 125 1031 1618 1449
494 4 2 0 1 1031 346 1618 1449
495 4 2 0 1 56 1774 62 57
496 4 2 0 1 1035 694 203 766
497 4 2 0 1 1035 769 766 971
498 4 2 0 1 46 1707 1588 343
499 4 2 0 1 426 398 1431 1134
500 4 2 0 1 17 27 20 978
501 4 2 0 1 437 1247 365 1902
502 4 2 0 1 68 73 88 91
503 4 2 0 1 125 1449 1661 590
504 4 2 0 1 590 1449 1661 830
505 4 2 0 1 125 1031 1449 590
506 4 2 0 1 477 349 1714 1874
507 4 2 0 1 349 947 1714 821
508 4 2 0 1 1653 113 1779 517
509 4 2 0 1 1653 1779 442 517
510 4 2 0 1 1396 898 1388 388
511 4 2 0 1 1139 1557 643 661
512 4 2 0 1 1143 1024 1141 716
513 4 2 0 1 769 1160 675 1004
514 4 2 0 1 1004 1570 1160 675
515 4 2 0 1 976 775 362 1901
516 4 2 0 1 976 775 1799 362
517 4 2 0 1 362 775 1799 718
518 4 2 0 1 1143 1531 615 1141
519 4 2 0 1 303 1441 510 302
520 4 2 0 1 113 1571 797 1567
521 4 2 0 1 1571 1567 633 797
522 4 2 0 1 444 1781 665 779
523 4 2 0 1 665 444 779 709
524 4 2 0 1 1292 665 1781 779
525 4 2 0 1 621 780 1532 274
526 4 2 0 1 993 516 1830 356
527 4 2 0 1 31 9 24 10
528 4 2 0 1 94 1195 980 740
529 4 2 0 1 116 1161 1872 127
530 4 2 0 1 1629 33 854 116
531 4 2 0 1 907 1132 1703 781
532 4 2 0 1 1132 781 508 1703
533 4 2 0 1 17 978 20 13
534 4 2 0 1 780 325 1319 652
535 4 2 0 1 87 93 102 64
536 4 2 0 1 20 25 13 28
537 4 2 0 1 168 153 163 155
538 4 2 0 1 175 153 163 168
539 4 2 0 1 1164 1065 390 1125
540 4 2 0 1 31 21 23 9
541 4 2 0 1 31 42 1557 43
542 4 2 0 1 146 143 155 153
543 4 2 0 1 853 1800 326 1910
544 4 2 0 1 853 329 326 1800
545 4 2 0 1 131 854 1212 346
546 4 2 0 1 87 82 72 102
547 4 2 0 1 31 21 9 10
548 4 2 0 1 868 1002 1580 431
549 4 2 0 1 1334 1002 868 431
550 4 2 0 1 160 159 164 142
551 4 2 0 1 1765 658 1492 660
552 4 2 0 1 325 1199 540 1321
553 4 2 0 1 22 26 11 25
554 4 2 0 1 1199 718 540 775
555 4 2 0 1 1321 1199 540 260
556 4 2 0 1 1531 673 1464 665
557 4 2 0 1 1722 1630 122 345
558 4 2 0 1 673 1531 494 665
559 4 2 0 1 1743 12 15 18
560 4 2 0 1 169 226 206 163
561 4 2 0 1 163 155 146 507
562 4 2 0 1 16 1624 647 18
563 4 2 0 1 146 153 155 163
564 4 2 0 1 1079 375 1228 1254
565 4 2 0 1 369 1227 1252 870
566 4 2 0 1 169 507 163 146
567 4 2 0 1 1522 1255 376 1080
568 4 2 0 1 190 213 202 446
569 4 2 0 1 82 93 102 87
570 4 2 0 1 433 632 1732 1604
571 4 2 0 1 170 189 193 224
572 4 2 0 1 214 167 193 224
573 4 2 0 1 399 1768 1086 1250
574 4 2 0 1 877 394 1236 726
575 4 2 0 1 1438 795 3 1007
576 4 2 0 1 445 1674 576 1080
577 4 2 0 1 445 1080 1007 1674
578 4 2 0 1 1007 1072 795 3
579 4 2 0 1 1231 395 878 1263
580 4 2 0 1 400 1087 1265 1232
581 4 2 0 1 809 1617 307 682
582 4 2 0 1 788 717 270 1832
583 4 2 0 1 788 717 275 270
584 4 2 0 1 270 275 788 1011
585 4 2 0 1 892 371 1258 1068
586 4 2 0 1 31 23 21 32
587 4 2 0 1 1556 275 788 717
588 4 2 0 1 750 1268 1840 1623
589 4 2 0 1 1082 1278 378 1240
590 4 2 0 1 893 372 1276 1239
591 4 2 0 1 1912 373 894 972
592 4 2 0 1 1277 894 1912 373
593 4 2 0 1 24 28 642 14
594 4 2 0 1 46 852 759 1170
595 4 2 0 1 396 1270 901 1432
596 4 2 0 1 396 1092 1270 1432
597 4 2 0 1 1089 402 989 1271
598 4 2 0 1 1743 12 38 1823
599 4 2 0 1 1090 1244 1285 403
600 4 2 0 1 750 1091 1804 1286
601 4 2 0 1 970 1307 1096 993
602 4 2 0 1 866 1307 970 356
603 4 2 0 1 905 1047 405 1288
604 4 2 0 1 1750 1700 1094 1288
605 4 2 0 1 1433 699 1841 971
606 4 2 0 1 1035 220 1433 971
607 4 2 0 1 1376 792 391 1249
608 4 2 0 1 937 792 1249 573
609 4 2 0 1 1253 795 1080 367
610 4 2 0 1 160 212 164 159
611 4 2 0 1 1253 953 795 367
612 4 2 0 1 3 1072 795 367
613 4 2 0 1 1140 1543 617 132
614 4 2 0 1 1632 1563 144 1486
615 4 2 0 1 924 1844 592 1319
616 4 2 0 1 359 1698 325 1852
617 4 2 0 1 871 1856 916 985
618 4 2 0 1 230 882 210 514
619 4 2 0 1 740 980 94 83
620 4 2 0 1 650 534 1572 970
621 4 2 0 1 1289 351 864 1327
622 4 2 0 1 1308 1152 1329 1097
623 4 2 0 1 1709 1471 607 1867
624 4 2 0 1 693 1266 734 1268
625 4 2 0 1 1266 693 492 1268
626 4 2 0 1 226 206 882 1054
627 4 2 0 1 226 211 882 206
628 4 2 0 1 46 1215 1707 1865
629 4 2 0 1 374 1507 1117 1043
630 4 2 0 1 374 1641 1507 1043
631 4 2 0 1 699 654 1154 1433
632 4 2 0 1 1204 1021 1460 739
633 4 2 0 1 1204 1460 1192 739
634 4 2 0 1 821 1874 1176 478
635 4 2 0 1 854 1212 1140 1161
636 4 2 0 1 822 121 1754 1033
637 4 2 0 1 519 89 81 98
638 4 2 0 1 822 1754 846 1033
639 4 2 0 1 590 136 139 130
640 4 2 0 1 202 187 215 195
641 4 2 0 1 131 1161 1212 854
642 4 2 0 1 1682 458 1715 774
643 4 2 0 1 1193 579 965 707
644 4 2 0 1 478 992 1176 821
645 4 2 0 1 1633 225 177 173
646 4 2 0 1 728 616 298 1460
647 4 2 0 1 1157 136 1449 590
648 4 2 0 1 166 174 213 162
649 4 2 0 1 339 1728 703 321
650 4 2 0 1 190 202 213 166
651 4 2 0 1 166 943 162 213
652 4 2 0 1 592 887 1532 719
653 4 2 0 1 202 174 213 166
654 4 2 0 1 648 887 719 1532
655 4 2 0 1 887 780 1532 621
656 4 2 0 1 1312 360 1344 1098
657 4 2 0 1 1311 354 888 1342
658 4 2 0 1 1167 1101 1343 355
659 4 2 0 1 1099 1345 828 361
660 4 2 0 1 897 728 298 1718
661 4 2 0 1 382 566 1718 1126
662 4 2 0 1 133 128 134 1661
663 4 2 0 1 1027 540 887 325
664 4 2 0 1 325 887 1319 540
665 4 2 0 1 1367 1183 365 1106
666 4 2 0 1 1030 866 1316 359
667 4 2 0 1 1868 372 1692 835
668 4 2 0 1 88 68 1301 69
669 4 2 0 1 1109 1658 1496 1596
670 4 2 0 1 1402 1792 1357 366
671 4 2 0 1 1335 867 360 1291
672 4 2 0 1 663 589 659 949
673 4 2 0 1 1540 663 659 949
674 4 2 0 1 358 1334 431 1108
675 4 2 0 1 868 1580 1336 361
676 4 2 0 1 484 1770 1318 410
677 4 2 0 1 410 1770 1318 595
678 4 2 0 1 484 928 1318 1770
679 4 2 0 1 1770 928 1318 595
680 4 2 0 1 1607 1007 445 1438
681 4 2 0 1 445 1007 795 1438
682 4 2 0 1 1007 628 1607 445
683 4 2 0 1 1007 1674 628 445
684 4 2 0 1 746 1874 1176 821
685 4 2 0 1 1584 699 729 1056
686 4 2 0 1 853 322 1000 341
687 4 2 0 1 1109 1370 368 1658
688 4 2 0 1 369 1110 1404 1371
689 4 2 0 1 478 1178 821 947
690 4 2 0 1 509 1125 1419 381
691 4 2 0 1 1318 890 1355 363
692 4 2 0 1 891 1356 364 452
693 4 2 0 1 1111 548 370 1405
694 4 2 0 1 1562 509 1419 381
695 4 2 0 1 1440 382 1374 1117
696 4 2 0 1 871 1360 985 377
697 4 2 0 1 985 1120 377 1360
698 4 2 0 1 1361 1411 1118 383
699 4 2 0 1 1348 872 1377 378
700 4 2 0 1 1119 1412 876 384
701 4 2 0 1 1119 384 876 1148
702 4 2 0 1 1212 667 1140 1161
703 4 2 0 1 127 667 1140 1486
704 4 2 0 1 391 1174 1014 877
705 4 2 0 1 1364 385 552 874
706 4 2 0 1 1014 877 1126 391
707 4 2 0 1 875 386 1390 1350
708 4 2 0 1 1127 1365 1415 392
709 4 2 0 1 1128 1416 1142 393
710 4 2 0 1 1386 385 1120 1756
711 4 2 0 1 1383 895 379 1513
712 4 2 0 1 1420 1387 386 1121
713 4 2 0 1 1418 896 380 1385
714 4 2 0 1 741 509 562 1562
715 4 2 0 1 1122 1421 387 1380
716 4 2 0 1 741 1766 1122 1544
717 4 2 0 1 1757 1129 394 1398
718 4 2 0 1 1396 1493 898 388
719 4 2 0 1 424 254 1506 255
720 4 2 0 1 423 742 522 495
721 4 2 0 1 395 1130 1428 1399
722 4 2 0 1 423 1522 522 742
723 4 2 0 1 423 440 820 495
724 4 2 0 1 436 1773 900 390
725 4 2 0 1 327 1573 1473 511
726 4 2 0 1 677 1718 1538 566
727 4 2 0 1 1061 1478 859 753
728 4 2 0 1 396 1703 568 727
729 4 2 0 1 1790 1173 929 1226
730 4 2 0 1 418 1074 689 232
731 4 2 0 1 1081 1235 377 1259
732 4 2 0 1 369 1238 1227 930
733 4 2 0 1 572 931 372 835
734 4 2 0 1 1824 1678 1217 287
735 4 2 0 1 1260 379 1083 1210
736 4 2 0 1 1217 1824 1676 658
737 4 2 0 1 656 1086 940 399
738 4 2 0 1 1087 392 1230 937
739 4 2 0 1 1231 1242 938 395
740 4 2 0 1 1237 1089 1271 402
741 4 2 0 1 1253 576 1080 795
742 4 2 0 1 1254 1079 375 1785
743 4 2 0 1 1278 1256 1082 378
744 4 2 0 1 592 1468 1844 924
745 4 2 0 1 675 1343 355 889
746 4 2 0 1 1279 1084 1762 380
747 4 2 0 1 380 1807 1084 1762
748 4 2 0 1 1277 373 1787 955
749 4 2 0 1 288 1072 909 1007
750 4 2 0 1 1788 1087 1265 400
751 4 2 0 1 1869 1546 921 909
752 4 2 0 1 1501 776 399 880
753 4 2 0 1 1869 921 1072 909
754 4 2 0 1 1788 1087 400 1759
755 4 2 0 1 702 776 1501 317
756 4 2 0 1 1285 1090 403 1267
757 4 2 0 1 1287 1093 1062 404
758 4 2 0 1 558 881 1497 777
759 4 2 0 1 558 777 731 403
760 4 2 0 1 590 1031 1157 130
761 4 2 0 1 558 1648 881 403
762 4 2 0 1 467 1697 1554 1492
763 4 2 0 1 1525 1697 1554 467
764 4 2 0 1 629 448 1434 518
765 4 2 0 1 191 446 195 202
766 4 2 0 1 187 202 446 190
767 4 2 0 1 1689 1198 430 690
768 4 2 0 1 1883 430 1043 1689
769 4 2 0 1 453 266 265 1151
770 4 2 0 1 453 266 1151 253
771 4 2 0 1 252 249 263 253
772 4 2 0 1 1182 1537 464 1073
773 4 2 0 1 243 354 1063 248
774 4 2 0 1 1052 1575 822 846
775 4 2 0 1 1640 1594 1060 428
776 4 2 0 1 351 1310 924 1196
777 4 2 0 1 775 1901 1055 362
778 4 2 0 1 204 1004 1136 205
779 4 2 0 1 1004 766 1136 205
780 4 2 0 1 568 939 1133 606
781 4 2 0 1 418 689 1006 232
782 4 2 0 1 132 1821 617 1140
783 4 2 0 1 132 1806 1821 1140
784 4 2 0 1 638 1506 763 267
785 4 2 0 1 57 76 80 62
786 4 2 0 1 1017 1019 1198 1323
787 4 2 0 1 673 750 1804 1286
788 4 2 0 1 797 1567 1779 113
789 4 2 0 1 534 652 863 1305
790 4 2 0 1 1572 863 534 652
791 4 2 0 1 1297 1067 449 1561
792 4 2 0 1 826 1692 1537 464
793 4 2 0 1 826 1692 464 798
794 4 2 0 1 352 1328 948 1341
795 4 2 0 1 265 354 1540 1063
796 4 2 0 1 1344 1098 360 1331
797 4 2 0 1 1343 355 1101 949
798 4 2 0 1 1346 363 1100 663
799 4 2 0 1 1537 464 1564 1182
800 4 2 0 1 817 381 1085 1458
801 4 2 0 1 1182 1891 462 1181
802 4 2 0 1 1540 646 265 462
803 4 2 0 1 1830 970 1096 993
804 4 2 0 1 650 969 1698 970
805 4 2 0 1 650 459 970 1818
806 4 2 0 1 707 701 1879 666
807 4 2 0 1 16 0 35 2
808 4 2 0 1 1370 1358 1109 368
809 4 2 0 1 1317 1291 360 927
810 4 2 0 1 1318 928 1313 1846
811 4 2 0 1 1188 81 67 61
812 4 2 0 1 1792 1357 1107 1402
813 4 2 0 1 1792 1790 1216 1107
814 4 2 0 1 369 1404 1110 1368
815 4 2 0 1 361 1354 1336 951
816 4 2 0 1 952 364 1356 1114
817 4 2 0 1 372 1793 1113 1406
818 4 2 0 1 1904 1051 1568 687
819 4 2 0 1 1051 1173 570 1475
820 4 2 0 1 845 1359 375 1197
821 4 2 0 1 1117 1374 1791 382
822 4 2 0 1 1362 1386 385 1120
823 4 2 0 1 1348 932 378 1382
824 4 2 0 1 1738 1388 1123 388
825 4 2 0 1 1561 933 1385 380
826 4 2 0 1 1221 390 1065 428
827 4 2 0 1 1221 1065 390 1164
828 4 2 0 1 1668 1221 1065 428
829 4 2 0 1 1221 1668 1065 1164
830 4 2 0 1 1751 934 1363 1437
831 4 2 0 1 445 795 1549 1438
832 4 2 0 1 1398 1129 394 1366
833 4 2 0 1 1395 1350 386 935
834 4 2 0 1 1736 936 1397 1389
835 4 2 0 1 396 1132 606 568
836 4 2 0 1 756 1827 289 1735
837 4 2 0 1 1509 1411 383 1118
838 4 2 0 1 1121 1379 386 1420
839 4 2 0 1 1762 1418 380 1534
840 4 2 0 1 958 381 1419 1761
841 4 2 0 1 1741 958 1761 381
842 4 2 0 1 146 155 143 1563
843 4 2 0 1 233 242 674 230
844 4 2 0 1 384 959 1414 1171
845 4 2 0 1 1392 1428 395 1130
846 4 2 0 1 961 428 390 1427
847 4 2 0 1 855 742 1771 1042
848 4 2 0 1 922 742 855 1529
849 4 2 0 1 1222 279 720 823
850 4 2 0 1 1045 818 1877 569
851 4 2 0 1 1877 1205 1827 818
852 4 2 0 1 1797 1513 1038 454
853 4 2 0 1 1877 818 1907 1535
854 4 2 0 1 569 818 1877 1535
855 4 2 0 1 913 381 817 1741
856 4 2 0 1 1724 1630 764 345
857 4 2 0 1 345 764 1722 1630
858 4 2 0 1 62 981 73 57
859 4 2 0 1 1264 1429 963 1393
860 4 2 0 1 1282 1429 963 1264
861 4 2 0 1 1137 966 444 405
862 4 2 0 1 557 433 644 679
863 4 2 0 1 461 67 81 61
864 4 2 0 1 356 993 1307 970
865 4 2 0 1 356 926 1307 993
866 4 2 0 1 1646 680 1297 290
867 4 2 0 1 79 461 67 81
868 4 2 0 1 1299 630 439 798
869 4 2 0 1 2 35 39 41
870 4 2 0 1 1014 627 1009 1490
871 4 2 0 1 1064 964 398 1060
872 4 2 0 1 376 1601 628 919
873 4 2 0 1 919 628 434 1601
874 4 2 0 1 318 399 656 940
875 4 2 0 1 72 66 1585 64
876 4 2 0 1 58 74 66 1585
877 4 2 0 1 629 448 596 1434
878 4 2 0 1 718 1027 621 325
879 4 2 0 1 1027 540 718 775
880 4 2 0 1 1676 373 972 658
881 4 2 0 1 39 1624 35 16
882 4 2 0 1 630 1299 1735 429
883 4 2 0 1 202 215 187 446
884 4 2 0 1 630 835 1692 931
885 4 2 0 1 16 1624 35 647
886 4 2 0 1 793 1893 1816 631
887 4 2 0 1 397 685 1133 614
888 4 2 0 1 397 964 685 614
889 4 2 0 1 354 243 265 1151
890 4 2 0 1 397 614 1133 1430
891 4 2 0 1 397 964 614 1430
892 4 2 0 1 1682 813 1881 458
893 4 2 0 1 221 217 986 188
894 4 2 0 1 969 356 866 970
895 4 2 0 1 650 459 969 970
896 4 2 0 1 248 354 1160 1570
897 4 2 0 1 1063 354 1160 248
898 4 2 0 1 1733 983 1156 331
899 4 2 0 1 940 1156 1232 400
900 4 2 0 1 221 217 1206 986
901 4 2 0 1 262 265 243 453
902 4 2 0 1 1185 511 327 1733
903 4 2 0 1 1869 292 1601 919
904 4 2 0 1 1601 1869 1007 292
905 4 2 0 1 376 1601 919 1869
906 4 2 0 1 1042 919 1149 292
907 4 2 0 1 376 1601 1869 1007
908 4 2 0 1 1322 968 1830 763
909 4 2 0 1 856 295 640 1845
910 4 2 0 1 1148 384 1845 681
911 4 2 0 1 1712 1702 1840 494
912 4 2 0 1 1188 67 54 61
913 4 2 0 1 1217 1678 658 285
914 4 2 0 1 1697 1678 285 658
915 4 2 0 1 1697 1678 1672 285
916 4 2 0 1 1766 1256 486 63
917 4 2 0 1 1766 63 577 1256
918 4 2 0 1 957 1256 486 1766
919 4 2 0 1 957 1766 577 1256
920 4 2 0 1 1165 1710 1837 1910
921 4 2 0 1 1716 1212 346 131
922 4 2 0 1 1716 457 141 154
923 4 2 0 1 794 505 354 1151
924 4 2 0 1 1334 409 1336 1403
925 4 2 0 1 1002 1334 1336 1403
926 4 2 0 1 1486 1212 1713 667
927 4 2 0 1 364 1847 1114 952
928 4 2 0 1 1214 1218 1525 1847
929 4 2 0 1 195 1035 203 1022
930 4 2 0 1 191 195 1035 203
931 4 2 0 1 79 81 85 461
932 4 2 0 1 98 97 89 538
933 4 2 0 1 67 61 461 60
934 4 2 0 1 658 1676 373 1787
935 4 2 0 1 56 1717 49 1774
936 4 2 0 1 1861 1805 536 625
937 4 2 0 1 1846 1564 747 1891
938 4 2 0 1 1181 1891 747 1564
939 4 2 0 1 374 1746 623 687
940 4 2 0 1 687 1029 1746 623
941 4 2 0 1 1568 1029 687 623
942 4 2 0 1 1136 1650 261 223
943 4 2 0 1 679 1519 942 1837
944 4 2 0 1 1136 223 261 181
945 4 2 0 1 1497 1233 1071 941
946 4 2 0 1 1136 261 224 181
947 4 2 0 1 949 1101 659 355
948 4 2 0 1 825 692 663 463
949 4 2 0 1 1280 1458 381 958
950 4 2 0 1 817 381 1458 1741
951 4 2 0 1 1829 1608 1512 290
952 4 2 0 1 1765 1625 1512 660
953 4 2 0 1 1215 1195 1776 1865
954 4 2 0 1 1141 734 615 1620
955 4 2 0 1 615 734 1913 1620
956 4 2 0 1 734 1913 686 615
957 4 2 0 1 897 728 1718 1654
958 4 2 0 1 616 1192 728 301
959 4 2 0 1 897 1654 301 728
960 4 2 0 1 507 1862 347 161
961 4 2 0 1 159 507 768 161
962 4 2 0 1 1540 825 659 663
963 4 2 0 1 1540 794 663 1100
964 4 2 0 1 1052 1575 1659 822
965 4 2 0 1 1194 1046 1045 1037
966 4 2 0 1 948 1720 352 1900
967 4 2 0 1 1040 1038 1150 1764
968 4 2 0 1 1716 346 1449 131
969 4 2 0 1 1716 346 150 148
970 4 2 0 1 1553 1643 1222 1662
971 4 2 0 1 1573 1517 1666 1795
972 4 2 0 1 50 531 1871 51
973 4 2 0 1 889 355 1433 654
974 4 2 0 1 1326 536 1861 1330
975 4 2 0 1 1056 1433 1841 355
976 4 2 0 1 838 699 1056 654
977 4 2 0 1 654 1433 1056 355
978 4 2 0 1 76 68 80 62
979 4 2 0 1 76 69 68 62
980 4 2 0 1 76 1301 68 69
981 4 2 0 1 1061 1478 889 859
982 4 2 0 1 889 1478 654 859
983 4 2 0 1 179 418 514 1006
984 4 2 0 1 799 418 514 179
985 4 2 0 1 231 243 262 1063
986 4 2 0 1 1900 948 1061 352
987 4 2 0 1 1544 910 1885 1569
988 4 2 0 1 1633 220 737 225
989 4 2 0 1 1526 259 1570 248
990 4 2 0 1 58 1801 1585 66
991 4 2 0 1 1210 1067 379 1144
992 4 2 0 1 248 243 354 253
993 4 2 0 1 1300 1575 1659 111
994 4 2 0 1 329 1521 861 1078
995 4 2 0 1 392 1190 1619 1667
996 4 2 0 1 1561 933 380 680
997 4 2 0 1 1297 1067 1561 680
998 4 2 0 1 1480 1467 685 1060
999 4 2 0 1 1849 730 1631 398
1000 4 2 0 1 973 1038 895 1040
1001 4 2 0 1 1038 1513 895 1748
1002 4 2 0 1 1594 451 1593 1649
1003 4 2 0 1 1513 1038 895 973
1004 4 2 0 1 895 1038 1748 1150
1005 4 2 0 1 1040 1038 895 1150
1006 4 2 0 1 1508 693 1293 686
1007 4 2 0 1 1856 430 1641 437
1008 4 2 0 1 661 852 705 1013
1009 4 2 0 1 112 110 108 532
1010 4 2 0 1 112 1583 110 532
1011 4 2 0 1 287 1678 285 1672
1012 4 2 0 1 1886 934 383 1751
1013 4 2 0 1 1766 63 486 1255
1014 4 2 0 1 62 57 73 91
1015 4 2 0 1 952 364 1847 692
1016 4 2 0 1 463 842 1073 692
1017 4 2 0 1 259 1570 248 539
1018 4 2 0 1 250 235 1808 539
1019 4 2 0 1 1146 862 1059 587
1020 4 2 0 1 1146 657 821 587
1021 4 2 0 1 1473 695 1759 400
1022 4 2 0 1 675 1343 949 355
1023 4 2 0 1 1004 205 229 694
1024 4 2 0 1 1004 1570 229 765
1025 4 2 0 1 992 1178 651 1556
1026 4 2 0 1 1319 1309 1305 652
1027 4 2 0 1 1319 1305 1309 583
1028 4 2 0 1 1319 325 1309 652
1029 4 2 0 1 1067 1324 1738 1123
1030 4 2 0 1 1738 1324 1833 1123
1031 4 2 0 1 180 1442 221 172
1032 4 2 0 1 300 996 482 1859
1033 4 2 0 1 996 426 482 1859
1034 4 2 0 1 711 1880 1294 1532
1035 4 2 0 1 1315 357 1152 1308
1036 4 2 0 1 1516 370 440 619
1037 4 2 0 1 590 1157 136 130
1038 4 2 0 1 1192 301 299 1873
1039 4 2 0 1 1054 1006 514 689
1040 4 2 0 1 1191 1637 333 983
1041 4 2 0 1 1474 941 1237 1637
1042 4 2 0 1 91 73 62 68
1043 4 2 0 1 91 57 80 62
1044 4 2 0 1 54 61 67 60
1045 4 2 0 1 54 67 52 60
1046 4 2 0 1 54 52 51 60
1047 4 2 0 1 760 296 1324 1822
1048 4 2 0 1 1781 405 905 1047
1049 4 2 0 1 769 355 1202 971
1050 4 2 0 1 1160 675 355 769
1051 4 2 0 1 1650 766 1202 971
1052 4 2 0 1 1202 1160 766 1136
1053 4 2 0 1 1202 1160 355 769
1054 4 2 0 1 343 1683 759 1102
1055 4 2 0 1 325 652 780 274
1056 4 2 0 1 759 343 537 1683
1057 4 2 0 1 100 344 99 90
1058 4 2 0 1 405 1047 1639 1094
1059 4 2 0 1 1527 99 344 90
1060 4 2 0 1 1836 348 1514 1504
1061 4 2 0 1 555 331 1517 1574
1062 4 2 0 1 706 627 1490 1009
1063 4 2 0 1 1788 1759 400 1517
1064 4 2 0 1 349 1325 947 821
1065 4 2 0 1 1759 1879 310 1666
1066 4 2 0 1 1325 587 947 821
1067 4 2 0 1 447 715 1814 480
1068 4 2 0 1 447 1814 1452 480
1069 4 2 0 1 233 226 230 674
1070 4 2 0 1 1583 1510 1630 1443
1071 4 2 0 1 1583 1630 1510 1559
1072 4 2 0 1 779 444 1137 709
1073 4 2 0 1 568 1133 939 397
1074 4 2 0 1 568 1298 1133 397
1075 4 2 0 1 889 1167 654 722
1076 4 2 0 1 889 1167 355 654
1077 4 2 0 1 889 1167 722 542
1078 4 2 0 1 654 1056 1167 355
1079 4 2 0 1 778 725 689 986
1080 4 2 0 1 1710 1001 1837 1092
1081 4 2 0 1 480 716 1750 315
1082 4 2 0 1 1584 729 697 1056
1083 4 2 0 1 729 1760 697 1056
1084 4 2 0 1 494 1531 686 665
1085 4 2 0 1 687 1043 1902 374
1086 4 2 0 1 374 1043 1746 687
1087 4 2 0 1 559 1600 942 567
1088 4 2 0 1 1852 718 1596 1903
1089 4 2 0 1 559 1600 861 942
1090 4 2 0 1 734 401 1620 1186
1091 4 2 0 1 559 1600 1644 861
1092 4 2 0 1 906 1732 433 1592
1093 4 2 0 1 806 1197 995 1180
1094 4 2 0 1 1449 148 139 136
1095 4 2 0 1 887 1695 719 1842
1096 4 2 0 1 653 1073 826 1537
1097 4 2 0 1 1554 465 1625 653
1098 4 2 0 1 1554 465 1492 1625
1099 4 2 0 1 1857 720 358 1213
1100 4 2 0 1 199 721 347 200
1101 4 2 0 1 889 859 1433 769
1102 4 2 0 1 1837 557 644 679
1103 4 2 0 1 428 1594 1060 1467
1104 4 2 0 1 428 1594 1467 1649
1105 4 2 0 1 1439 877 726 394
1106 4 2 0 1 1439 877 394 1565
1107 4 2 0 1 1122 1225 551 1380
1108 4 2 0 1 1122 1225 1663 551
1109 4 2 0 1 723 1498 1763 1599
1110 4 2 0 1 1498 723 404 1878
1111 4 2 0 1 1217 972 1048 831
1112 4 2 0 1 1698 359 866 1030
1113 4 2 0 1 1669 969 1030 1698
1114 4 2 0 1 1298 1736 568 1133
1115 4 2 0 1 1436 402 989 1767
1116 4 2 0 1 526 1257 892 368
1117 4 2 0 1 212 185 197 164
1118 4 2 0 1 212 185 164 159
1119 4 2 0 1 526 1257 368 1081
1120 4 2 0 1 1761 946 1125 1164
1121 4 2 0 1 1640 1221 730 1638
1122 4 2 0 1 1125 946 436 1164
1123 4 2 0 1 1657 353 1695 1831
1124 4 2 0 1 1086 391 1175 792
1125 4 2 0 1 1175 1863 1302 792
1126 4 2 0 1 324 1810 401 1620
1127 4 2 0 1 1186 669 1141 513
1128 4 2 0 1 355 1841 1202 971
1129 4 2 0 1 1433 1841 355 971
1130 4 2 0 1 456 1861 443 785
1131 4 2 0 1 1021 739 998 1460
1132 4 2 0 1 1877 1046 1045 1194
1133 4 2 0 1 746 357 1455 1097
1134 4 2 0 1 1088 579 1266 1193
1135 4 2 0 1 1875 687 1029 1902
1136 4 2 0 1 1875 1568 1029 687
1137 4 2 0 1 1766 873 1378 1663
1138 4 2 0 1 868 536 1330 1861
1139 4 2 0 1 423 619 440 522
1140 4 2 0 1 1337 1199 1321 484
1141 4 2 0 1 532 98 89 538
1142 4 2 0 1 1321 1199 260 484
1143 4 2 0 1 750 1840 673 1623
1144 4 2 0 1 851 1106 365 1614
1145 4 2 0 1 1880 650 274 745
1146 4 2 0 1 1803 1055 362 747
1147 4 2 0 1 1564 747 920 429
1148 4 2 0 1 89 532 95 98
1149 4 2 0 1 1730 1313 928 1846
1150 4 2 0 1 22 20 26 25
1151 4 2 0 1 22 26 20 27
1152 4 2 0 1 803 649 749 1477
1153 4 2 0 1 1654 897 1135 1302
1154 4 2 0 1 45 531 50 1211
1155 4 2 0 1 1794 313 306 1680
1156 4 2 0 1 546 818 1770 1112
1157 4 2 0 1 1721 497 1570 675
1158 4 2 0 1 1721 497 1061 1341
1159 4 2 0 1 1092 1837 1710 1910
1160 4 2 0 1 1814 398 1533 1094
1161 4 2 0 1 1205 371 1827 818
1162 4 2 0 1 1205 1827 1083 1046
1163 4 2 0 1 1205 1684 371 818
1164 4 2 0 1 1205 1046 1083 1068
1165 4 2 0 1 1205 1068 371 1684
1166 4 2 0 1 1578 825 683 659
1167 4 2 0 1 1053 1552 1816 286
1168 4 2 0 1 293 1066 1761 1828
1169 4 2 0 1 1848 852 591 1743
1170 4 2 0 1 1848 852 1013 591
1171 4 2 0 1 642 978 591 18
1172 4 2 0 1 10 19 591 31
1173 4 2 0 1 19 1145 591 31
1174 4 2 0 1 445 1785 576 1674
1175 4 2 0 1 1785 1674 956 576
1176 4 2 0 1 763 503 710 1448
1177 4 2 0 1 763 923 1455 503
1178 4 2 0 1 763 923 503 1448
1179 4 2 0 1 956 628 376 1674
1180 4 2 0 1 1624 16 39 1777
1181 4 2 0 1 620 953 367 438
1182 4 2 0 1 1808 1719 1069 250
1183 4 2 0 1 1619 937 1523 392
1184 4 2 0 1 758 810 1619 1523
1185 4 2 0 1 653 465 826 1073
1186 4 2 0 1 653 826 465 1625
1187 4 2 0 1 1052 111 1575 101
1188 4 2 0 1 1659 1575 1052 111
1189 4 2 0 1 291 760 1324 454
1190 4 2 0 1 803 1904 1475 1173
1191 4 2 0 1 3 1072 1643 1553
1192 4 2 0 1 681 774 466 1845
1193 4 2 0 1 1010 391 1009 1014
1194 4 2 0 1 295 681 774 819
1195 4 2 0 1 857 1831 1901 1802
1196 4 2 0 1 1543 132 850 1636
1197 4 2 0 1 1729 264 646 733
1198 4 2 0 1 1031 1157 1449 590
1199 4 2 0 1 512 513 1015 669
1200 4 2 0 1 512 513 525 1015
1201 4 2 0 1 1192 1440 382 1873
1202 4 2 0 1 1192 1873 299 1705
1203 4 2 0 1 727 915 568 939
1204 4 2 0 1 1161 667 1140 127
1205 4 2 0 1 556 1497 1071 941
1206 4 2 0 1 1638 1221 832 1640
1207 4 2 0 1 1618 506 33 854
1208 4 2 0 1 432 364 891 542
1209 4 2 0 1 435 604 1523 758
1210 4 2 0 1 435 604 758 1863
1211 4 2 0 1 1766 63 522 624
1212 4 2 0 1 1209 1655 1075 1208
1213 4 2 0 1 698 230 1714 1074
1214 4 2 0 1 230 674 698 1714
1215 4 2 0 1 694 185 205 229
1216 4 2 0 1 1521 319 1078 1800
1217 4 2 0 1 213 446 753 191
1218 4 2 0 1 658 1492 467 1765
1219 4 2 0 1 467 658 1697 1492
1220 4 2 0 1 1023 244 824 732
1221 4 2 0 1 824 719 244 648
1222 4 2 0 1 675 949 1160 355
1223 4 2 0 1 240 1657 732 814
1224 4 2 0 1 1092 1680 848 1910
1225 4 2 0 1 1501 1524 399 776
1226 4 2 0 1 1295 762 656 776
1227 4 2 0 1 1639 999 309 1533
1228 4 2 0 1 480 1533 309 999
1229 4 2 0 1 1639 704 999 1533
1230 4 2 0 1 1217 287 1678 285
1231 4 2 0 1 163 226 206 211
1232 4 2 0 1 1542 1044 916 985
1233 4 2 0 1 1150 1748 377 1044
1234 4 2 0 1 1897 1667 1879 310
1235 4 2 0 1 690 1689 545 430
1236 4 2 0 1 545 1689 1043 430
1237 4 2 0 1 1302 656 792 662
1238 4 2 0 1 573 662 792 656
1239 4 2 0 1 1711 405 1505 1758
1240 4 2 0 1 725 199 1890 200
1241 4 2 0 1 654 699 1056 1433
1242 4 2 0 1 1556 717 712 651
1243 4 2 0 1 712 717 1832 651
1244 4 2 0 1 651 712 1074 1832
1245 4 2 0 1 782 1660 1432 1036
1246 4 2 0 1 776 317 880 1501
1247 4 2 0 1 148 908 1147 184
1248 4 2 0 1 148 908 157 1147
1249 4 2 0 1 1458 786 817 1741
1250 4 2 0 1 1801 1163 645 66
1251 4 2 0 1 1801 645 1585 66
1252 4 2 0 1 1168 233 1719 250
1253 4 2 0 1 952 1347 364 692
1254 4 2 0 1 952 1347 692 589
1255 4 2 0 1 1031 805 1858 850
1256 4 2 0 1 1742 104 101 96
1257 4 2 0 1 753 238 446 213
1258 4 2 0 1 786 293 913 1741
1259 4 2 0 1 297 1493 1839 787
1260 4 2 0 1 1651 915 1752 397
1261 4 2 0 1 75 80 57 76
1262 4 2 0 1 269 737 225 1633
1263 4 2 0 1 269 971 1626 271
1264 4 2 0 1 503 516 1455 763
1265 4 2 0 1 28 13 20 978
1266 4 2 0 1 763 1455 1577 516
1267 4 2 0 1 642 978 28 31
1268 4 2 0 1 28 26 20 25
1269 4 2 0 1 642 28 13 14
1270 4 2 0 1 991 258 471 773
1271 4 2 0 1 642 28 24 31
1272 4 2 0 1 1056 1841 697 355
1273 4 2 0 1 1606 645 64 1585
1274 4 2 0 1 1606 645 1585 688
1275 4 2 0 1 1606 1585 1028 688
1276 4 2 0 1 1585 1606 1028 64
1277 4 2 0 1 757 721 347 753
1278 4 2 0 1 148 347 757 200
1279 4 2 0 1 753 757 1670 347
1280 4 2 0 1 148 347 1670 757
1281 4 2 0 1 721 200 757 347
1282 4 2 0 1 1531 750 1623 734
1283 4 2 0 1 651 1074 478 1832
1284 4 2 0 1 482 996 1452 426
1285 4 2 0 1 1489 1175 1086 391
1286 4 2 0 1 1039 1684 569 1658
1287 4 2 0 1 1496 1109 368 1658
1288 4 2 0 1 1039 892 1658 1040
1289 4 2 0 1 1039 1068 1684 892
1290 4 2 0 1 1039 892 1684 1658
1291 4 2 0 1 1194 1797 1046 1037
1292 4 2 0 1 981 967 1105 1717
1293 4 2 0 1 981 1683 967 1717
1294 4 2 0 1 1037 973 1068 1040
1295 4 2 0 1 696 1020 1223 607
1296 4 2 0 1 716 669 1015 1024
1297 4 2 0 1 716 1024 1015 1091
1298 4 2 0 1 1504 1514 1207 348
1299 4 2 0 1 1757 394 1129 1565
1300 4 2 0 1 100 109 114 107
1301 4 2 0 1 114 100 1510 109
1302 4 2 0 1 1718 566 1863 1126
1303 4 2 0 1 897 1654 1718 1863
1304 4 2 0 1 777 1497 555 1574
1305 4 2 0 1 1574 331 1156 1497
1306 4 2 0 1 1468 748 883 773
1307 4 2 0 1 1510 99 100 1559
1308 4 2 0 1 664 405 1758 1781
1309 4 2 0 1 1738 1833 388 1123
1310 4 2 0 1 759 1683 1896 1102
1311 4 2 0 1 1478 721 757 753
1312 4 2 0 1 210 514 418 230
1313 4 2 0 1 387 1380 1225 1122
1314 4 2 0 1 1544 1885 1453 1569
1315 4 2 0 1 136 1449 590 139
1316 4 2 0 1 830 1449 139 590
1317 4 2 0 1 1805 361 1099 828
1318 4 2 0 1 1450 405 1781 1047
1319 4 2 0 1 1168 674 242 256
1320 4 2 0 1 1729 1782 264 733
1321 4 2 0 1 1319 1320 260 540
1322 4 2 0 1 1321 540 1319 260
1323 4 2 0 1 57 56 1774 1717
1324 4 2 0 1 993 926 516 356
1325 4 2 0 1 1159 516 763 1830
1326 4 2 0 1 628 376 1007 1601
1327 4 2 0 1 1007 376 628 1674
1328 4 2 0 1 1607 628 1007 1601
1329 4 2 0 1 171 203 191 694
1330 4 2 0 1 191 1035 694 203
1331 4 2 0 1 621 1027 648 887
1332 4 2 0 1 1858 850 1543 132
1333 4 2 0 1 985 1200 871 1856
1334 4 2 0 1 1542 985 1856 1200
1335 4 2 0 1 785 668 625 1861
1336 4 2 0 1 785 696 625 668
1337 4 2 0 1 1045 1684 1205 818
1338 4 2 0 1 708 784 1590 807
1339 4 2 0 1 1418 1562 1417 419
1340 4 2 0 1 561 1417 419 1418
1341 4 2 0 1 896 1279 1417 1418
1342 4 2 0 1 561 1417 1418 896
1343 4 2 0 1 808 1050 1171 1645
1344 4 2 0 1 1473 1156 1574 331
1345 4 2 0 1 42 1557 783 1139
1346 4 2 0 1 718 1199 540 325
1347 4 2 0 1 1071 1233 1244 941
1348 4 2 0 1 359 1199 325 1321
1349 4 2 0 1 207 1063 208 204
1350 4 2 0 1 517 1653 1142 442
1351 4 2 0 1 786 1609 293 836
1352 4 2 0 1 1624 35 647 914
1353 4 2 0 1 913 944 786 817
1354 4 2 0 1 1676 786 944 817
1355 4 2 0 1 1624 647 1664 914
1356 4 2 0 1 1491 820 286 1516
1357 4 2 0 1 887 353 1842 1579
1358 4 2 0 1 887 1579 1320 353
1359 4 2 0 1 1491 286 994 1603
1360 4 2 0 1 778 689 350 1466
1361 4 2 0 1 725 689 350 778
1362 4 2 0 1 1074 350 689 1466
1363 4 2 0 1 698 350 689 1074
1364 4 2 0 1 698 350 725 689
1365 4 2 0 1 1137 1781 796 1758
1366 4 2 0 1 470 1067 1324 678
1367 4 2 0 1 1324 1067 1297 678
1368 4 2 0 1 236 221 1466 689
1369 4 2 0 1 854 764 1872 1543
1370 4 2 0 1 854 1872 1161 1140
1371 4 2 0 1 384 876 554 1414
1372 4 2 0 1 384 1414 554 1128
1373 4 2 0 1 1845 876 554 384
1374 4 2 0 1 801 384 554 1128
1375 4 2 0 1 718 1770 1783 362
1376 4 2 0 1 887 1579 672 481
1377 4 2 0 1 887 1579 481 1320
1378 4 2 0 1 197 205 229 207
1379 4 2 0 1 1038 671 1513 1748
1380 4 2 0 1 1038 844 1513 671
1381 4 2 0 1 1211 1624 47 39
1382 4 2 0 1 1038 1748 1044 671
1383 4 2 0 1 426 398 715 1431
1384 4 2 0 1 426 398 1814 715
1385 4 2 0 1 229 205 197 185
1386 4 2 0 1 275 717 635 270
1387 4 2 0 1 1216 1790 1792 804
1388 4 2 0 1 366 804 1790 1173
1389 4 2 0 1 1449 346 1716 148
1390 4 2 0 1 151 213 943 1670
1391 4 2 0 1 141 1716 1449 134
1392 4 2 0 1 830 1449 141 139
1393 4 2 0 1 830 134 141 1449
1394 4 2 0 1 515 1749 1757 563
1395 4 2 0 1 515 1757 1749 1075
1396 4 2 0 1 1187 793 828 432
1397 4 2 0 1 1584 364 432 542
1398 4 2 0 1 1574 1473 400 1156
1399 4 2 0 1 914 1664 1896 1479
1400 4 2 0 1 914 1664 1624 1896
1401 4 2 0 1 1624 1664 1102 1896
1402 4 2 0 1 1543 1636 617 132
1403 4 2 0 1 829 440 1491 1275
1404 4 2 0 1 197 229 185 212
1405 4 2 0 1 373 972 658 1772
1406 4 2 0 1 212 768 229 185
1407 4 2 0 1 1584 1893 838 722
1408 4 2 0 1 838 654 1167 722
1409 4 2 0 1 1765 826 1512 1625
1410 4 2 0 1 883 773 258 1468
1411 4 2 0 1 1512 1868 1625 826
1412 4 2 0 1 458 813 1881 1870
1413 4 2 0 1 742 376 1771 1042
1414 4 2 0 1 742 873 376 1522
1415 4 2 0 1 742 376 873 1771
1416 4 2 0 1 1869 376 742 1042
1417 4 2 0 1 376 742 1522 1869
1418 4 2 0 1 351 1719 948 1721
1419 4 2 0 1 729 1760 1056 699
1420 4 2 0 1 699 1760 1056 1841
1421 4 2 0 1 1503 325 621 274
1422 4 2 0 1 1503 325 274 652
1423 4 2 0 1 1503 325 652 1698
1424 4 2 0 1 388 1876 1493 1520
1425 4 2 0 1 671 1520 1219 297
1426 4 2 0 1 668 862 1861 1857
1427 4 2 0 1 1742 101 64 96
1428 4 2 0 1 106 1742 1052 846
1429 4 2 0 1 1742 64 1028 96
1430 4 2 0 1 1531 1143 615 827
1431 4 2 0 1 17 978 642 18
1432 4 2 0 1 1570 354 888 481
1433 4 2 0 1 821 657 1176 746
1434 4 2 0 1 992 1146 1176 821
1435 4 2 0 1 638 746 1455 349
1436 4 2 0 1 913 1609 293 786
1437 4 2 0 1 1902 988 1323 1875
1438 4 2 0 1 1875 1475 1902 988
1439 4 2 0 1 365 1614 1902 1323
1440 4 2 0 1 365 1323 1902 988
1441 4 2 0 1 844 1520 671 297
1442 4 2 0 1 844 297 1704 1520
1443 4 2 0 1 301 1654 1008 382
1444 4 2 0 1 302 907 1703 781
1445 4 2 0 1 944 1676 637 1048
1446 4 2 0 1 1048 1676 637 1912
1447 4 2 0 1 1676 1912 1048 972
1448 4 2 0 1 741 1766 1562 1122
1449 4 2 0 1 1054 199 514 1006
1450 4 2 0 1 533 231 1063 243
1451 4 2 0 1 992 1178 1556 862
1452 4 2 0 1 1867 1206 607 1709
1453 4 2 0 1 236 221 1011 1466
1454 4 2 0 1 1760 825 697 683
1455 4 2 0 1 659 683 1841 697
1456 4 2 0 1 855 295 640 856
1457 4 2 0 1 1778 1763 404 861
1458 4 2 0 1 855 295 1148 640
1459 4 2 0 1 743 640 856 855
1460 4 2 0 1 851 1322 1017 1511
1461 4 2 0 1 1848 591 1664 1624
1462 4 2 0 1 396 1036 1703 727
1463 4 2 0 1 853 326 1798 1000
1464 4 2 0 1 854 33 1724 506
1465 4 2 0 1 1793 1537 1113 600
1466 4 2 0 1 1793 1537 1692 1113
1467 4 2 0 1 1772 1555 831 452
1468 4 2 0 1 548 452 1555 1772
1469 4 2 0 1 1156 1497 881 1574
1470 4 2 0 1 777 881 1497 1574
1471 4 2 0 1 814 1657 732 273
1472 4 2 0 1 272 1153 1657 1628
1473 4 2 0 1 1530 247 1628 1153
1474 4 2 0 1 814 1657 273 272
1475 4 2 0 1 282 1322 851 1818
1476 4 2 0 1 1802 1782 857 272
1477 4 2 0 1 1322 1106 851 1818
1478 4 2 0 1 769 694 1004 675
1479 4 2 0 1 1743 1777 12 18
1480 4 2 0 1 16 647 6 18
1481 4 2 0 1 1475 1904 687 1051
1482 4 2 0 1 651 1178 992 478
1483 4 2 0 1 1475 1051 687 570
1484 4 2 0 1 687 1051 845 570
1485 4 2 0 1 84 65 71 1195
1486 4 2 0 1 559 942 1586 679
1487 4 2 0 1 559 861 1644 1581
1488 4 2 0 1 330 1498 1581 1644
1489 4 2 0 1 330 1581 1498 1032
1490 4 2 0 1 559 861 1581 1586
1491 4 2 0 1 1586 861 329 1521
1492 4 2 0 1 634 402 1732 1474
1493 4 2 0 1 992 821 1178 1146
1494 4 2 0 1 751 1907 755 756
1495 4 2 0 1 992 1146 1178 862
1496 4 2 0 1 1167 1056 697 355
1497 4 2 0 1 1337 718 1770 546
1498 4 2 0 1 1061 1341 889 352
1499 4 2 0 1 554 1391 1653 1393
1500 4 2 0 1 554 1652 1653 1391
1501 4 2 0 1 1391 1131 1653 1393
1502 4 2 0 1 1653 1652 1131 1391
1503 4 2 0 1 1124 1418 380 1385
1504 4 2 0 1 1534 1418 380 1124
1505 4 2 0 1 1181 1891 1564 1182
1506 4 2 0 1 1907 751 755 1451
1507 4 2 0 1 294 1440 911 985
1508 4 2 0 1 1440 549 985 1507
1509 4 2 0 1 1440 911 985 549
1510 4 2 0 1 294 1440 985 1507
1511 4 2 0 1 230 242 674 1714
1512 4 2 0 1 1188 344 55 1104
1513 4 2 0 1 1188 980 344 1104
1514 4 2 0 1 1826 344 55 1188
1515 4 2 0 1 271 683 1841 1650
1516 4 2 0 1 89 95 81 98
1517 4 2 0 1 1192 1440 1873 1705
1518 4 2 0 1 517 856 1142 774
1519 4 2 0 1 774 1142 801 856
1520 4 2 0 1 765 248 1570 235
1521 4 2 0 1 348 1303 863 1207
1522 4 2 0 1 1572 863 348 1303
1523 4 2 0 1 745 1514 1572 863
1524 4 2 0 1 350 1326 698 865
1525 4 2 0 1 350 668 1326 865
1526 4 2 0 1 533 248 243 1063
1527 4 2 0 1 533 1063 886 765
1528 4 2 0 1 886 765 1063 1004
1529 4 2 0 1 1478 238 859 753
1530 4 2 0 1 866 534 1698 970
1531 4 2 0 1 1478 859 238 858
1532 4 2 0 1 866 1314 1307 356
1533 4 2 0 1 142 1563 144 1632
1534 4 2 0 1 1308 1152 867 1329
1535 4 2 0 1 1315 1152 867 1308
1536 4 2 0 1 1333 1152 1329 867
1537 4 2 0 1 1861 1330 868 358
1538 4 2 0 1 358 1330 868 1334
1539 4 2 0 1 358 1334 868 431
1540 4 2 0 1 1367 869 365 1183
1541 4 2 0 1 870 1357 1226 366
1542 4 2 0 1 870 1402 1357 366
1543 4 2 0 1 1251 366 1402 870
1544 4 2 0 1 221 778 1466 689
1545 4 2 0 1 1108 1403 608 367
1546 4 2 0 1 374 871 1641 1248
1547 4 2 0 1 1200 1507 871 1641
1548 4 2 0 1 374 871 1248 845
1549 4 2 0 1 1117 845 871 374
1550 4 2 0 1 375 872 1228 1254
1551 4 2 0 1 1359 1228 375 872
1552 4 2 0 1 1719 351 864 991
1553 4 2 0 1 873 1255 376 1522
1554 4 2 0 1 1889 1659 1724 822
1555 4 2 0 1 873 1255 1410 376
1556 4 2 0 1 873 1771 376 1410
1557 4 2 0 1 233 1168 1719 674
1558 4 2 0 1 1440 382 874 1374
1559 4 2 0 1 1873 382 874 1440
1560 4 2 0 1 1374 1375 382 874
1561 4 2 0 1 1873 874 382 1014
1562 4 2 0 1 1126 874 1014 382
1563 4 2 0 1 1361 875 1411 383
1564 4 2 0 1 1361 875 383 1363
1565 4 2 0 1 383 875 1411 1413
1566 4 2 0 1 383 875 1413 1363
1567 4 2 0 1 384 876 1414 1412
1568 4 2 0 1 876 1845 554 442
1569 4 2 0 1 391 877 1126 1376
1570 4 2 0 1 391 1249 877 1376
1571 4 2 0 1 246 424 267 255
1572 4 2 0 1 1174 1249 877 391
1573 4 2 0 1 627 1014 1174 877
1574 4 2 0 1 1365 878 392 1230
1575 4 2 0 1 1415 1365 878 392
1576 4 2 0 1 1261 1415 878 392
1577 4 2 0 1 1230 878 392 1261
1578 4 2 0 1 902 397 1243 1401
1579 4 2 0 1 902 1430 397 1401
1580 4 2 0 1 902 1283 397 1430
1581 4 2 0 1 902 397 1283 1243
1582 4 2 0 1 399 880 1768 1250
1583 4 2 0 1 399 1768 880 776
1584 4 2 0 1 399 880 1250 940
1585 4 2 0 1 1574 1232 881 1156
1586 4 2 0 1 1574 1232 1156 400
1587 4 2 0 1 401 1266 734 693
1588 4 2 0 1 742 855 1529 1042
1589 4 2 0 1 654 859 858 1154
1590 4 2 0 1 858 1154 838 654
1591 4 2 0 1 728 382 1718 1654
1592 4 2 0 1 739 382 566 728
1593 4 2 0 1 731 1840 1623 494
1594 4 2 0 1 992 1178 821 478
1595 4 2 0 1 780 1319 887 592
1596 4 2 0 1 1196 888 351 1310
1597 4 2 0 1 351 1721 1340 888
1598 4 2 0 1 1310 888 351 1340
1599 4 2 0 1 248 235 539 1570
1600 4 2 0 1 1196 888 1739 351
1601 4 2 0 1 352 1478 1061 1900
1602 4 2 0 1 1805 1332 361 868
1603 4 2 0 1 889 542 722 352
1604 4 2 0 1 1805 1580 868 361
1605 4 2 0 1 1213 358 1857 443
1606 4 2 0 1 431 358 1213 443
1607 4 2 0 1 359 1199 1321 1337
1608 4 2 0 1 359 718 1337 1596
1609 4 2 0 1 1312 360 890 1344
1610 4 2 0 1 1317 360 890 1312
1611 4 2 0 1 1344 1353 360 890
1612 4 2 0 1 1317 360 1353 890
1613 4 2 0 1 1463 891 361 793
1614 4 2 0 1 1549 1673 1792 953
1615 4 2 0 1 793 361 828 891
1616 4 2 0 1 828 1345 891 361
1617 4 2 0 1 361 891 1354 1345
1618 4 2 0 1 361 1354 891 1463
1619 4 2 0 1 1658 1370 368 892
1620 4 2 0 1 368 892 1370 1257
1621 4 2 0 1 369 893 1238 1371
1622 4 2 0 1 369 1404 893 1371
1623 4 2 0 1 106 822 846 1052
1624 4 2 0 1 369 1404 1274 893
1625 4 2 0 1 369 893 1274 1238
1626 4 2 0 1 1405 370 1275 894
1627 4 2 0 1 548 894 370 1405
1628 4 2 0 1 1275 370 1603 894
1629 4 2 0 1 1240 378 1382 896
1630 4 2 0 1 1278 896 378 1240
1631 4 2 0 1 1278 1417 378 896
1632 4 2 0 1 1417 378 896 1382
1633 4 2 0 1 1175 1302 1654 1135
1634 4 2 0 1 1302 1654 897 1863
1635 4 2 0 1 1863 1302 1654 1175
1636 4 2 0 1 1386 385 1756 898
1637 4 2 0 1 1394 385 1386 898
1638 4 2 0 1 0 36 35 2
1639 4 2 0 1 423 522 440 495
1640 4 2 0 1 1749 898 385 1394
1641 4 2 0 1 1749 1493 1756 898
1642 4 2 0 1 899 386 1387 1395
1643 4 2 0 1 899 1387 386 1420
1644 4 2 0 1 899 386 1424 1420
1645 4 2 0 1 440 624 1253 1275
1646 4 2 0 1 1424 386 899 1395
1647 4 2 0 1 440 370 1491 1275
1648 4 2 0 1 1491 1603 1275 370
1649 4 2 0 1 1421 387 1425 900
1650 4 2 0 1 900 387 1425 565
1651 4 2 0 1 901 394 1269 1398
1652 4 2 0 1 394 1269 1208 901
1653 4 2 0 1 395 902 1242 1399
1654 4 2 0 1 1189 313 326 322
1655 4 2 0 1 395 1428 902 1399
1656 4 2 0 1 395 1281 902 1428
1657 4 2 0 1 395 902 1281 1242
1658 4 2 0 1 715 1892 633 1429
1659 4 2 0 1 715 480 447 633
1660 4 2 0 1 1271 402 989 903
1661 4 2 0 1 1732 989 402 903
1662 4 2 0 1 633 480 447 1567
1663 4 2 0 1 1285 1244 904 403
1664 4 2 0 1 1285 904 1155 403
1665 4 2 0 1 1648 904 403 1155
1666 4 2 0 1 673 1840 1286 905
1667 4 2 0 1 673 1804 905 1286
1668 4 2 0 1 673 905 665 444
1669 4 2 0 1 1464 905 673 1804
1670 4 2 0 1 1464 673 905 665
1671 4 2 0 1 992 862 1857 1059
1672 4 2 0 1 992 1857 1556 1444
1673 4 2 0 1 853 322 326 1000
1674 4 2 0 1 1168 233 242 674
1675 4 2 0 1 1583 1559 344 106
1676 4 2 0 1 1559 99 100 344
1677 4 2 0 1 1510 100 1826 1559
1678 4 2 0 1 810 1619 1162 1740
1679 4 2 0 1 1630 1559 846 99
1680 4 2 0 1 468 808 1171 1645
1681 4 2 0 1 388 1833 907 1876
1682 4 2 0 1 303 510 1224 907
1683 4 2 0 1 1021 1746 998 739
1684 4 2 0 1 1844 652 863 745
1685 4 2 0 1 650 652 274 745
1686 4 2 0 1 780 652 592 745
1687 4 2 0 1 1550 334 1758 1447
1688 4 2 0 1 945 946 1569 509
1689 4 2 0 1 946 912 1569 509
1690 4 2 0 1 1750 1700 716 480
1691 4 2 0 1 1571 1610 1892 716
1692 4 2 0 1 1040 973 1068 526
1693 4 2 0 1 1142 801 1715 774
1694 4 2 0 1 1043 1902 374 1641
1695 4 2 0 1 1722 1031 850 805
1696 4 2 0 1 681 812 295 1149
1697 4 2 0 1 972 831 1772 1555
1698 4 2 0 1 972 831 658 1772
1699 4 2 0 1 915 1298 568 397
1700 4 2 0 1 852 34 591 1743
1701 4 2 0 1 49 1905 1026 47
1702 4 2 0 1 1624 914 41 35
1703 4 2 0 1 45 1170 531 1211
1704 4 2 0 1 1200 1641 871 1856
1705 4 2 0 1 448 916 520 1856
1706 4 2 0 1 1040 526 1068 892
1707 4 2 0 1 1039 1040 1068 892
1708 4 2 0 1 1408 772 918 1534
1709 4 2 0 1 376 919 628 956
1710 4 2 0 1 1119 609 422 956
1711 4 2 0 1 1852 1698 1503 460
1712 4 2 0 1 1582 1064 398 1060
1713 4 2 0 1 1445 1064 398 1582
1714 4 2 0 1 730 1631 398 1582
1715 4 2 0 1 1582 398 730 1060
1716 4 2 0 1 4 38 39 12
1717 4 2 0 1 1678 658 1765 974
1718 4 2 0 1 974 1458 1765 655
1719 4 2 0 1 1031 122 124 1745
1720 4 2 0 1 1031 122 1745 345
1721 4 2 0 1 1760 697 1214 816
1722 4 2 0 1 1214 1908 816 697
1723 4 2 0 1 1765 1625 660 1492
1724 4 2 0 1 1625 1492 1765 465
1725 4 2 0 1 1586 329 853 1800
1726 4 2 0 1 28 27 20 26
1727 4 2 0 1 28 20 27 978
1728 4 2 0 1 851 282 1017 1322
1729 4 2 0 1 708 784 508 1736
1730 4 2 0 1 508 708 1736 1811
1731 4 2 0 1 182 220 195 176
1732 4 2 0 1 389 1736 1389 1611
1733 4 2 0 1 800 134 830 133
1734 4 2 0 1 1611 936 1736 1389
1735 4 2 0 1 1631 1634 1445 312
1736 4 2 0 1 674 864 349 256
1737 4 2 0 1 674 349 864 1325
1738 4 2 0 1 1304 864 349 1325
1739 4 2 0 1 1850 1610 1015 1653
1740 4 2 0 1 1850 1015 879 1653
1741 4 2 0 1 1850 879 1142 1653
1742 4 2 0 1 1850 1015 512 879
1743 4 2 0 1 944 1824 1676 1217
1744 4 2 0 1 1850 879 512 1142
1745 4 2 0 1 194 1615 199 1054
1746 4 2 0 1 199 1615 725 1054
1747 4 2 0 1 1631 1445 398 1582
1748 4 2 0 1 1877 1045 1205 818
1749 4 2 0 1 1877 1205 1045 1046
1750 4 2 0 1 978 31 1557 43
1751 4 2 0 1 83 1188 78 1215
1752 4 2 0 1 1557 1145 978 1013
1753 4 2 0 1 445 1438 1549 804
1754 4 2 0 1 804 1438 1549 438
1755 4 2 0 1 859 1154 238 858
1756 4 2 0 1 348 1207 923 1303
1757 4 2 0 1 1448 1207 923 348
1758 4 2 0 1 1448 923 503 348
1759 4 2 0 1 348 503 1303 923
1760 4 2 0 1 1061 769 675 694
1761 4 2 0 1 1061 889 675 769
1762 4 2 0 1 859 1035 694 753
1763 4 2 0 1 991 1844 924 471
1764 4 2 0 1 1526 917 1169 1579
1765 4 2 0 1 481 917 1526 1579
1766 4 2 0 1 925 1484 353 1435
1767 4 2 0 1 1320 1484 353 925
1768 4 2 0 1 356 926 1314 1307
1769 4 2 0 1 356 1500 926 516
1770 4 2 0 1 359 1321 1309 927
1771 4 2 0 1 507 155 1563 160
1772 4 2 0 1 359 927 1309 1316
1773 4 2 0 1 146 155 1563 507
1774 4 2 0 1 359 927 1337 1321
1775 4 2 0 1 106 1583 1559 1630
1776 4 2 0 1 1337 1316 927 359
1777 4 2 0 1 775 1055 1199 362
1778 4 2 0 1 1199 362 1055 928
1779 4 2 0 1 846 1028 344 106
1780 4 2 0 1 1112 362 928 429
1781 4 2 0 1 928 429 362 747
1782 4 2 0 1 1055 928 362 747
1783 4 2 0 1 1367 749 365 929
1784 4 2 0 1 1367 365 1247 929
1785 4 2 0 1 930 1234 1358 368
1786 4 2 0 1 930 1358 1370 368
1787 4 2 0 1 344 1559 1583 1826
1788 4 2 0 1 1633 971 766 223
1789 4 2 0 1 930 1370 1257 368
1790 4 2 0 1 766 971 1650 223
1791 4 2 0 1 930 1257 1234 368
1792 4 2 0 1 1372 371 931 1258
1793 4 2 0 1 1022 766 223 1633
1794 4 2 0 1 1372 1112 931 371
1795 4 2 0 1 1258 572 371 931
1796 4 2 0 1 630 931 1112 371
1797 4 2 0 1 1585 645 64 66
1798 4 2 0 1 427 657 1176 1146
1799 4 2 0 1 821 657 1146 1176
1800 4 2 0 1 1360 377 1235 932
1801 4 2 0 1 1259 1235 377 932
1802 4 2 0 1 1259 932 377 1381
1803 4 2 0 1 1146 427 992 1176
1804 4 2 0 1 357 950 657 427
1805 4 2 0 1 1360 377 932 1381
1806 4 2 0 1 933 379 1210 1067
1807 4 2 0 1 1260 1383 379 933
1808 4 2 0 1 1067 379 1383 933
1809 4 2 0 1 357 1097 746 657
1810 4 2 0 1 821 1097 657 746
1811 4 2 0 1 1791 1374 934 382
1812 4 2 0 1 1374 1375 934 382
1813 4 2 0 1 934 382 1126 566
1814 4 2 0 1 1791 382 934 566
1815 4 2 0 1 908 196 147 1147
1816 4 2 0 1 1362 935 1364 385
1817 4 2 0 1 1362 935 385 1386
1818 4 2 0 1 1394 935 1386 385
1819 4 2 0 1 1394 1364 935 385
1820 4 2 0 1 936 1396 1388 388
1821 4 2 0 1 794 1100 354 505
1822 4 2 0 1 936 1388 1738 388
1823 4 2 0 1 794 1540 354 1100
1824 4 2 0 1 354 1151 1540 794
1825 4 2 0 1 784 388 936 1738
1826 4 2 0 1 508 388 936 784
1827 4 2 0 1 157 908 147 1147
1828 4 2 0 1 792 1376 937 1249
1829 4 2 0 1 1863 391 1376 792
1830 4 2 0 1 1366 1236 394 938
1831 4 2 0 1 938 1398 394 1366
1832 4 2 0 1 938 1398 1269 394
1833 4 2 0 1 1236 1269 394 938
1834 4 2 0 1 396 939 1400 1270
1835 4 2 0 1 58 1687 984 496
1836 4 2 0 1 1784 1596 1030 1496
1837 4 2 0 1 396 568 606 939
1838 4 2 0 1 396 939 1270 727
1839 4 2 0 1 682 393 962 809
1840 4 2 0 1 809 1881 1617 393
1841 4 2 0 1 809 1881 393 1715
1842 4 2 0 1 809 393 1617 682
1843 4 2 0 1 1050 393 1715 809
1844 4 2 0 1 940 1086 1250 399
1845 4 2 0 1 940 880 1637 399
1846 4 2 0 1 1474 402 1237 941
1847 4 2 0 1 1237 1271 941 402
1848 4 2 0 1 634 941 402 1474
1849 4 2 0 1 402 941 634 1271
1850 4 2 0 1 942 848 1521 1910
1851 4 2 0 1 1272 848 942 1910
1852 4 2 0 1 496 58 1105 1527
1853 4 2 0 1 942 1910 1837 1272
1854 4 2 0 1 1092 1910 848 1272
1855 4 2 0 1 559 942 679 1519
1856 4 2 0 1 496 58 1687 75
1857 4 2 0 1 91 57 73 90
1858 4 2 0 1 1105 58 496 75
1859 4 2 0 1 1016 276 1685 1470
1860 4 2 0 1 276 1836 1470 1016
1861 4 2 0 1 276 278 1685 1818
1862 4 2 0 1 849 1589 568 915
1863 4 2 0 1 1502 1587 568 849
1864 4 2 0 1 1587 1811 421 568
1865 4 2 0 1 6 647 16 1775
1866 4 2 0 1 1204 1043 1689 1021
1867 4 2 0 1 689 236 180 232
1868 4 2 0 1 1457 1773 436 390
1869 4 2 0 1 1457 1859 1773 390
1870 4 2 0 1 1859 1773 426 1457
1871 4 2 0 1 1457 426 1495 1773
1872 4 2 0 1 939 727 915 575
1873 4 2 0 1 727 1778 915 575
1874 4 2 0 1 727 849 915 1778
1875 4 2 0 1 1587 1589 568 849
1876 4 2 0 1 1589 1752 915 849
1877 4 2 0 1 737 971 699 220
1878 4 2 0 1 507 843 1819 768
1879 4 2 0 1 1433 220 699 971
1880 4 2 0 1 971 220 737 1633
1881 4 2 0 1 1633 220 176 195
1882 4 2 0 1 1253 1369 370 954
1883 4 2 0 1 954 370 1275 1405
1884 4 2 0 1 1633 225 176 220
1885 4 2 0 1 177 225 1633 1626
1886 4 2 0 1 1275 1253 370 954
1887 4 2 0 1 1157 136 346 1449
1888 4 2 0 1 1157 885 346 136
1889 4 2 0 1 346 136 885 150
1890 4 2 0 1 346 150 148 136
1891 4 2 0 1 741 1675 528 637
1892 4 2 0 1 1675 1562 741 528
1893 4 2 0 1 81 461 61 85
1894 4 2 0 1 70 81 61 85
1895 4 2 0 1 191 753 213 1670
1896 4 2 0 1 799 1116 1115 210
1897 4 2 0 1 1150 448 916 1081
1898 4 2 0 1 1813 1150 596 448
1899 4 2 0 1 947 1325 349 674
1900 4 2 0 1 1813 916 1150 448
1901 4 2 0 1 596 1081 1150 1040
1902 4 2 0 1 948 1719 351 1327
1903 4 2 0 1 948 1340 351 1721
1904 4 2 0 1 948 1327 351 1340
1905 4 2 0 1 1721 1719 948 1900
1906 4 2 0 1 497 949 1342 1160
1907 4 2 0 1 1301 68 88 91
1908 4 2 0 1 1160 1342 1540 949
1909 4 2 0 1 825 1540 659 1578
1910 4 2 0 1 453 252 263 253
1911 4 2 0 1 399 1637 940 736
1912 4 2 0 1 1337 1370 1596 546
1913 4 2 0 1 1596 1337 1109 1370
1914 4 2 0 1 234 262 228 231
1915 4 2 0 1 885 1858 132 850
1916 4 2 0 1 950 1329 1333 1152
1917 4 2 0 1 950 357 1152 1518
1918 4 2 0 1 885 1031 1858 850
1919 4 2 0 1 951 1335 1331 360
1920 4 2 0 1 951 1344 360 1331
1921 4 2 0 1 951 1353 360 1344
1922 4 2 0 1 951 1353 1335 360
1923 4 2 0 1 1346 952 1355 363
1924 4 2 0 1 1346 363 663 952
1925 4 2 0 1 363 952 1355 1789
1926 4 2 0 1 952 842 1789 363
1927 4 2 0 1 363 952 842 663
1928 4 2 0 1 953 366 1792 1402
1929 4 2 0 1 1251 366 953 1402
1930 4 2 0 1 681 774 684 466
1931 4 2 0 1 1251 366 1673 953
1932 4 2 0 1 681 684 774 819
1933 4 2 0 1 1673 366 1792 953
1934 4 2 0 1 1252 1368 954 369
1935 4 2 0 1 774 466 1715 684
1936 4 2 0 1 774 684 1682 819
1937 4 2 0 1 369 954 1404 1368
1938 4 2 0 1 369 954 1274 1404
1939 4 2 0 1 1274 1252 954 369
1940 4 2 0 1 1406 955 1276 372
1941 4 2 0 1 372 955 1793 1406
1942 4 2 0 1 1276 955 1786 372
1943 4 2 0 1 1512 1868 660 1625
1944 4 2 0 1 262 231 234 243
1945 4 2 0 1 1480 1060 685 1064
1946 4 2 0 1 1254 1785 375 1409
1947 4 2 0 1 1409 1254 1785 956
1948 4 2 0 1 956 1785 1409 1118
1949 4 2 0 1 375 1118 1409 1785
1950 4 2 0 1 1433 355 769 971
1951 4 2 0 1 957 378 1377 1256
1952 4 2 0 1 957 1256 1278 378
1953 4 2 0 1 957 1417 378 1278
1954 4 2 0 1 957 1377 378 1417
1955 4 2 0 1 1503 652 650 1698
1956 4 2 0 1 1279 1762 1418 380
1957 4 2 0 1 127 1140 1887 1486
1958 4 2 0 1 1279 958 1418 1762
1959 4 2 0 1 1632 1887 1486 127
1960 4 2 0 1 1632 1887 1563 1486
1961 4 2 0 1 1486 1140 1887 1563
1962 4 2 0 1 195 446 215 202
1963 4 2 0 1 959 1411 383 1509
1964 4 2 0 1 959 1413 383 1411
1965 4 2 0 1 773 471 1025 1855
1966 4 2 0 1 1025 471 256 923
1967 4 2 0 1 1390 386 1379 960
1968 4 2 0 1 471 1855 773 258
1969 4 2 0 1 1420 1379 386 960
1970 4 2 0 1 1420 960 386 1424
1971 4 2 0 1 1390 1424 386 960
1972 4 2 0 1 389 1426 961 1422
1973 4 2 0 1 356 1830 970 1818
1974 4 2 0 1 596 1784 1658 1039
1975 4 2 0 1 1294 719 1532 244
1976 4 2 0 1 389 1467 961 1426
1977 4 2 0 1 1294 1245 711 1532
1978 4 2 0 1 962 392 1415 1261
1979 4 2 0 1 1706 857 362 1737
1980 4 2 0 1 962 1261 579 392
1981 4 2 0 1 675 497 889 1061
1982 4 2 0 1 1061 497 889 1341
1983 4 2 0 1 675 497 1343 889
1984 4 2 0 1 1263 963 395 1392
1985 4 2 0 1 1341 1343 497 889
1986 4 2 0 1 1392 963 395 1428
1987 4 2 0 1 395 1428 963 1281
1988 4 2 0 1 731 693 1508 686
1989 4 2 0 1 731 693 492 1508
1990 4 2 0 1 686 1623 731 693
1991 4 2 0 1 1281 963 395 1263
1992 4 2 0 1 731 693 1623 492
1993 4 2 0 1 1430 1283 397 964
1994 4 2 0 1 1283 1469 397 964
1995 4 2 0 1 1469 397 964 685
1996 4 2 0 1 648 887 1532 621
1997 4 2 0 1 1574 1788 1265 400
1998 4 2 0 1 965 1517 1788 1574
1999 4 2 0 1 295 681 819 812
2000 4 2 0 1 965 1265 1574 1788
2001 4 2 0 1 1574 1788 400 1517
2002 4 2 0 1 1840 1285 403 1267
2003 4 2 0 1 1840 403 1285 1155
2004 4 2 0 1 966 1062 723 404
2005 4 2 0 1 404 1287 1201 966
2006 4 2 0 1 966 404 1287 1062
2007 4 2 0 1 1583 506 1630 1889
2008 4 2 0 1 723 1201 404 1878
2009 4 2 0 1 1731 304 311 762
2010 4 2 0 1 433 1605 644 679
2011 4 2 0 1 339 703 1472 789
2012 4 2 0 1 1472 1728 339 336
2013 4 2 0 1 321 1728 703 1295
2014 4 2 0 1 1527 90 344 57
2015 4 2 0 1 1483 251 1727 1665
2016 4 2 0 1 1453 797 1131 1495
2017 4 2 0 1 649 1477 281 968
2018 4 2 0 1 284 969 543 1030
2019 4 2 0 1 744 459 969 1669
2020 4 2 0 1 1659 1052 1889 1742
2021 4 2 0 1 1659 1052 1742 111
2022 4 2 0 1 477 1874 1714 478
2023 4 2 0 1 1615 507 194 347
2024 4 2 0 1 780 887 1532 592
2025 4 2 0 1 271 1650 971 1626
2026 4 2 0 1 971 737 269 1633
2027 4 2 0 1 286 1555 1048 972
2028 4 2 0 1 1603 972 286 1048
2029 4 2 0 1 973 379 1083 1260
2030 4 2 0 1 973 379 1260 895
2031 4 2 0 1 1046 1144 1083 973
2032 4 2 0 1 759 1624 1896 1211
2033 4 2 0 1 1063 261 228 224
2034 4 2 0 1 1026 914 36 41
2035 4 2 0 1 975 682 809 307
2036 4 2 0 1 1063 1136 261 224
2037 4 2 0 1 851 988 1511 1017
2038 4 2 0 1 749 1367 365 1511
2039 4 2 0 1 759 852 1777 1170
2040 4 2 0 1 1570 1160 1342 354
2041 4 2 0 1 354 1342 1540 1160
2042 4 2 0 1 1063 354 1540 1160
2043 4 2 0 1 1467 1594 1480 1649
2044 4 2 0 1 842 1537 1789 363
2045 4 2 0 1 280 976 362 1706
2046 4 2 0 1 1499 362 1706 280
2047 4 2 0 1 1112 362 1499 818
2048 4 2 0 1 1824 1547 786 287
2049 4 2 0 1 747 1181 920 1451
2050 4 2 0 1 1588 1707 1104 343
2051 4 2 0 1 1707 967 1104 343
2052 4 2 0 1 1774 57 981 62
2053 4 2 0 1 1024 1266 525 1268
2054 4 2 0 1 750 1268 1623 734
2055 4 2 0 1 750 1268 734 1024
2056 4 2 0 1 1024 734 1266 1268
2057 4 2 0 1 1451 1499 755 1907
2058 4 2 0 1 321 1731 1295 703
2059 4 2 0 1 1142 393 1715 1128
2060 4 2 0 1 401 1266 965 1193
2061 4 2 0 1 1187 828 722 432
2062 4 2 0 1 736 318 399 1524
2063 4 2 0 1 703 1295 1524 702
2064 4 2 0 1 184 201 200 986
2065 4 2 0 1 1100 1891 663 363
2066 4 2 0 1 1891 842 663 363
2067 4 2 0 1 1891 363 1100 1730
2068 4 2 0 1 1890 201 986 200
2069 4 2 0 1 1890 725 200 986
2070 4 2 0 1 358 1330 1334 950
2071 4 2 0 1 358 1059 950 1459
2072 4 2 0 1 358 950 1334 1459
2073 4 2 0 1 1330 358 1059 950
2074 4 2 0 1 1569 741 910 994
2075 4 2 0 1 751 1451 1907 1112
2076 4 2 0 1 1035 766 203 1022
2077 4 2 0 1 273 1831 1023 1049
2078 4 2 0 1 732 1657 1023 273
2079 4 2 0 1 906 1681 1732 1436
2080 4 2 0 1 265 262 1063 1578
2081 4 2 0 1 1540 1151 646 794
2082 4 2 0 1 681 774 1845 295
2083 4 2 0 1 856 1845 774 295
2084 4 2 0 1 815 1715 458 774
2085 4 2 0 1 517 774 1142 815
2086 4 2 0 1 815 1142 1715 774
2087 4 2 0 1 1660 1679 396 1703
2088 4 2 0 1 846 1028 99 344
2089 4 2 0 1 995 1197 806 1785
2090 4 2 0 1 995 1647 1197 1118
2091 4 2 0 1 906 989 305 700
2092 4 2 0 1 512 525 1262 879
2093 4 2 0 1 906 989 1592 305
2094 4 2 0 1 504 966 1505 1062
2095 4 2 0 1 504 966 1758 1505
2096 4 2 0 1 454 1513 1038 844
2097 4 2 0 1 352 542 722 1099
2098 4 2 0 1 828 542 1099 722
2099 4 2 0 1 1306 1099 722 828
2100 4 2 0 1 352 1341 542 1099
2101 4 2 0 1 330 1498 1644 332
2102 4 2 0 1 677 691 1538 1835
2103 4 2 0 1 1538 728 739 566
2104 4 2 0 1 728 1460 1538 739
2105 4 2 0 1 996 398 426 730
2106 4 2 0 1 1454 1042 1149 292
2107 4 2 0 1 1199 1770 718 362
2108 4 2 0 1 212 155 1819 507
2109 4 2 0 1 1819 155 1095 507
2110 4 2 0 1 915 1243 1093 397
2111 4 2 0 1 1077 141 151 943
2112 4 2 0 1 507 768 1819 212
2113 4 2 0 1 1473 1517 1573 1795
2114 4 2 0 1 1473 1759 1573 1517
2115 4 2 0 1 17 647 978 18
2116 4 2 0 1 991 1739 351 1196
2117 4 2 0 1 773 1739 1468 259
2118 4 2 0 1 1341 1345 542 1099
2119 4 2 0 1 1099 1345 542 828
2120 4 2 0 1 1262 490 1264 137
2121 4 2 0 1 1262 137 1264 525
2122 4 2 0 1 1262 1264 879 525
2123 4 2 0 1 1654 391 1014 1126
2124 4 2 0 1 829 624 440 1275
2125 4 2 0 1 829 1603 1275 1491
2126 4 2 0 1 829 1562 624 1275
2127 4 2 0 1 829 528 1562 1275
2128 4 2 0 1 829 528 1275 1603
2129 4 2 0 1 396 1432 1036 1092
2130 4 2 0 1 1088 579 1851 682
2131 4 2 0 1 682 579 1851 707
2132 4 2 0 1 507 144 1563 1862
2133 4 2 0 1 1486 1862 1563 144
2134 4 2 0 1 798 835 1646 290
2135 4 2 0 1 1472 860 1501 1003
2136 4 2 0 1 1512 290 835 798
2137 4 2 0 1 1003 736 399 1524
2138 4 2 0 1 832 1860 1221 1548
2139 4 2 0 1 1548 1609 836 1860
2140 4 2 0 1 832 1548 837 1860
2141 4 2 0 1 482 426 1452 447
2142 4 2 0 1 1421 900 455 387
2143 4 2 0 1 1544 455 1569 1453
2144 4 2 0 1 1562 741 1122 562
2145 4 2 0 1 741 1544 455 1569
2146 4 2 0 1 1490 767 1005 299
2147 4 2 0 1 822 764 1630 121
2148 4 2 0 1 978 1013 1145 591
2149 4 2 0 1 1654 1014 1008 382
2150 4 2 0 1 1571 716 1892 1700
2151 4 2 0 1 636 1552 619 1699
2152 4 2 0 1 1552 1053 1580 1699
2153 4 2 0 1 1552 1580 1002 1699
2154 4 2 0 1 636 1053 1552 1699
2155 4 2 0 1 1180 623 1568 806
2156 4 2 0 1 744 969 1183 284
2157 4 2 0 1 744 284 1183 1070
2158 4 2 0 1 744 1669 969 284
2159 4 2 0 1 430 1198 1883 1323
2160 4 2 0 1 1883 430 1689 1198
2161 4 2 0 1 921 1536 1072 909
2162 4 2 0 1 991 1844 258 1468
2163 4 2 0 1 765 248 1063 1160
2164 4 2 0 1 1326 406 479 1328
2165 4 2 0 1 698 1326 1720 865
2166 4 2 0 1 1720 479 1326 698
2167 4 2 0 1 513 1024 1015 669
2168 4 2 0 1 804 990 1673 445
2169 4 2 0 1 1904 1051 1173 990
2170 4 2 0 1 1173 990 1673 804
2171 4 2 0 1 1105 981 1717 57
2172 4 2 0 1 1052 106 822 1889
2173 4 2 0 1 976 1831 273 1049
2174 4 2 0 1 714 622 53 1755
2175 4 2 0 1 105 1028 93 99
2176 4 2 0 1 239 1665 1470 241
2177 4 2 0 1 1172 1536 1072 921
2178 4 2 0 1 851 1017 1854 1323
2179 4 2 0 1 430 1614 1198 1323
2180 4 2 0 1 1764 1040 596 1150
2181 4 2 0 1 444 405 1781 1137
2182 4 2 0 1 796 1137 332 709
2183 4 2 0 1 1758 1781 405 1137
2184 4 2 0 1 1498 861 404 1763
2185 4 2 0 1 1803 362 1737 1451
2186 4 2 0 1 1036 306 982 1680
2187 4 2 0 1 303 1660 1539 1723
2188 4 2 0 1 1659 1629 822 120
2189 4 2 0 1 766 769 1202 971
2190 4 2 0 1 1659 822 1575 120
2191 4 2 0 1 1202 1160 769 766
2192 4 2 0 1 766 1160 769 1004
2193 4 2 0 1 1340 497 408 1342
2194 4 2 0 1 1340 541 1342 408
2195 4 2 0 1 1340 497 1342 888
2196 4 2 0 1 1340 541 888 1342
2197 4 2 0 1 1618 119 112 117
2198 4 2 0 1 367 1172 1643 1072
2199 4 2 0 1 855 295 1454 1148
2200 4 2 0 1 1454 1148 295 1149
2201 4 2 0 1 1184 1302 810 662
2202 4 2 0 1 1883 1029 1021 1043
2203 4 2 0 1 1469 397 1752 1093
2204 4 2 0 1 1029 1902 1883 1875
2205 4 2 0 1 1469 1093 1283 397
2206 4 2 0 1 1283 397 1093 1243
2207 4 2 0 1 350 1326 1178 947
2208 4 2 0 1 947 350 1074 1178
2209 4 2 0 1 698 947 350 1074
2210 4 2 0 1 1668 1065 1594 428
2211 4 2 0 1 1668 1066 1065 1164
2212 4 2 0 1 1464 1047 1750 315
2213 4 2 0 1 1047 1750 315 999
2214 4 2 0 1 1750 315 999 480
2215 4 2 0 1 328 1450 827 1464
2216 4 2 0 1 1103 1450 328 1528
2217 4 2 0 1 1103 999 1047 1528
2218 4 2 0 1 712 1709 350 1466
2219 4 2 0 1 782 1882 1001 305
2220 4 2 0 1 1048 1603 994 286
2221 4 2 0 1 708 1034 784 807
2222 4 2 0 1 1266 579 137 1265
2223 4 2 0 1 965 579 1266 1265
2224 4 2 0 1 965 1266 492 1265
2225 4 2 0 1 1799 1027 1049 621
2226 4 2 0 1 621 1027 1049 648
2227 4 2 0 1 962 1050 809 393
2228 4 2 0 1 1050 393 1416 1128
2229 4 2 0 1 1050 1416 393 962
2230 4 2 0 1 623 1568 806 1051
2231 4 2 0 1 990 806 1568 1051
2232 4 2 0 1 1051 375 845 1228
2233 4 2 0 1 1051 1079 375 1228
2234 4 2 0 1 33 1161 854 116
2235 4 2 0 1 1161 1872 854 116
2236 4 2 0 1 715 1700 704 480
2237 4 2 0 1 1750 1700 480 704
2238 4 2 0 1 1861 625 536 668
2239 4 2 0 1 456 1805 625 1909
2240 4 2 0 1 985 911 294 1482
2241 4 2 0 1 1624 47 41 914
2242 4 2 0 1 985 911 1482 1076
2243 4 2 0 1 1803 505 1055 1730
2244 4 2 0 1 1587 421 1502 568
2245 4 2 0 1 863 1844 1305 652
2246 4 2 0 1 592 652 1844 745
2247 4 2 0 1 670 1720 721 698
2248 4 2 0 1 1224 787 297 1839
2249 4 2 0 1 241 834 1677 1597
2250 4 2 0 1 1761 1609 293 913
2251 4 2 0 1 279 992 1857 1059
2252 4 2 0 1 776 399 1086 656
2253 4 2 0 1 1524 776 656 399
2254 4 2 0 1 1072 1018 1041 909
2255 4 2 0 1 1649 1467 389 1590
2256 4 2 0 1 982 306 313 1680
2257 4 2 0 1 1869 1812 909 1007
2258 4 2 0 1 1869 292 1546 1812
2259 4 2 0 1 1869 292 1812 1007
2260 4 2 0 1 1869 1546 909 1812
2261 4 2 0 1 1061 675 1721 694
2262 4 2 0 1 1900 1721 694 1061
2263 4 2 0 1 1061 859 769 694
2264 4 2 0 1 1505 1062 581 450
2265 4 2 0 1 504 1062 441 1465
2266 4 2 0 1 445 1673 1549 576
2267 4 2 0 1 183 203 171 694
2268 4 2 0 1 830 1661 133 134
2269 4 2 0 1 183 203 694 205
2270 4 2 0 1 830 1661 134 1449
2271 4 2 0 1 455 509 436 562
2272 4 2 0 1 849 1595 848 727
2273 4 2 0 1 849 848 1595 319
2274 4 2 0 1 727 849 1778 848
2275 4 2 0 1 849 319 1778 848
2276 4 2 0 1 815 512 1602 393
2277 4 2 0 1 1142 512 815 393
2278 4 2 0 1 1142 393 815 1715
2279 4 2 0 1 815 393 1881 1715
2280 4 2 0 1 1602 815 393 1881
2281 4 2 0 1 674 349 947 1714
2282 4 2 0 1 1045 1046 1205 1068
2283 4 2 0 1 1554 1525 467 1218
2284 4 2 0 1 1716 347 150 1862
2285 4 2 0 1 1449 148 141 139
2286 4 2 0 1 1150 916 377 1081
2287 4 2 0 1 239 268 1470 1665
2288 4 2 0 1 1150 377 916 1044
2289 4 2 0 1 1044 377 916 985
2290 4 2 0 1 621 887 325 1027
2291 4 2 0 1 718 775 1799 1027
2292 4 2 0 1 430 1902 437 1614
2293 4 2 0 1 1852 325 718 621
2294 4 2 0 1 245 1483 1656 246
2295 4 2 0 1 724 1203 735 1481
2296 4 2 0 1 1671 735 724 1203
2297 4 2 0 1 1694 1031 122 124
2298 4 2 0 1 160 1563 159 142
2299 4 2 0 1 1574 1265 881 1232
2300 4 2 0 1 1574 1265 1232 400
2301 4 2 0 1 1519 1071 493 1271
2302 4 2 0 1 567 1071 493 1519
2303 4 2 0 1 634 1071 1519 1271
2304 4 2 0 1 233 226 674 670
2305 4 2 0 1 194 347 199 1615
2306 4 2 0 1 1075 1565 598 1005
2307 4 2 0 1 270 1011 236 1442
2308 4 2 0 1 236 1011 788 1466
2309 4 2 0 1 788 1011 236 270
2310 4 2 0 1 437 869 1247 520
2311 4 2 0 1 1813 448 629 1856
2312 4 2 0 1 1813 916 448 1856
2313 4 2 0 1 366 1079 1173 1226
2314 4 2 0 1 1251 366 1079 1673
2315 4 2 0 1 1698 1030 460 359
2316 4 2 0 1 460 359 1030 1596
2317 4 2 0 1 495 440 624 522
2318 4 2 0 1 619 1253 1080 367
2319 4 2 0 1 495 1766 522 624
2320 4 2 0 1 495 624 440 829
2321 4 2 0 1 921 1072 1172 1080
2322 4 2 0 1 495 1766 624 829
2323 4 2 0 1 368 1234 1081 1257
2324 4 2 0 1 369 1082 1227 1238
2325 4 2 0 1 369 1227 1082 1252
2326 4 2 0 1 369 1274 1082 1238
2327 4 2 0 1 1274 1252 369 1082
2328 4 2 0 1 440 1253 370 1275
2329 4 2 0 1 984 58 496 979
2330 4 2 0 1 1068 371 1258 1083
2331 4 2 0 1 72 87 984 82
2332 4 2 0 1 1735 626 1083 1780
2333 4 2 0 1 931 572 371 626
2334 4 2 0 1 572 835 372 1084
2335 4 2 0 1 1276 372 1084 1239
2336 4 2 0 1 1276 372 1786 1084
2337 4 2 0 1 1084 835 372 1786
2338 4 2 0 1 1277 1912 1787 373
2339 4 2 0 1 1277 1912 1085 1787
2340 4 2 0 1 1676 1085 1912 1787
2341 4 2 0 1 944 1676 1675 637
2342 4 2 0 1 1676 817 944 1675
2343 4 2 0 1 1489 1174 391 1086
2344 4 2 0 1 1086 391 1249 1174
2345 4 2 0 1 95 1188 81 83
2346 4 2 0 1 792 1086 391 1249
2347 4 2 0 1 1087 392 937 1619
2348 4 2 0 1 1087 392 1261 1230
2349 4 2 0 1 579 392 1261 1087
2350 4 2 0 1 1667 392 1087 1619
2351 4 2 0 1 393 1262 1088 682
2352 4 2 0 1 1602 512 1088 393
2353 4 2 0 1 512 1262 1088 393
2354 4 2 0 1 1602 1088 1617 393
2355 4 2 0 1 407 1315 1291 472
2356 4 2 0 1 544 1315 1291 407
2357 4 2 0 1 1315 867 1291 472
2358 4 2 0 1 544 867 1291 1315
2359 4 2 0 1 726 394 1236 1089
2360 4 2 0 1 15 591 642 10
2361 4 2 0 1 1236 394 1269 1089
2362 4 2 0 1 1514 863 1207 348
2363 4 2 0 1 1514 348 1572 863
2364 4 2 0 1 1836 1514 348 1572
2365 4 2 0 1 1231 1090 1242 395
2366 4 2 0 1 1231 395 1263 1090
2367 4 2 0 1 184 986 757 908
2368 4 2 0 1 395 1242 1281 1090
2369 4 2 0 1 184 757 148 908
2370 4 2 0 1 1281 395 1090 1263
2371 4 2 0 1 184 908 196 986
2372 4 2 0 1 184 757 986 200
2373 4 2 0 1 1015 1264 1700 1091
2374 4 2 0 1 184 148 757 200
2375 4 2 0 1 396 1092 727 1270
2376 4 2 0 1 1445 398 1094 1533
2377 4 2 0 1 389 899 1389 1397
2378 4 2 0 1 389 1389 899 1422
2379 4 2 0 1 389 899 1426 1422
2380 4 2 0 1 1426 899 389 1397
2381 4 2 0 1 440 423 1516 619
2382 4 2 0 1 425 619 1516 423
2383 4 2 0 1 72 87 102 64
2384 4 2 0 1 93 1585 87 979
2385 4 2 0 1 36 914 35 41
2386 4 2 0 1 496 979 58 1527
2387 4 2 0 1 979 1585 984 58
2388 4 2 0 1 1326 587 1330 862
2389 4 2 0 1 1326 1330 1861 862
2390 4 2 0 1 668 1326 1861 862
2391 4 2 0 1 1326 862 1178 587
2392 4 2 0 1 1198 430 518 1070
2393 4 2 0 1 690 1198 430 518
2394 4 2 0 1 1583 1889 1630 106
2395 4 2 0 1 1749 1756 385 898
2396 4 2 0 1 1756 1749 385 598
2397 4 2 0 1 513 1266 401 1193
2398 4 2 0 1 513 734 401 1266
2399 4 2 0 1 1491 286 370 1516
2400 4 2 0 1 1491 370 286 1603
2401 4 2 0 1 1603 1462 370 286
2402 4 2 0 1 1029 997 1021 1746
2403 4 2 0 1 752 1462 286 370
2404 4 2 0 1 286 752 370 1552
2405 4 2 0 1 1721 948 1341 1061
2406 4 2 0 1 1721 948 1061 1900
2407 4 2 0 1 803 365 988 749
2408 4 2 0 1 988 803 1875 1475
2409 4 2 0 1 1441 1036 1660 1723
2410 4 2 0 1 1441 306 1036 1723
2411 4 2 0 1 1614 1106 365 1183
2412 4 2 0 1 990 1568 1904 1051
2413 4 2 0 1 1614 1854 1198 1323
2414 4 2 0 1 1106 459 356 969
2415 4 2 0 1 1198 1019 1883 1323
2416 4 2 0 1 470 1324 1144 291
2417 4 2 0 1 1040 1038 1797 973
2418 4 2 0 1 973 1038 1797 1513
2419 4 2 0 1 1699 1580 1002 431
2420 4 2 0 1 1895 1699 1002 431
2421 4 2 0 1 721 843 347 1900
2422 4 2 0 1 721 1900 347 753
2423 4 2 0 1 1161 131 1618 854
2424 4 2 0 1 1618 33 1161 854
2425 4 2 0 1 324 320 1810 1866
2426 4 2 0 1 204 189 224 193
2427 4 2 0 1 208 214 224 219
2428 4 2 0 1 204 198 193 214
2429 4 2 0 1 1211 1777 1624 39
2430 4 2 0 1 1211 1809 1777 40
2431 4 2 0 1 503 1096 1159 348
2432 4 2 0 1 1572 1303 348 1096
2433 4 2 0 1 1096 503 1303 348
2434 4 2 0 1 1836 1572 348 1096
2435 4 2 0 1 1836 1096 348 1159
2436 4 2 0 1 1304 1097 1325 349
2437 4 2 0 1 746 1097 1455 349
2438 4 2 0 1 1455 349 1097 1304
2439 4 2 0 1 1714 478 1273 477
2440 4 2 0 1 788 1832 270 236
2441 4 2 0 1 1466 1832 788 236
2442 4 2 0 1 1289 1098 1310 351
2443 4 2 0 1 1289 351 1327 1098
2444 4 2 0 1 1310 1098 1340 351
2445 4 2 0 1 592 748 1468 924
2446 4 2 0 1 1340 351 1098 1327
2447 4 2 0 1 1769 1099 1328 352
2448 4 2 0 1 1468 1739 1196 259
2449 4 2 0 1 352 1328 1341 1099
2450 4 2 0 1 1468 748 1196 924
2451 4 2 0 1 517 442 1142 856
2452 4 2 0 1 856 1142 801 442
2453 4 2 0 1 442 1845 801 856
2454 4 2 0 1 1320 353 1484 1901
2455 4 2 0 1 857 1802 1901 1484
2456 4 2 0 1 901 1757 394 1398
2457 4 2 0 1 1311 354 1342 1100
2458 4 2 0 1 1540 1100 1342 354
2459 4 2 0 1 1757 394 1208 901
2460 4 2 0 1 1014 1654 1010 391
2461 4 2 0 1 1008 1014 1654 1010
2462 4 2 0 1 1008 1654 1175 1010
2463 4 2 0 1 389 1422 1649 1124
2464 4 2 0 1 389 1422 961 1649
2465 4 2 0 1 1584 1101 1167 697
2466 4 2 0 1 1649 1422 961 611
2467 4 2 0 1 1002 1369 370 619
2468 4 2 0 1 1002 370 1369 1111
2469 4 2 0 1 752 1111 370 1552
2470 4 2 0 1 1019 1883 1689 1198
2471 4 2 0 1 1211 1777 39 40
2472 4 2 0 1 1192 1204 739 1117
2473 4 2 0 1 1053 443 456 431
2474 4 2 0 1 343 1104 1515 967
2475 4 2 0 1 1588 1104 1515 343
2476 4 2 0 1 967 1707 1104 688
2477 4 2 0 1 10 21 19 31
2478 4 2 0 1 967 1515 981 1104
2479 4 2 0 1 629 448 518 1856
2480 4 2 0 1 1856 437 448 518
2481 4 2 0 1 906 433 1732 1681
2482 4 2 0 1 1306 352 790 722
2483 4 2 0 1 625 1306 352 1223
2484 4 2 0 1 352 790 1478 1223
2485 4 2 0 1 448 869 1234 368
2486 4 2 0 1 448 1234 1081 368
2487 4 2 0 1 448 869 520 1234
2488 4 2 0 1 1713 1212 1716 131
2489 4 2 0 1 253 266 263 453
2490 4 2 0 1 510 1627 907 302
2491 4 2 0 1 356 1500 1106 1314
2492 4 2 0 1 1333 1518 1152 1107
2493 4 2 0 1 1518 1107 357 1152
2494 4 2 0 1 1716 158 347 1862
2495 4 2 0 1 358 1459 1334 1108
2496 4 2 0 1 161 171 347 768
2497 4 2 0 1 720 1108 358 1213
2498 4 2 0 1 1044 1150 1764 1813
2499 4 2 0 1 1764 1038 1150 1044
2500 4 2 0 1 1030 1316 1109 359
2501 4 2 0 1 359 1337 1109 1596
2502 4 2 0 1 1337 1316 359 1109
2503 4 2 0 1 1462 1555 286 972
2504 4 2 0 1 1603 972 1462 286
2505 4 2 0 1 1110 1291 360 1317
2506 4 2 0 1 1110 1335 360 1291
2507 4 2 0 1 1110 360 1353 1317
2508 4 2 0 1 1110 1353 360 1335
2509 4 2 0 1 361 1111 1336 1354
2510 4 2 0 1 1580 1111 1336 361
2511 4 2 0 1 361 1463 1111 1354
2512 4 2 0 1 361 1463 1552 1111
2513 4 2 0 1 1552 361 1111 1580
2514 4 2 0 1 1451 429 751 920
2515 4 2 0 1 1318 1355 1113 363
2516 4 2 0 1 1318 1846 363 1113
2517 4 2 0 1 689 232 180 1006
2518 4 2 0 1 1113 1789 363 1355
2519 4 2 0 1 1537 1113 363 1846
2520 4 2 0 1 1789 1113 363 1537
2521 4 2 0 1 1114 452 1693 364
2522 4 2 0 1 600 1847 952 1114
2523 4 2 0 1 1200 985 1507 294
2524 4 2 0 1 452 1356 364 1114
2525 4 2 0 1 973 379 1144 1083
2526 4 2 0 1 1542 985 1200 294
2527 4 2 0 1 1200 985 871 1507
2528 4 2 0 1 1045 1046 1068 1037
2529 4 2 0 1 1507 1117 871 374
2530 4 2 0 1 998 1746 1688 739
2531 4 2 0 1 1197 1359 375 1118
2532 4 2 0 1 1359 1409 375 1118
2533 4 2 0 1 1509 956 1118 1785
2534 4 2 0 1 1197 1785 995 1118
2535 4 2 0 1 376 1042 919 1119
2536 4 2 0 1 376 956 1410 1119
2537 4 2 0 1 376 919 1042 1869
2538 4 2 0 1 376 1410 1771 1119
2539 4 2 0 1 376 1119 1771 1042
2540 4 2 0 1 126 119 1618 1612
2541 4 2 0 1 1381 1120 377 1748
2542 4 2 0 1 1360 1381 1120 377
2543 4 2 0 1 1348 1377 1121 378
2544 4 2 0 1 1348 1382 378 1121
2545 4 2 0 1 1417 1382 1121 378
2546 4 2 0 1 378 1377 1121 1417
2547 4 2 0 1 1766 1122 1663 1378
2548 4 2 0 1 1544 1122 1663 1766
2549 4 2 0 1 167 193 198 214
2550 4 2 0 1 167 193 224 170
2551 4 2 0 1 1383 1513 379 1123
2552 4 2 0 1 1067 1383 379 1123
2553 4 2 0 1 1067 1324 1123 1726
2554 4 2 0 1 1124 380 1561 1385
2555 4 2 0 1 1534 380 1561 1124
2556 4 2 0 1 918 1418 1534 1124
2557 4 2 0 1 509 1125 562 1419
2558 4 2 0 1 1761 381 1419 1125
2559 4 2 0 1 1761 1609 1164 293
2560 4 2 0 1 1858 1212 854 346
2561 4 2 0 1 854 131 1618 346
2562 4 2 0 1 346 805 1618 854
2563 4 2 0 1 1654 382 1718 1126
2564 4 2 0 1 1654 1126 1014 382
2565 4 2 0 1 1126 874 382 1375
2566 4 2 0 1 1126 1375 382 934
2567 4 2 0 1 1751 1437 1363 1127
2568 4 2 0 1 383 1363 1413 1127
2569 4 2 0 1 1581 329 861 1078
2570 4 2 0 1 1586 861 1581 329
2571 4 2 0 1 384 1171 1414 1128
2572 4 2 0 1 801 384 1128 466
2573 4 2 0 1 905 1781 665 444
2574 4 2 0 1 1464 905 1781 665
2575 4 2 0 1 1364 385 1129 552
2576 4 2 0 1 1749 385 1129 1394
2577 4 2 0 1 1394 385 1129 1364
2578 4 2 0 1 1749 1129 385 1565
2579 4 2 0 1 1390 386 1130 1350
2580 4 2 0 1 1130 1350 386 1395
2581 4 2 0 1 1130 386 1424 1395
2582 4 2 0 1 1390 1424 1130 386
2583 4 2 0 1 1207 1844 258 471
2584 4 2 0 1 1652 387 1131 1391
2585 4 2 0 1 1453 387 1131 1652
2586 4 2 0 1 1132 388 1493 1396
2587 4 2 0 1 781 784 388 508
2588 4 2 0 1 1833 388 907 1034
2589 4 2 0 1 1133 1426 389 1397
2590 4 2 0 1 1133 1736 1397 389
2591 4 2 0 1 1133 1467 389 1426
2592 4 2 0 1 390 1773 1427 1134
2593 4 2 0 1 428 1134 390 1427
2594 4 2 0 1 1859 1134 390 428
2595 4 2 0 1 1859 1134 1773 390
2596 4 2 0 1 638 1455 1176 763
2597 4 2 0 1 832 1548 1221 300
2598 4 2 0 1 1654 301 1135 897
2599 4 2 0 1 181 1022 1136 223
2600 4 2 0 1 1022 766 1136 223
2601 4 2 0 1 1022 205 766 203
2602 4 2 0 1 207 204 205 1004
2603 4 2 0 1 1819 1808 768 843
2604 4 2 0 1 793 828 1053 1187
2605 4 2 0 1 1112 1827 751 1735
2606 4 2 0 1 1100 794 663 1891
2607 4 2 0 1 1053 828 1306 1187
2608 4 2 0 1 1537 1891 842 1182
2609 4 2 0 1 1716 1212 150 346
2610 4 2 0 1 1862 150 1716 1212
2611 4 2 0 1 1306 1099 352 722
2612 4 2 0 1 625 352 1306 1099
2613 4 2 0 1 1306 352 1223 790
2614 4 2 0 1 332 723 1201 1137
2615 4 2 0 1 1201 1137 709 332
2616 4 2 0 1 276 650 1572 1138
2617 4 2 0 1 1887 987 617 1543
2618 4 2 0 1 628 434 1601 1607
2619 4 2 0 1 1369 1253 370 619
2620 4 2 0 1 1738 1611 449 603
2621 4 2 0 1 784 1611 449 1738
2622 4 2 0 1 150 347 149 1862
2623 4 2 0 1 1752 397 915 1093
2624 4 2 0 1 1869 1529 921 1546
2625 4 2 0 1 1503 274 650 652
2626 4 2 0 1 1045 1068 1684 1039
2627 4 2 0 1 1045 1039 1684 569
2628 4 2 0 1 291 1144 289 1194
2629 4 2 0 1 621 325 780 274
2630 4 2 0 1 1497 1648 1233 881
2631 4 2 0 1 1171 384 466 1128
2632 4 2 0 1 469 384 466 1171
2633 4 2 0 1 1171 1128 466 1050
2634 4 2 0 1 1171 1645 466 469
2635 4 2 0 1 636 1552 1516 619
2636 4 2 0 1 370 1552 1516 286
2637 4 2 0 1 1175 1302 311 656
2638 4 2 0 1 946 912 509 436
2639 4 2 0 1 1302 656 1184 311
2640 4 2 0 1 1857 1444 279 635
2641 4 2 0 1 443 279 635 1857
2642 4 2 0 1 201 217 986 196
2643 4 2 0 1 855 1148 551 640
2644 4 2 0 1 533 1063 765 248
2645 4 2 0 1 886 1004 1063 207
2646 4 2 0 1 207 1063 204 1004
2647 4 2 0 1 509 562 1125 436
2648 4 2 0 1 681 812 1149 1058
2649 4 2 0 1 1454 811 292 1149
2650 4 2 0 1 477 254 349 1506
2651 4 2 0 1 1150 1259 1081 377
2652 4 2 0 1 754 611 918 1065
2653 4 2 0 1 1151 1729 264 646
2654 4 2 0 1 1151 264 266 646
2655 4 2 0 1 1151 264 1435 1169
2656 4 2 0 1 1151 266 265 646
2657 4 2 0 1 718 1783 546 569
2658 4 2 0 1 546 1783 818 569
2659 4 2 0 1 1535 585 755 586
2660 4 2 0 1 1630 1510 1559 99
2661 4 2 0 1 731 1712 1840 494
2662 4 2 0 1 641 1155 444 502
2663 4 2 0 1 444 1155 1840 502
2664 4 2 0 1 511 1545 1473 318
2665 4 2 0 1 1156 983 1497 331
2666 4 2 0 1 1637 1497 476 1156
2667 4 2 0 1 1497 881 476 1156
2668 4 2 0 1 309 312 316 323
2669 4 2 0 1 1445 1634 309 312
2670 4 2 0 1 590 125 1031 124
2671 4 2 0 1 1095 507 216 226
2672 4 2 0 1 1095 843 507 226
2673 4 2 0 1 1095 843 226 233
2674 4 2 0 1 1778 314 1752 1763
2675 4 2 0 1 1465 1763 1752 314
2676 4 2 0 1 907 1876 787 388
2677 4 2 0 1 907 787 1132 388
2678 4 2 0 1 950 1329 483 1333
2679 4 2 0 1 1334 1330 483 950
2680 4 2 0 1 950 1330 483 1329
2681 4 2 0 1 950 1334 1333 483
2682 4 2 0 1 763 278 1016 1159
2683 4 2 0 1 276 278 1159 1016
2684 4 2 0 1 1818 1830 1138 278
2685 4 2 0 1 449 1297 807 1067
2686 4 2 0 1 807 1297 1324 1067
2687 4 2 0 1 748 481 1196 924
2688 4 2 0 1 1196 481 1310 924
2689 4 2 0 1 865 721 725 986
2690 4 2 0 1 1785 375 806 1051
2691 4 2 0 1 1051 806 1785 990
2692 4 2 0 1 229 886 207 1004
2693 4 2 0 1 1300 1659 120 1629
2694 4 2 0 1 742 1766 522 495
2695 4 2 0 1 184 201 986 196
2696 4 2 0 1 742 873 1766 1663
2697 4 2 0 1 742 873 522 1766
2698 4 2 0 1 611 1419 1423 1125
2699 4 2 0 1 1066 1164 293 1761
2700 4 2 0 1 832 1860 1668 1221
2701 4 2 0 1 1065 611 1423 1125
2702 4 2 0 1 1132 568 508 606
2703 4 2 0 1 338 341 1566 1165
2704 4 2 0 1 1165 1566 322 341
2705 4 2 0 1 338 341 1165 853
2706 4 2 0 1 448 520 869 437
2707 4 2 0 1 377 1748 985 1044
2708 4 2 0 1 985 1748 1076 1044
2709 4 2 0 1 10 19 15 591
2710 4 2 0 1 1902 430 1043 1883
2711 4 2 0 1 63 1251 1252 521
2712 4 2 0 1 63 521 1254 1251
2713 4 2 0 1 63 521 1252 1256
2714 4 2 0 1 63 1256 1254 521
2715 4 2 0 1 1530 353 1435 1579
2716 4 2 0 1 171 768 694 347
2717 4 2 0 1 694 753 171 347
2718 4 2 0 1 93 1585 1028 64
2719 4 2 0 1 105 1028 64 93
2720 4 2 0 1 790 1478 238 858
2721 4 2 0 1 790 238 1478 1020
2722 4 2 0 1 563 1394 1749 1398
2723 4 2 0 1 563 1749 1757 1398
2724 4 2 0 1 643 791 645 688
2725 4 2 0 1 442 1142 801 554
2726 4 2 0 1 442 554 801 1845
2727 4 2 0 1 1829 974 655 738
2728 4 2 0 1 1458 655 974 738
2729 4 2 0 1 423 1536 619 522
2730 4 2 0 1 423 1536 522 1522
2731 4 2 0 1 921 1172 1536 1522
2732 4 2 0 1 226 169 216 163
2733 4 2 0 1 381 1562 509 1675
2734 4 2 0 1 1287 1283 581 1062
2735 4 2 0 1 1469 1062 1283 1093
2736 4 2 0 1 1287 1093 1283 1062
2737 4 2 0 1 1489 523 726 1174
2738 4 2 0 1 627 877 1174 1439
2739 4 2 0 1 1274 1275 145 499
2740 4 2 0 1 577 145 1274 1275
2741 4 2 0 1 1274 954 1275 499
2742 4 2 0 1 577 1275 1274 954
2743 4 2 0 1 648 1532 719 244
2744 4 2 0 1 304 1302 311 1175
2745 4 2 0 1 1008 304 1010 1175
2746 4 2 0 1 1008 1135 304 1175
2747 4 2 0 1 582 1046 1877 1194
2748 4 2 0 1 1808 1570 235 229
2749 4 2 0 1 318 940 662 1545
2750 4 2 0 1 1184 656 318 1747
2751 4 2 0 1 670 479 1720 698
2752 4 2 0 1 1525 1218 724 467
2753 4 2 0 1 1703 781 508 421
2754 4 2 0 1 421 508 1703 568
2755 4 2 0 1 644 713 903 1837
2756 4 2 0 1 713 1882 644 903
2757 4 2 0 1 1044 916 1813 1542
2758 4 2 0 1 1220 307 308 320
2759 4 2 0 1 1044 1150 1813 916
2760 4 2 0 1 308 1622 320 307
2761 4 2 0 1 1254 1251 1079 576
2762 4 2 0 1 1251 1673 1079 576
2763 4 2 0 1 284 1183 543 969
2764 4 2 0 1 445 1079 1673 576
2765 4 2 0 1 1070 1183 1434 284
2766 4 2 0 1 1254 1079 1785 576
2767 4 2 0 1 445 1785 1079 576
2768 4 2 0 1 1009 1489 1488 726
2769 4 2 0 1 1293 965 1508 555
2770 4 2 0 1 693 965 492 1508
2771 4 2 0 1 1293 693 1508 965
2772 4 2 0 1 712 717 788 1832
2773 4 2 0 1 1061 889 769 859
2774 4 2 0 1 441 450 504 1456
2775 4 2 0 1 1668 1594 1640 428
2776 4 2 0 1 687 845 374 1248
2777 4 2 0 1 1794 313 1189 322
2778 4 2 0 1 1794 1566 322 1189
2779 4 2 0 1 826 1537 1073 464
2780 4 2 0 1 1103 1744 1450 1047
2781 4 2 0 1 1103 1639 1744 1047
2782 4 2 0 1 1794 1680 306 1723
2783 4 2 0 1 1036 1723 306 1680
2784 4 2 0 1 862 1330 1861 358
2785 4 2 0 1 1857 1861 358 862
2786 4 2 0 1 862 358 1059 1330
2787 4 2 0 1 1857 862 358 1059
2788 4 2 0 1 1812 909 1007 288
2789 4 2 0 1 1190 1127 1415 392
2790 4 2 0 1 392 1190 1667 962
2791 4 2 0 1 1190 1415 962 392
2792 4 2 0 1 392 1190 1523 1619
2793 4 2 0 1 288 1072 1041 909
2794 4 2 0 1 1097 950 657 357
2795 4 2 0 1 1329 950 1097 1152
2796 4 2 0 1 1583 110 117 112
2797 4 2 0 1 98 97 519 89
2798 4 2 0 1 991 1289 924 351
2799 4 2 0 1 1289 1310 924 351
2800 4 2 0 1 692 663 589 659
2801 4 2 0 1 1727 503 1159 348
2802 4 2 0 1 1448 503 1727 348
2803 4 2 0 1 146 1862 1563 1806
2804 4 2 0 1 710 503 1159 1727
2805 4 2 0 1 1448 503 710 1727
2806 4 2 0 1 1088 1193 1851 579
2807 4 2 0 1 579 1193 1851 707
2808 4 2 0 1 682 701 707 1851
2809 4 2 0 1 608 1895 431 833
2810 4 2 0 1 1185 1003 736 1733
2811 4 2 0 1 967 1179 1105 1717
2812 4 2 0 1 658 1678 1217 1824
2813 4 2 0 1 146 507 1563 1862
2814 4 2 0 1 845 1197 1688 601
2815 4 2 0 1 1197 1835 995 1180
2816 4 2 0 1 691 1197 1886 601
2817 4 2 0 1 1197 1647 995 1835
2818 4 2 0 1 969 356 1314 866
2819 4 2 0 1 969 1106 1314 356
2820 4 2 0 1 969 1314 543 866
2821 4 2 0 1 1201 641 444 502
2822 4 2 0 1 1201 404 641 1287
2823 4 2 0 1 1201 404 966 723
2824 4 2 0 1 1201 966 502 444
2825 4 2 0 1 969 1106 543 1314
2826 4 2 0 1 504 1062 450 441
2827 4 2 0 1 271 1650 1841 971
2828 4 2 0 1 450 1062 1469 441
2829 4 2 0 1 1054 206 882 514
2830 4 2 0 1 1054 882 230 514
2831 4 2 0 1 1203 1911 631 1893
2832 4 2 0 1 849 314 1778 319
2833 4 2 0 1 849 1752 1778 314
2834 4 2 0 1 1116 209 1696 1115
2835 4 2 0 1 745 863 1558 1514
2836 4 2 0 1 861 319 1078 1521
2837 4 2 0 1 1032 1078 861 319
2838 4 2 0 1 390 1461 1221 1164
2839 4 2 0 1 1125 436 390 1164
2840 4 2 0 1 471 991 1844 258
2841 4 2 0 1 1844 471 1207 863
2842 4 2 0 1 1562 419 610 1417
2843 4 2 0 1 1890 725 689 1006
2844 4 2 0 1 957 1562 610 1417
2845 4 2 0 1 1025 1207 1677 258
2846 4 2 0 1 1025 258 1855 471
2847 4 2 0 1 1677 1558 258 1207
2848 4 2 0 1 1033 102 105 64
2849 4 2 0 1 555 1517 331 1795
2850 4 2 0 1 388 1034 781 907
2851 4 2 0 1 1576 1704 297 1876
2852 4 2 0 1 1021 1204 1043 1117
2853 4 2 0 1 1117 1043 1746 374
2854 4 2 0 1 308 1622 1602 1186
2855 4 2 0 1 513 525 1088 512
2856 4 2 0 1 572 1210 1083 626
2857 4 2 0 1 626 680 1210 678
2858 4 2 0 1 572 1210 626 680
2859 4 2 0 1 1527 967 1105 981
2860 4 2 0 1 1105 967 1527 1801
2861 4 2 0 1 1527 967 1104 688
2862 4 2 0 1 1527 967 688 1801
2863 4 2 0 1 846 64 1033 105
2864 4 2 0 1 45 1170 1211 1809
2865 4 2 0 1 1067 807 1738 1324
2866 4 2 0 1 717 651 1556 1444
2867 4 2 0 1 992 1556 651 1444
2868 4 2 0 1 275 1556 1494 635
2869 4 2 0 1 1455 923 1303 503
2870 4 2 0 1 1538 1460 998 739
2871 4 2 0 1 1713 1486 144 1862
2872 4 2 0 1 158 1862 1713 161
2873 4 2 0 1 1212 1862 1563 1486
2874 4 2 0 1 1043 545 1204 1689
2875 4 2 0 1 773 991 864 471
2876 4 2 0 1 1719 233 674 670
2877 4 2 0 1 1662 1643 1213 283
2878 4 2 0 1 833 1662 443 1213
2879 4 2 0 1 720 1643 1213 1662
2880 4 2 0 1 350 1326 668 862
2881 4 2 0 1 230 1074 689 418
2882 4 2 0 1 350 862 1178 1326
2883 4 2 0 1 1556 350 862 1178
2884 4 2 0 1 671 1756 598 1219
2885 4 2 0 1 1208 1089 1269 394
2886 4 2 0 1 901 529 1269 1208
2887 4 2 0 1 83 1188 1215 980
2888 4 2 0 1 92 84 71 96
2889 4 2 0 1 274 652 780 745
2890 4 2 0 1 1107 1518 357 281
2891 4 2 0 1 1518 1216 281 1107
2892 4 2 0 1 1107 281 649 1216
2893 4 2 0 1 17 978 13 642
2894 4 2 0 1 17 978 1057 27
2895 4 2 0 1 1212 1806 1563 1862
2896 4 2 0 1 1493 1839 1219 297
2897 4 2 0 1 398 1094 715 1284
2898 4 2 0 1 398 1284 715 1431
2899 4 2 0 1 1429 1431 715 1284
2900 4 2 0 1 426 1431 715 565
2901 4 2 0 1 715 1429 565 1431
2902 4 2 0 1 303 1224 787 907
2903 4 2 0 1 303 907 1660 302
2904 4 2 0 1 1660 907 1703 302
2905 4 2 0 1 1660 787 1703 907
2906 4 2 0 1 1660 303 787 907
2907 4 2 0 1 1525 724 1697 467
2908 4 2 0 1 1024 1531 750 1804
2909 4 2 0 1 633 1567 1495 797
2910 4 2 0 1 1622 1193 1851 1088
2911 4 2 0 1 204 214 224 208
2912 4 2 0 1 1143 1531 1024 1804
2913 4 2 0 1 670 1615 721 843
2914 4 2 0 1 670 721 1900 843
2915 4 2 0 1 996 300 482 840
2916 4 2 0 1 428 390 1859 1221
2917 4 2 0 1 300 996 1638 840
2918 4 2 0 1 300 1638 996 1221
2919 4 2 0 1 300 1638 1221 832
2920 4 2 0 1 300 1638 1815 840
2921 4 2 0 1 332 1137 796 723
2922 4 2 0 1 723 1447 796 332
2923 4 2 0 1 452 891 793 1911
2924 4 2 0 1 432 1911 793 891
2925 4 2 0 1 188 1890 689 1006
2926 4 2 0 1 1893 1911 1621 1203
2927 4 2 0 1 592 1844 652 1319
2928 4 2 0 1 1010 1488 1489 762
2929 4 2 0 1 1010 1489 1488 1009
2930 4 2 0 1 1132 781 388 508
2931 4 2 0 1 907 388 1132 781
2932 4 2 0 1 1466 712 788 1832
2933 4 2 0 1 1732 1474 402 1436
2934 4 2 0 1 1637 860 1501 880
2935 4 2 0 1 1637 399 880 1501
2936 4 2 0 1 1474 1436 880 1767
2937 4 2 0 1 865 352 1223 1769
2938 4 2 0 1 278 276 1685 1016
2939 4 2 0 1 1777 16 12 18
2940 4 2 0 1 1224 1576 297 1876
2941 4 2 0 1 855 640 551 1225
2942 4 2 0 1 1624 1896 47 914
2943 4 2 0 1 853 326 1165 1910
2944 4 2 0 1 1165 1189 326 322
2945 4 2 0 1 853 322 1165 326
2946 4 2 0 1 1910 1189 326 1165
2947 4 2 0 1 158 1713 1862 1716
2948 4 2 0 1 457 158 1716 1713
2949 4 2 0 1 1225 640 743 855
2950 4 2 0 1 473 1247 48 1226
2951 4 2 0 1 1226 570 1247 48
2952 4 2 0 1 1226 1228 570 48
2953 4 2 0 1 1226 1228 48 521
2954 4 2 0 1 1227 48 473 1234
2955 4 2 0 1 1227 571 48 1234
2956 4 2 0 1 1227 1229 48 571
2957 4 2 0 1 1227 48 1229 521
2958 4 2 0 1 1248 1228 48 570
2959 4 2 0 1 1248 1228 1235 48
2960 4 2 0 1 105 64 102 93
2961 4 2 0 1 63 1251 576 1253
2962 4 2 0 1 845 1235 1228 1229
2963 4 2 0 1 571 48 1235 1229
2964 4 2 0 1 1253 1251 576 953
2965 4 2 0 1 1249 475 1230 59
2966 4 2 0 1 573 1230 59 1249
2967 4 2 0 1 475 1231 1230 59
2968 4 2 0 1 59 1231 1230 524
2969 4 2 0 1 1232 1230 59 573
2970 4 2 0 1 1232 1230 524 59
2971 4 2 0 1 475 59 1236 1231
2972 4 2 0 1 1262 962 579 682
2973 4 2 0 1 59 574 1236 1231
2974 4 2 0 1 59 1233 574 1231
2975 4 2 0 1 59 1231 524 1233
2976 4 2 0 1 1232 573 59 1250
2977 4 2 0 1 1262 579 1088 682
2978 4 2 0 1 1232 59 476 1250
2979 4 2 0 1 1232 59 1233 476
2980 4 2 0 1 1232 524 1233 59
2981 4 2 0 1 476 1237 59 1233
2982 4 2 0 1 59 574 1233 1237
2983 4 2 0 1 1234 520 1235 48
2984 4 2 0 1 1234 48 1235 571
2985 4 2 0 1 1248 1235 520 48
2986 4 2 0 1 1248 1235 1228 845
2987 4 2 0 1 1249 59 1236 475
2988 4 2 0 1 1249 1236 59 523
2989 4 2 0 1 1140 1212 1806 1563
2990 4 2 0 1 523 1236 59 1237
2991 4 2 0 1 59 1236 574 1237
2992 4 2 0 1 1250 1237 523 59
2993 4 2 0 1 1486 1140 1563 1212
2994 4 2 0 1 1250 1237 59 476
2995 4 2 0 1 1238 485 115 1257
2996 4 2 0 1 1238 115 571 1257
2997 4 2 0 1 1238 1239 115 485
2998 4 2 0 1 1238 1239 527 115
2999 4 2 0 1 1238 115 1240 571
3000 4 2 0 1 1238 527 1240 115
3001 4 2 0 1 485 1258 1239 115
3002 4 2 0 1 115 1258 1239 572
3003 4 2 0 1 115 572 1239 1241
3004 4 2 0 1 527 1239 1241 115
3005 4 2 0 1 571 1240 1259 115
3006 4 2 0 1 115 1240 1259 487
3007 4 2 0 1 115 1240 487 1241
3008 4 2 0 1 527 1241 1240 115
3009 4 2 0 1 115 572 1241 1260
3010 4 2 0 1 115 487 1260 1241
3011 4 2 0 1 1242 491 138 1269
3012 4 2 0 1 1242 1269 138 574
3013 4 2 0 1 1527 90 496 979
3014 4 2 0 1 1242 1243 138 491
3015 4 2 0 1 1242 1243 530 138
3016 4 2 0 1 1242 574 138 1244
3017 4 2 0 1 1242 138 530 1244
3018 4 2 0 1 1270 1243 491 138
3019 4 2 0 1 1270 1243 138 575
3020 4 2 0 1 575 1243 138 1246
3021 4 2 0 1 530 1243 1246 138
3022 4 2 0 1 1244 574 138 1271
3023 4 2 0 1 1244 138 493 1271
3024 4 2 0 1 530 138 1246 1244
3025 4 2 0 1 1244 138 1246 493
3026 4 2 0 1 1246 1272 493 138
3027 4 2 0 1 575 1272 1246 138
3028 4 2 0 1 1248 520 1247 48
3029 4 2 0 1 1248 570 48 1247
3030 4 2 0 1 1250 523 1249 59
3031 4 2 0 1 808 1166 1190 1162
3032 4 2 0 1 573 1249 59 1250
3033 4 2 0 1 63 1251 1253 1252
3034 4 2 0 1 63 1251 1254 576
3035 4 2 0 1 522 1080 1253 63
3036 4 2 0 1 63 576 1080 1253
3037 4 2 0 1 577 63 1253 1252
3038 4 2 0 1 577 63 1252 1256
3039 4 2 0 1 869 1247 365 437
3040 4 2 0 1 1766 1255 522 63
3041 4 2 0 1 1766 63 624 577
3042 4 2 0 1 486 1256 1254 63
3043 4 2 0 1 63 576 1254 1255
3044 4 2 0 1 486 63 1254 1255
3045 4 2 0 1 1367 1247 365 869
3046 4 2 0 1 1766 1255 486 873
3047 4 2 0 1 1257 1258 485 115
3048 4 2 0 1 1257 571 1259 115
3049 4 2 0 1 1875 1904 687 1475
3050 4 2 0 1 115 1258 572 1260
3051 4 2 0 1 115 1259 1260 487
3052 4 2 0 1 137 490 1263 1261
3053 4 2 0 1 137 1263 524 1261
3054 4 2 0 1 1171 808 468 1476
3055 4 2 0 1 137 1261 524 1265
3056 4 2 0 1 579 1261 137 1265
3057 4 2 0 1 137 1264 1263 490
3058 4 2 0 1 580 1264 1263 137
3059 4 2 0 1 137 1263 1267 524
3060 4 2 0 1 580 1263 1267 137
3061 4 2 0 1 525 137 1264 1268
3062 4 2 0 1 1268 1264 580 137
3063 4 2 0 1 1727 1504 251 348
3064 4 2 0 1 137 524 1267 1265
3065 4 2 0 1 1448 348 251 1207
3066 4 2 0 1 492 1266 137 1265
3067 4 2 0 1 251 348 1504 1207
3068 4 2 0 1 796 1758 664 334
3069 4 2 0 1 525 1268 1266 137
3070 4 2 0 1 664 796 1781 1758
3071 4 2 0 1 664 1758 1825 334
3072 4 2 0 1 664 1758 1744 323
3073 4 2 0 1 1268 1266 137 492
3074 4 2 0 1 1268 580 1267 137
3075 4 2 0 1 879 1393 1892 1264
3076 4 2 0 1 1393 1892 1429 1131
3077 4 2 0 1 1653 1131 1892 1393
3078 4 2 0 1 1270 491 1269 138
3079 4 2 0 1 1653 1393 1892 879
3080 4 2 0 1 1270 529 138 1269
3081 4 2 0 1 1393 1892 1264 1429
3082 4 2 0 1 138 529 1271 1269
3083 4 2 0 1 574 1269 138 1271
3084 4 2 0 1 808 1166 468 1476
3085 4 2 0 1 1270 1272 138 529
3086 4 2 0 1 1270 1272 575 138
3087 4 2 0 1 138 1272 1271 529
3088 4 2 0 1 493 1272 1271 138
3089 4 2 0 1 448 520 916 1081
3090 4 2 0 1 916 520 1235 1081
3091 4 2 0 1 922 742 1544 1885
3092 4 2 0 1 910 922 1544 1885
3093 4 2 0 1 910 922 495 1544
3094 4 2 0 1 922 742 495 1544
3095 4 2 0 1 1429 715 1892 1700
3096 4 2 0 1 1429 715 1700 1284
3097 4 2 0 1 1635 1166 1162 1190
3098 4 2 0 1 1634 316 309 312
3099 4 2 0 1 903 557 644 1837
3100 4 2 0 1 677 566 1538 691
3101 4 2 0 1 903 557 1732 644
3102 4 2 0 1 679 557 1519 1837
3103 4 2 0 1 1519 557 903 1837
3104 4 2 0 1 977 1166 1635 1751
3105 4 2 0 1 506 345 1630 1724
3106 4 2 0 1 506 1583 1630 1443
3107 4 2 0 1 1192 1204 616 1460
3108 4 2 0 1 1770 362 928 1112
3109 4 2 0 1 1274 499 145 1276
3110 4 2 0 1 1274 1276 145 527
3111 4 2 0 1 1274 145 1278 527
3112 4 2 0 1 577 145 1278 1274
3113 4 2 0 1 499 1275 145 1277
3114 4 2 0 1 145 1275 528 1277
3115 4 2 0 1 1562 145 577 1275
3116 4 2 0 1 1562 528 145 1275
3117 4 2 0 1 1168 256 773 864
3118 4 2 0 1 1071 1648 1233 1497
3119 4 2 0 1 499 1277 145 1276
3120 4 2 0 1 145 1277 578 1276
3121 4 2 0 1 527 1276 145 1279
3122 4 2 0 1 145 1276 578 1279
3123 4 2 0 1 1648 403 904 1244
3124 4 2 0 1 145 528 1280 1277
3125 4 2 0 1 145 1277 1280 578
3126 4 2 0 1 527 145 1278 1279
3127 4 2 0 1 145 1562 1278 1279
3128 4 2 0 1 1562 145 1278 577
3129 4 2 0 1 1562 1280 145 528
3130 4 2 0 1 1122 741 455 562
3131 4 2 0 1 145 578 1280 1279
3132 4 2 0 1 145 1280 1562 1279
3133 4 2 0 1 1281 530 152 1285
3134 4 2 0 1 580 1285 1281 152
3135 4 2 0 1 501 1284 1282 152
3136 4 2 0 1 152 1284 1282 1288
3137 4 2 0 1 1286 1282 152 580
3138 4 2 0 1 1286 1282 1288 152
3139 4 2 0 1 530 1283 152 1287
3140 4 2 0 1 152 1283 581 1287
3141 4 2 0 1 1282 1284 1700 1288
3142 4 2 0 1 152 1288 581 1284
3143 4 2 0 1 530 1287 152 1285
3144 4 2 0 1 152 1287 502 1285
3145 4 2 0 1 1286 1285 580 152
3146 4 2 0 1 1286 1285 152 502
3147 4 2 0 1 1549 576 953 795
3148 4 2 0 1 795 953 438 367
3149 4 2 0 1 953 1549 795 438
3150 4 2 0 1 152 1287 1288 502
3151 4 2 0 1 152 581 1288 1287
3152 4 2 0 1 910 495 829 1544
3153 4 2 0 1 741 1544 910 829
3154 4 2 0 1 1802 1530 353 1435
3155 4 2 0 1 495 1544 1766 829
3156 4 2 0 1 741 1766 1544 829
3157 4 2 0 1 994 741 910 829
3158 4 2 0 1 1763 1032 1599 1498
3159 4 2 0 1 609 1509 422 956
3160 4 2 0 1 91 80 68 62
3161 4 2 0 1 91 80 57 90
3162 4 2 0 1 1676 373 1912 972
3163 4 2 0 1 1286 502 152 1288
3164 4 2 0 1 1286 1700 1288 1282
3165 4 2 0 1 1286 502 1288 905
3166 4 2 0 1 1286 1750 905 1288
3167 4 2 0 1 3 1643 1222 1553
3168 4 2 0 1 471 257 1305 1289
3169 4 2 0 1 471 1289 1304 257
3170 4 2 0 1 257 1289 1304 535
3171 4 2 0 1 257 583 1305 1289
3172 4 2 0 1 257 1290 583 1289
3173 4 2 0 1 257 1289 535 1290
3174 4 2 0 1 1309 583 257 1290
3175 4 2 0 1 1309 1290 257 472
3176 4 2 0 1 257 1308 1290 535
3177 4 2 0 1 472 1308 1290 257
3178 4 2 0 1 407 472 1291 1316
3179 4 2 0 1 594 407 1291 1316
3180 4 2 0 1 1339 407 1291 594
3181 4 2 0 1 1339 544 1291 407
3182 4 2 0 1 259 1570 539 1739
3183 4 2 0 1 84 96 94 1195
3184 4 2 0 1 980 1028 1195 94
3185 4 2 0 1 1195 1028 96 94
3186 4 2 0 1 1493 1749 515 563
3187 4 2 0 1 563 1493 1749 898
3188 4 2 0 1 265 1578 1063 1540
3189 4 2 0 1 990 1079 1673 445
3190 4 2 0 1 990 1785 1079 445
3191 4 2 0 1 463 663 825 462
3192 4 2 0 1 265 825 1578 1540
3193 4 2 0 1 1182 462 1891 842
3194 4 2 0 1 1052 101 1575 846
3195 4 2 0 1 846 101 64 1742
3196 4 2 0 1 1742 101 1052 846
3197 4 2 0 1 846 101 1575 64
3198 4 2 0 1 803 804 1790 649
3199 4 2 0 1 803 649 1790 929
3200 4 2 0 1 1754 99 846 1033
3201 4 2 0 1 846 1630 1754 822
3202 4 2 0 1 1756 1120 911 385
3203 4 2 0 1 1076 1120 911 1756
3204 4 2 0 1 598 385 1756 911
3205 4 2 0 1 1076 911 598 1756
3206 4 2 0 1 1527 1585 688 1028
3207 4 2 0 1 1527 1801 688 1585
3208 4 2 0 1 762 311 656 1175
3209 4 2 0 1 1175 1086 656 1489
3210 4 2 0 1 62 1774 1541 981
3211 4 2 0 1 62 981 55 73
3212 4 2 0 1 62 1541 55 981
3213 4 2 0 1 1200 1641 545 1507
3214 4 2 0 1 1769 1328 1720 352
3215 4 2 0 1 1227 473 48 1226
3216 4 2 0 1 1227 48 521 1226
3217 4 2 0 1 870 473 1227 1226
3218 4 2 0 1 870 1227 521 1226
3219 4 2 0 1 939 915 1243 575
3220 4 2 0 1 136 130 135 139
3221 4 2 0 1 854 764 345 1724
3222 4 2 0 1 345 854 1724 506
3223 4 2 0 1 854 764 1724 1629
3224 4 2 0 1 58 1105 1527 1801
3225 4 2 0 1 58 1801 1527 1585
3226 4 2 0 1 558 1648 1497 881
3227 4 2 0 1 558 777 403 881
3228 4 2 0 1 1856 518 430 437
3229 4 2 0 1 1856 518 690 430
3230 4 2 0 1 255 246 1656 267
3231 4 2 0 1 267 246 1656 1483
3232 4 2 0 1 1218 653 1073 465
3233 4 2 0 1 1525 1908 1214 1847
3234 4 2 0 1 1554 465 1218 467
3235 4 2 0 1 939 397 1401 1243
3236 4 2 0 1 939 606 1401 1133
3237 4 2 0 1 568 939 915 397
3238 4 2 0 1 915 939 1243 397
3239 4 2 0 1 467 465 1492 1554
3240 4 2 0 1 865 536 1720 1769
3241 4 2 0 1 1373 595 1318 1692
3242 4 2 0 1 1318 595 1846 1692
3243 4 2 0 1 460 1596 1784 1903
3244 4 2 0 1 460 1852 1596 1903
3245 4 2 0 1 460 1852 359 1596
3246 4 2 0 1 460 1596 1030 1784
3247 4 2 0 1 1720 536 1328 1769
3248 4 2 0 1 1326 536 1328 1720
3249 4 2 0 1 865 1769 1471 536
3250 4 2 0 1 668 536 1326 865
3251 4 2 0 1 668 865 1471 536
3252 4 2 0 1 1725 745 1514 1572
3253 4 2 0 1 1222 620 367 438
3254 4 2 0 1 1546 811 292 1454
3255 4 2 0 1 1190 1523 1635 1127
3256 4 2 0 1 1579 925 353 1435
3257 4 2 0 1 1320 925 353 1579
3258 4 2 0 1 1072 1041 1643 1553
3259 4 2 0 1 1111 370 1369 1405
3260 4 2 0 1 1111 1405 1369 599
3261 4 2 0 1 782 1723 1660 1036
3262 4 2 0 1 1539 1723 1660 782
3263 4 2 0 1 215 446 195 220
3264 4 2 0 1 1643 1108 1222 720
3265 4 2 0 1 1031 885 346 1157
3266 4 2 0 1 859 1035 769 694
3267 4 2 0 1 1035 191 694 753
3268 4 2 0 1 39 38 1777 12
3269 4 2 0 1 40 38 1777 39
3270 4 2 0 1 672 1853 719 917
3271 4 2 0 1 748 672 719 917
3272 4 2 0 1 1853 1579 917 672
3273 4 2 0 1 1303 257 1305 471
3274 4 2 0 1 534 1305 1303 257
3275 4 2 0 1 1303 471 1304 257
3276 4 2 0 1 1303 1307 257 1304
3277 4 2 0 1 534 257 1303 1307
3278 4 2 0 1 1307 993 1304 1303
3279 4 2 0 1 70 61 81 1188
3280 4 2 0 1 1209 1208 700 1655
3281 4 2 0 1 1209 726 1488 700
3282 4 2 0 1 1307 1308 257 1304
3283 4 2 0 1 257 1308 535 1304
3284 4 2 0 1 1309 1305 534 257
3285 4 2 0 1 1309 1305 257 583
3286 4 2 0 1 1309 257 534 1307
3287 4 2 0 1 1309 472 257 1307
3288 4 2 0 1 1307 1308 1304 993
3289 4 2 0 1 1307 1308 472 257
3290 4 2 0 1 362 1783 280 818
3291 4 2 0 1 569 818 280 1783
3292 4 2 0 1 569 818 1535 280
3293 4 2 0 1 1535 1499 280 818
3294 4 2 0 1 1811 1736 508 568
3295 4 2 0 1 1811 508 708 421
3296 4 2 0 1 1319 481 1310 260
3297 4 2 0 1 421 1811 508 568
3298 4 2 0 1 1319 583 260 1310
3299 4 2 0 1 481 1311 1310 260
3300 4 2 0 1 260 1311 1310 541
3301 4 2 0 1 583 1312 260 1310
3302 4 2 0 1 260 1312 541 1310
3303 4 2 0 1 1527 1104 344 1028
3304 4 2 0 1 980 1028 344 1104
3305 4 2 0 1 260 1311 541 1313
3306 4 2 0 1 260 1313 584 1311
3307 4 2 0 1 1527 688 1104 1028
3308 4 2 0 1 1321 1312 260 583
3309 4 2 0 1 1321 1312 484 260
3310 4 2 0 1 260 1312 1313 541
3311 4 2 0 1 484 1312 1313 260
3312 4 2 0 1 260 584 1313 484
3313 4 2 0 1 1199 540 260 584
3314 4 2 0 1 407 1314 472 1316
3315 4 2 0 1 407 1314 1316 543
3316 4 2 0 1 407 1315 472 1314
3317 4 2 0 1 407 1315 1314 593
3318 4 2 0 1 407 543 1367 1314
3319 4 2 0 1 407 593 1314 1367
3320 4 2 0 1 407 1315 593 1357
3321 4 2 0 1 544 1315 407 1357
3322 4 2 0 1 407 543 1316 1358
3323 4 2 0 1 594 407 1316 1358
3324 4 2 0 1 484 1317 410 1318
3325 4 2 0 1 1371 1317 410 594
3326 4 2 0 1 410 595 1318 1373
3327 4 2 0 1 1281 152 1283 501
3328 4 2 0 1 1281 1283 152 530
3329 4 2 0 1 1281 1283 902 501
3330 4 2 0 1 1281 902 1283 530
3331 4 2 0 1 1664 591 978 647
3332 4 2 0 1 753 1670 171 347
3333 4 2 0 1 477 254 1714 349
3334 4 2 0 1 171 191 1670 753
3335 4 2 0 1 1319 260 1320 481
3336 4 2 0 1 557 632 1732 433
3337 4 2 0 1 1321 583 260 1319
3338 4 2 0 1 391 1376 1126 1863
3339 4 2 0 1 540 1320 584 775
3340 4 2 0 1 260 1320 584 540
3341 4 2 0 1 792 1376 1863 937
3342 4 2 0 1 1863 1376 1126 604
3343 4 2 0 1 1199 775 540 584
3344 4 2 0 1 1863 1376 604 937
3345 4 2 0 1 1199 584 260 484
3346 4 2 0 1 418 1714 1273 230
3347 4 2 0 1 702 1501 1906 317
3348 4 2 0 1 251 1504 241 1677
3349 4 2 0 1 1665 241 251 1504
3350 4 2 0 1 922 495 820 910
3351 4 2 0 1 922 423 820 495
3352 4 2 0 1 271 699 1834 269
3353 4 2 0 1 1472 702 703 1524
3354 4 2 0 1 1472 1003 1501 1524
3355 4 2 0 1 871 1360 1235 845
3356 4 2 0 1 871 1235 1248 845
3357 4 2 0 1 1679 901 1432 396
3358 4 2 0 1 450 581 964 1469
3359 4 2 0 1 450 1062 581 1469
3360 4 2 0 1 664 796 1292 1781
3361 4 2 0 1 494 686 1623 731
3362 4 2 0 1 1138 650 1572 970
3363 4 2 0 1 1138 970 1096 1830
3364 4 2 0 1 1262 962 682 393
3365 4 2 0 1 962 1416 393 1262
3366 4 2 0 1 250 1808 1719 1739
3367 4 2 0 1 351 1719 1721 1739
3368 4 2 0 1 457 1716 158 154
3369 4 2 0 1 1077 141 154 151
3370 4 2 0 1 1077 154 141 457
3371 4 2 0 1 1499 1706 585 280
3372 4 2 0 1 280 585 1499 1535
3373 4 2 0 1 723 1447 330 1599
3374 4 2 0 1 62 57 69 56
3375 4 2 0 1 723 330 1498 1599
3376 4 2 0 1 62 69 57 76
3377 4 2 0 1 1498 1032 1599 330
3378 4 2 0 1 1057 1557 44 884
3379 4 2 0 1 1257 1258 115 526
3380 4 2 0 1 791 1707 343 967
3381 4 2 0 1 1257 1259 526 115
3382 4 2 0 1 526 1258 115 1260
3383 4 2 0 1 526 1259 1260 115
3384 4 2 0 1 521 1228 48 1229
3385 4 2 0 1 1235 1228 1229 48
3386 4 2 0 1 521 1228 1229 872
3387 4 2 0 1 845 1228 1348 1229
3388 4 2 0 1 708 1590 784 1736
3389 4 2 0 1 1298 1480 685 1064
3390 4 2 0 1 1204 1117 1192 1894
3391 4 2 0 1 1894 1507 1117 1440
3392 4 2 0 1 1894 545 1043 1507
3393 4 2 0 1 1192 1117 1440 1894
3394 4 2 0 1 1890 199 725 1006
3395 4 2 0 1 479 1325 1327 406
3396 4 2 0 1 406 1327 535 1325
3397 4 2 0 1 1326 406 1325 479
3398 4 2 0 1 1326 1325 406 587
3399 4 2 0 1 406 1329 1325 535
3400 4 2 0 1 587 1325 406 1329
3401 4 2 0 1 1326 587 406 1330
3402 4 2 0 1 1326 406 536 1330
3403 4 2 0 1 1006 689 1054 725
3404 4 2 0 1 1054 514 199 194
3405 4 2 0 1 1328 479 1327 406
3406 4 2 0 1 1328 406 1327 588
3407 4 2 0 1 406 1327 1331 535
3408 4 2 0 1 588 1327 1331 406
3409 4 2 0 1 536 1332 406 1328
3410 4 2 0 1 1328 406 588 1332
3411 4 2 0 1 747 1181 1451 1803
3412 4 2 0 1 406 1329 535 1331
3413 4 2 0 1 483 1329 406 1331
3414 4 2 0 1 1330 587 406 1329
3415 4 2 0 1 1330 406 483 1329
3416 4 2 0 1 751 1827 756 1735
3417 4 2 0 1 751 1827 1112 1907
3418 4 2 0 1 1332 483 406 1331
3419 4 2 0 1 1332 588 1331 406
3420 4 2 0 1 1074 1714 418 230
3421 4 2 0 1 1714 1074 418 478
3422 4 2 0 1 907 1576 1224 1876
3423 4 2 0 1 483 409 1333 1335
3424 4 2 0 1 544 409 1335 1333
3425 4 2 0 1 1334 409 1333 483
3426 4 2 0 1 1334 1333 409 597
3427 4 2 0 1 544 1402 409 1333
3428 4 2 0 1 597 1402 1333 409
3429 4 2 0 1 1334 409 483 1336
3430 4 2 0 1 1334 597 409 1403
3431 4 2 0 1 1336 409 1369 1403
3432 4 2 0 1 1336 409 483 1335
3433 4 2 0 1 1336 599 409 1335
3434 4 2 0 1 1368 409 1335 544
3435 4 2 0 1 1368 599 1335 409
3436 4 2 0 1 1336 1369 409 599
3437 4 2 0 1 1337 1770 484 410
3438 4 2 0 1 1337 1770 410 546
3439 4 2 0 1 1337 410 1370 546
3440 4 2 0 1 594 1370 1337 410
3441 4 2 0 1 546 1770 410 1372
3442 4 2 0 1 1892 716 1015 1700
3443 4 2 0 1 716 1750 1091 1700
3444 4 2 0 1 716 1024 1091 1804
3445 4 2 0 1 33 854 1724 1629
3446 4 2 0 1 33 1629 1724 1659
3447 4 2 0 1 1629 822 1724 1659
3448 4 2 0 1 764 822 1724 1629
3449 4 2 0 1 481 260 1320 1311
3450 4 2 0 1 260 584 1320 1311
3451 4 2 0 1 481 1320 925 1311
3452 4 2 0 1 1320 584 925 1311
3453 4 2 0 1 845 1359 411 1348
3454 4 2 0 1 411 1359 550 1348
3455 4 2 0 1 1228 872 1359 1348
3456 4 2 0 1 1359 872 550 1348
3457 4 2 0 1 659 355 1841 1202
3458 4 2 0 1 697 659 355 1841
3459 4 2 0 1 683 659 1841 1202
3460 4 2 0 1 501 152 1283 1284
3461 4 2 0 1 152 581 1283 1284
3462 4 2 0 1 501 1284 1283 964
3463 4 2 0 1 1284 581 1283 964
3464 4 2 0 1 1339 544 407 1357
3465 4 2 0 1 1339 407 594 1358
3466 4 2 0 1 1339 1358 473 407
3467 4 2 0 1 1339 1357 407 473
3468 4 2 0 1 204 193 224 214
3469 4 2 0 1 1063 208 219 886
3470 4 2 0 1 661 643 1865 1707
3471 4 2 0 1 661 643 1707 791
3472 4 2 0 1 1301 1351 91 88
3473 4 2 0 1 1301 86 1351 88
3474 4 2 0 1 1301 76 86 69
3475 4 2 0 1 742 423 1529 922
3476 4 2 0 1 1678 658 467 1765
3477 4 2 0 1 1697 1678 467 724
3478 4 2 0 1 467 1678 1697 658
3479 4 2 0 1 393 1416 879 1262
3480 4 2 0 1 1142 1416 879 393
3481 4 2 0 1 512 1262 393 879
3482 4 2 0 1 1142 879 512 393
3483 4 2 0 1 418 230 514 689
3484 4 2 0 1 1306 790 1223 696
3485 4 2 0 1 1341 408 1340 497
3486 4 2 0 1 1341 1340 408 588
3487 4 2 0 1 1340 408 1344 541
3488 4 2 0 1 588 408 1344 1340
3489 4 2 0 1 674 479 670 698
3490 4 2 0 1 1341 408 497 1343
3491 4 2 0 1 1341 542 408 1343
3492 4 2 0 1 1341 588 408 1345
3493 4 2 0 1 1341 408 542 1345
3494 4 2 0 1 497 1343 408 1342
3495 4 2 0 1 408 1343 589 1342
3496 4 2 0 1 541 1346 1342 408
3497 4 2 0 1 408 1346 1342 589
3498 4 2 0 1 408 1343 1347 589
3499 4 2 0 1 542 1347 408 1343
3500 4 2 0 1 541 408 1344 1346
3501 4 2 0 1 408 498 1344 1346
3502 4 2 0 1 1345 408 1344 588
3503 4 2 0 1 1345 498 1344 408
3504 4 2 0 1 542 408 1347 1345
3505 4 2 0 1 1345 1347 498 408
3506 4 2 0 1 408 1347 498 1346
3507 4 2 0 1 408 1346 589 1347
3508 4 2 0 1 845 1360 1348 411
3509 4 2 0 1 411 1360 1348 602
3510 4 2 0 1 411 550 1349 1348
3511 4 2 0 1 411 602 1348 1349
3512 4 2 0 1 411 1349 550 1361
3513 4 2 0 1 411 1349 1361 474
3514 4 2 0 1 411 1349 474 1362
3515 4 2 0 1 411 1349 1362 602
3516 4 2 0 1 1363 1350 412 474
3517 4 2 0 1 412 474 1350 1364
3518 4 2 0 1 1363 1350 553 412
3519 4 2 0 1 605 412 1350 1364
3520 4 2 0 1 553 1350 1352 412
3521 4 2 0 1 1352 412 1350 605
3522 4 2 0 1 475 1352 412 1365
3523 4 2 0 1 475 1366 412 1352
3524 4 2 0 1 553 412 1352 1365
3525 4 2 0 1 1352 605 1366 412
3526 4 2 0 1 1355 498 1353 413
3527 4 2 0 1 547 413 1355 1353
3528 4 2 0 1 1354 1353 498 413
3529 4 2 0 1 1354 413 599 1353
3530 4 2 0 1 1404 1353 413 547
3531 4 2 0 1 1404 413 1353 599
3532 4 2 0 1 1354 498 1356 413
3533 4 2 0 1 1354 413 1356 548
3534 4 2 0 1 1354 413 1405 599
3535 4 2 0 1 1354 548 1405 413
3536 4 2 0 1 1521 1078 329 1800
3537 4 2 0 1 1355 1356 498 413
3538 4 2 0 1 1355 1356 413 600
3539 4 2 0 1 1406 413 1355 547
3540 4 2 0 1 1406 600 1355 413
3541 4 2 0 1 600 1356 413 1407
3542 4 2 0 1 548 413 1356 1407
3543 4 2 0 1 407 1357 593 1367
3544 4 2 0 1 473 1357 407 1367
3545 4 2 0 1 407 1358 1367 543
3546 4 2 0 1 473 1358 1367 407
3547 4 2 0 1 1017 1323 1198 1854
3548 4 2 0 1 1896 1664 1102 1479
3549 4 2 0 1 1624 1102 1664 1848
3550 4 2 0 1 845 411 1359 601
3551 4 2 0 1 601 411 1359 1361
3552 4 2 0 1 411 550 1359 1361
3553 4 2 0 1 411 602 1362 1360
3554 4 2 0 1 601 411 1361 1374
3555 4 2 0 1 411 474 1361 1374
3556 4 2 0 1 411 474 1374 1362
3557 4 2 0 1 1363 474 412 1375
3558 4 2 0 1 1363 1375 412 604
3559 4 2 0 1 1363 604 412 1365
3560 4 2 0 1 1363 412 553 1365
3561 4 2 0 1 412 1375 474 1364
3562 4 2 0 1 412 1364 552 1375
3563 4 2 0 1 412 1364 1366 552
3564 4 2 0 1 605 1364 1366 412
3565 4 2 0 1 1376 412 604 1365
3566 4 2 0 1 1376 475 412 1365
3567 4 2 0 1 1376 1366 552 412
3568 4 2 0 1 1376 1366 412 475
3569 4 2 0 1 1368 1402 409 544
3570 4 2 0 1 1368 1402 1369 409
3571 4 2 0 1 1368 1253 1369 1402
3572 4 2 0 1 1368 1369 599 409
3573 4 2 0 1 1002 1336 1369 1403
3574 4 2 0 1 1403 1253 1402 1369
3575 4 2 0 1 1638 730 1631 1849
3576 4 2 0 1 1638 996 730 1849
3577 4 2 0 1 546 410 1370 1372
3578 4 2 0 1 410 485 1370 1372
3579 4 2 0 1 840 996 1638 1849
3580 4 2 0 1 996 482 1849 840
3581 4 2 0 1 1371 485 410 1373
3582 4 2 0 1 410 1373 485 1372
3583 4 2 0 1 410 595 1373 1372
3584 4 2 0 1 1883 1043 1021 1689
3585 4 2 0 1 845 411 601 549
3586 4 2 0 1 1376 552 1375 412
3587 4 2 0 1 1376 412 1375 604
3588 4 2 0 1 486 1409 1377 414
3589 4 2 0 1 1377 1409 550 414
3590 4 2 0 1 1378 486 1377 414
3591 4 2 0 1 1378 414 1377 610
3592 4 2 0 1 1377 550 1379 414
3593 4 2 0 1 1377 414 1379 610
3594 4 2 0 1 1378 414 1410 486
3595 4 2 0 1 1378 551 1410 414
3596 4 2 0 1 1378 414 610 1380
3597 4 2 0 1 1378 1380 551 414
3598 4 2 0 1 1411 1379 550 414
3599 4 2 0 1 1411 1379 414 488
3600 4 2 0 1 1874 746 638 349
3601 4 2 0 1 551 414 1380 1412
3602 4 2 0 1 1412 1380 488 414
3603 4 2 0 1 415 1383 1381 487
3604 4 2 0 1 415 1381 1383 560
3605 4 2 0 1 415 1382 487 1381
3606 4 2 0 1 415 1381 602 1382
3607 4 2 0 1 415 1386 1381 560
3608 4 2 0 1 415 602 1381 1386
3609 4 2 0 1 1152 357 1315 1107
3610 4 2 0 1 415 1382 1385 487
3611 4 2 0 1 561 1382 1385 415
3612 4 2 0 1 415 602 1387 1382
3613 4 2 0 1 561 415 1387 1382
3614 4 2 0 1 544 1152 867 1315
3615 4 2 0 1 544 1152 1315 1107
3616 4 2 0 1 415 1383 487 1385
3617 4 2 0 1 603 1383 415 1385
3618 4 2 0 1 415 560 1383 1388
3619 4 2 0 1 603 415 1383 1388
3620 4 2 0 1 1389 603 415 1385
3621 4 2 0 1 1389 561 1385 415
3622 4 2 0 1 415 1386 560 1388
3623 4 2 0 1 489 1386 415 1388
3624 4 2 0 1 415 1387 602 1386
3625 4 2 0 1 489 1387 415 1386
3626 4 2 0 1 1308 357 1152 1097
3627 4 2 0 1 1413 416 1390 488
3628 4 2 0 1 1413 416 553 1390
3629 4 2 0 1 488 416 1390 1391
3630 4 2 0 1 416 613 1390 1391
3631 4 2 0 1 553 416 1392 1390
3632 4 2 0 1 416 613 1392 1390
3633 4 2 0 1 1414 1391 416 488
3634 4 2 0 1 1414 1391 554 416
3635 4 2 0 1 950 1152 1333 1518
3636 4 2 0 1 416 1393 613 1391
3637 4 2 0 1 554 1391 1393 416
3638 4 2 0 1 1152 950 1097 357
3639 4 2 0 1 553 1392 416 1415
3640 4 2 0 1 416 1392 490 1415
3641 4 2 0 1 473 929 1226 1357
3642 4 2 0 1 416 1393 1392 613
3643 4 2 0 1 416 1392 1393 490
3644 4 2 0 1 473 1367 1247 929
3645 4 2 0 1 473 929 1247 1226
3646 4 2 0 1 473 1357 1367 929
3647 4 2 0 1 1416 1393 490 416
3648 4 2 0 1 554 416 1393 1416
3649 4 2 0 1 417 1396 1394 489
3650 4 2 0 1 563 1396 1394 417
3651 4 2 0 1 417 1395 489 1394
3652 4 2 0 1 605 1395 417 1394
3653 4 2 0 1 563 1394 1398 417
3654 4 2 0 1 605 1398 1394 417
3655 4 2 0 1 417 1395 1397 489
3656 4 2 0 1 564 1395 1397 417
3657 4 2 0 1 1399 1395 417 605
3658 4 2 0 1 1399 1395 564 417
3659 4 2 0 1 417 1396 489 1397
3660 4 2 0 1 606 1396 417 1397
3661 4 2 0 1 1400 1396 563 417
3662 4 2 0 1 1400 1396 417 606
3663 4 2 0 1 1401 564 1397 417
3664 4 2 0 1 1401 606 417 1397
3665 4 2 0 1 1400 563 1398 417
3666 4 2 0 1 1400 417 1398 491
3667 4 2 0 1 1399 1398 605 417
3668 4 2 0 1 1399 1398 417 491
3669 4 2 0 1 1614 365 437 1183
3670 4 2 0 1 1399 564 1401 417
3671 4 2 0 1 1070 1614 437 1183
3672 4 2 0 1 1399 491 417 1401
3673 4 2 0 1 1400 417 491 1401
3674 4 2 0 1 1400 606 417 1401
3675 4 2 0 1 596 1658 1040 1039
3676 4 2 0 1 1596 1658 1496 1784
3677 4 2 0 1 1403 1402 597 409
3678 4 2 0 1 1403 1402 409 1369
3679 4 2 0 1 1322 1106 1818 1899
3680 4 2 0 1 851 988 1017 1323
3681 4 2 0 1 158 1670 1716 347
3682 4 2 0 1 158 171 1670 347
3683 4 2 0 1 1404 547 413 1406
3684 4 2 0 1 1404 413 499 1406
3685 4 2 0 1 1404 413 599 1405
3686 4 2 0 1 1404 499 413 1405
3687 4 2 0 1 161 768 347 507
3688 4 2 0 1 548 1407 1405 413
3689 4 2 0 1 499 1407 413 1405
3690 4 2 0 1 536 406 1332 1330
3691 4 2 0 1 1330 406 1332 483
3692 4 2 0 1 1406 1407 600 413
3693 4 2 0 1 499 413 1407 1406
3694 4 2 0 1 536 1332 868 1330
3695 4 2 0 1 1330 1332 868 483
3696 4 2 0 1 486 414 1410 1409
3697 4 2 0 1 1410 1409 414 609
3698 4 2 0 1 1411 550 1409 414
3699 4 2 0 1 609 414 1411 1409
3700 4 2 0 1 1410 609 414 1412
3701 4 2 0 1 1410 414 551 1412
3702 4 2 0 1 1412 414 1411 609
3703 4 2 0 1 1412 488 1411 414
3704 4 2 0 1 687 623 374 845
3705 4 2 0 1 687 623 845 1051
3706 4 2 0 1 785 625 1909 456
3707 4 2 0 1 1414 488 416 1413
3708 4 2 0 1 1414 1413 416 612
3709 4 2 0 1 1413 553 416 1415
3710 4 2 0 1 612 416 1415 1413
3711 4 2 0 1 1414 612 416 1416
3712 4 2 0 1 1414 416 554 1416
3713 4 2 0 1 1416 416 1415 612
3714 4 2 0 1 1416 490 1415 416
3715 4 2 0 1 120 822 1033 123
3716 4 2 0 1 561 1420 419 1417
3717 4 2 0 1 1417 610 1420 419
3718 4 2 0 1 1562 562 419 1419
3719 4 2 0 1 1562 419 1421 610
3720 4 2 0 1 1562 562 1421 419
3721 4 2 0 1 1418 1419 1562 419
3722 4 2 0 1 1418 1419 419 611
3723 4 2 0 1 1422 561 419 1418
3724 4 2 0 1 1422 419 611 1418
3725 4 2 0 1 562 1423 419 1419
3726 4 2 0 1 611 1419 419 1423
3727 4 2 0 1 1422 1420 419 561
3728 4 2 0 1 1422 1420 500 419
3729 4 2 0 1 610 1421 1420 419
3730 4 2 0 1 419 1421 1420 500
3731 4 2 0 1 419 1421 500 1423
3732 4 2 0 1 562 1423 1421 419
3733 4 2 0 1 1422 500 1423 419
3734 4 2 0 1 1422 419 1423 611
3735 4 2 0 1 1426 420 500 1424
3736 4 2 0 1 564 420 1426 1424
3737 4 2 0 1 500 1425 1424 420
3738 4 2 0 1 420 613 1425 1424
3739 4 2 0 1 1428 420 564 1424
3740 4 2 0 1 1428 1424 613 420
3741 4 2 0 1 1427 1425 500 420
3742 4 2 0 1 1427 1425 420 565
3743 4 2 0 1 420 1429 1425 613
3744 4 2 0 1 565 1429 1425 420
3745 4 2 0 1 1426 420 1427 500
3746 4 2 0 1 1426 614 1427 420
3747 4 2 0 1 1430 420 1426 564
3748 4 2 0 1 1430 614 1426 420
3749 4 2 0 1 1427 565 420 1431
3750 4 2 0 1 614 1431 1427 420
3751 4 2 0 1 1428 420 1430 564
3752 4 2 0 1 1428 501 1430 420
3753 4 2 0 1 1428 613 1429 420
3754 4 2 0 1 1428 420 1429 501
3755 4 2 0 1 1431 1429 565 420
3756 4 2 0 1 501 420 1429 1431
3757 4 2 0 1 1430 1431 614 420
3758 4 2 0 1 501 1431 1430 420
3759 4 2 0 1 1539 1432 1838 782
3760 4 2 0 1 1888 1509 1613 434
3761 4 2 0 1 1432 305 782 1001
3762 4 2 0 1 1496 368 596 1658
3763 4 2 0 1 1530 1435 247 1169
3764 4 2 0 1 247 1169 1435 264
3765 4 2 0 1 1628 1782 1802 272
3766 4 2 0 1 272 1657 1802 1628
3767 4 2 0 1 1530 247 1435 1628
3768 4 2 0 1 1629 1872 987 1598
3769 4 2 0 1 852 34 1796 591
3770 4 2 0 1 1796 34 19 591
3771 4 2 0 1 359 718 1852 325
3772 4 2 0 1 1852 359 1596 718
3773 4 2 0 1 359 718 325 1199
3774 4 2 0 1 359 718 1199 1337
3775 4 2 0 1 906 1681 1436 317
3776 4 2 0 1 557 903 634 1519
3777 4 2 0 1 566 435 604 1523
3778 4 2 0 1 634 557 1732 903
3779 4 2 0 1 557 1732 632 634
3780 4 2 0 1 445 1080 795 1007
3781 4 2 0 1 445 1080 576 795
3782 4 2 0 1 445 576 1549 795
3783 4 2 0 1 804 1549 1792 438
3784 4 2 0 1 804 803 1790 1173
3785 4 2 0 1 804 1792 366 1790
3786 4 2 0 1 804 1216 1790 649
3787 4 2 0 1 1441 982 1036 306
3788 4 2 0 1 661 852 1013 1848
3789 4 2 0 1 694 768 185 229
3790 4 2 0 1 1900 694 1721 1808
3791 4 2 0 1 1004 765 229 886
3792 4 2 0 1 205 229 207 1004
3793 4 2 0 1 741 509 945 1569
3794 4 2 0 1 1569 1544 910 741
3795 4 2 0 1 47 914 1026 41
3796 4 2 0 1 945 741 1569 994
3797 4 2 0 1 1698 359 460 1852
3798 4 2 0 1 1147 148 1338 157
3799 4 2 0 1 742 1544 1766 495
3800 4 2 0 1 1631 312 1445 1456
3801 4 2 0 1 1544 742 1766 1663
3802 4 2 0 1 1544 742 1663 1885
3803 4 2 0 1 42 1446 783 1557
3804 4 2 0 1 1208 394 726 1089
3805 4 2 0 1 255 1656 1448 267
3806 4 2 0 1 1025 256 255 1506
3807 4 2 0 1 267 1506 1448 255
3808 4 2 0 1 255 1448 1656 1025
3809 4 2 0 1 1300 1598 1629 120
3810 4 2 0 1 1889 1052 1659 822
3811 4 2 0 1 1629 987 120 1598
3812 4 2 0 1 1889 1742 1052 106
3813 4 2 0 1 1661 128 134 1449
3814 4 2 0 1 1032 314 319 1778
3815 4 2 0 1 1032 319 861 1778
3816 4 2 0 1 577 1256 1252 1082
3817 4 2 0 1 577 1278 1082 1274
3818 4 2 0 1 577 1252 1274 1082
3819 4 2 0 1 827 1464 1450 665
3820 4 2 0 1 1103 1158 328 1450
3821 4 2 0 1 577 1256 1082 1278
3822 4 2 0 1 1466 1709 350 778
3823 4 2 0 1 1536 1895 1172 1018
3824 4 2 0 1 1262 137 1266 579
3825 4 2 0 1 1262 525 1266 137
3826 4 2 0 1 1262 1266 1088 579
3827 4 2 0 1 1262 525 1088 1266
3828 4 2 0 1 1264 1429 1700 1282
3829 4 2 0 1 1429 1700 1892 1264
3830 4 2 0 1 1091 1700 1282 1264
3831 4 2 0 1 1015 1892 1700 1264
3832 4 2 0 1 346 1806 1212 150
3833 4 2 0 1 346 885 1806 150
3834 4 2 0 1 1454 1042 855 1148
3835 4 2 0 1 1454 1042 1148 1149
3836 4 2 0 1 1858 885 1806 346
3837 4 2 0 1 1858 1806 1212 346
3838 4 2 0 1 1684 1068 371 892
3839 4 2 0 1 1045 1068 1205 1684
3840 4 2 0 1 429 630 595 1112
3841 4 2 0 1 630 1692 429 595
3842 4 2 0 1 429 1735 1112 751
3843 4 2 0 1 630 1735 1112 429
3844 4 2 0 1 1301 88 69 86
3845 4 2 0 1 57 1774 981 1717
3846 4 2 0 1 1795 770 1666 618
3847 4 2 0 1 555 770 1517 1795
3848 4 2 0 1 826 1512 1868 798
3849 4 2 0 1 1807 290 680 835
3850 4 2 0 1 1807 290 835 1608
3851 4 2 0 1 1202 949 659 355
3852 4 2 0 1 75 57 80 496
3853 4 2 0 1 210 514 799 418
3854 4 2 0 1 726 989 700 1208
3855 4 2 0 1 721 1720 670 1900
3856 4 2 0 1 1059 427 1518 823
3857 4 2 0 1 720 620 1222 823
3858 4 2 0 1 446 859 238 753
3859 4 2 0 1 446 1154 238 859
3860 4 2 0 1 752 1555 1462 548
3861 4 2 0 1 548 894 1462 370
3862 4 2 0 1 548 1772 1462 894
3863 4 2 0 1 548 1555 1462 1772
3864 4 2 0 1 536 1099 1332 1328
3865 4 2 0 1 536 1099 1328 1769
3866 4 2 0 1 536 1769 625 1099
3867 4 2 0 1 536 1805 1332 1099
3868 4 2 0 1 1463 1555 752 548
3869 4 2 0 1 1463 452 1555 548
3870 4 2 0 1 536 1099 625 1805
3871 4 2 0 1 1467 961 1649 389
3872 4 2 0 1 1557 1139 1013 661
3873 4 2 0 1 1557 1139 42 1145
3874 4 2 0 1 1531 665 1464 827
3875 4 2 0 1 1065 611 918 1649
3876 4 2 0 1 1065 961 611 1649
3877 4 2 0 1 439 626 835 630
3878 4 2 0 1 1646 290 835 680
3879 4 2 0 1 783 643 622 1755
3880 4 2 0 1 1712 1648 567 558
3881 4 2 0 1 712 717 1556 788
3882 4 2 0 1 1527 57 344 981
3883 4 2 0 1 1060 614 428 1467
3884 4 2 0 1 1060 685 614 1467
3885 4 2 0 1 1527 1105 57 981
3886 4 2 0 1 1640 730 1582 1638
3887 4 2 0 1 1527 1105 496 57
3888 4 2 0 1 1902 1475 365 988
3889 4 2 0 1 1599 1763 1465 314
3890 4 2 0 1 1475 365 988 803
3891 4 2 0 1 365 988 749 1511
3892 4 2 0 1 441 1469 450 1064
3893 4 2 0 1 830 457 141 134
3894 4 2 0 1 631 452 1555 1816
3895 4 2 0 1 452 1816 1463 1555
3896 4 2 0 1 464 1692 1537 429
3897 4 2 0 1 1537 464 429 1564
3898 4 2 0 1 536 625 1471 668
3899 4 2 0 1 536 1769 1471 625
3900 4 2 0 1 1295 762 311 656
3901 4 2 0 1 81 79 78 67
3902 4 2 0 1 1714 1874 821 478
3903 4 2 0 1 821 1097 746 349
3904 4 2 0 1 349 1325 821 1097
3905 4 2 0 1 1449 346 148 136
3906 4 2 0 1 1479 1717 1683 1905
3907 4 2 0 1 1556 668 862 350
3908 4 2 0 1 560 671 1756 1748
3909 4 2 0 1 1076 1748 1756 671
3910 4 2 0 1 1517 331 1795 1473
3911 4 2 0 1 1573 1473 1795 327
3912 4 2 0 1 1692 1113 372 1793
3913 4 2 0 1 1868 372 835 1786
3914 4 2 0 1 1868 372 1786 955
3915 4 2 0 1 1868 1793 372 955
3916 4 2 0 1 921 1536 423 1522
3917 4 2 0 1 1191 1637 1616 333
3918 4 2 0 1 333 860 1637 1616
3919 4 2 0 1 1475 929 1247 365
3920 4 2 0 1 1475 1247 1902 365
3921 4 2 0 1 1476 1413 383 959
3922 4 2 0 1 1476 383 1413 1127
3923 4 2 0 1 1166 1476 1190 1751
3924 4 2 0 1 1166 977 468 1708
3925 4 2 0 1 1166 1708 1476 1751
3926 4 2 0 1 1030 969 543 866
3927 4 2 0 1 1698 866 969 1030
3928 4 2 0 1 594 1358 1316 1109
3929 4 2 0 1 594 1109 1337 1370
3930 4 2 0 1 594 1316 1337 1109
3931 4 2 0 1 594 1358 1109 1370
3932 4 2 0 1 731 1840 403 492
3933 4 2 0 1 403 492 1267 881
3934 4 2 0 1 403 1840 1267 492
3935 4 2 0 1 777 492 403 881
3936 4 2 0 1 1477 281 1216 649
3937 4 2 0 1 804 1477 1642 1216
3938 4 2 0 1 753 757 213 1670
3939 4 2 0 1 1590 807 784 449
3940 4 2 0 1 859 446 1035 753
3941 4 2 0 1 859 1035 446 1154
3942 4 2 0 1 757 1478 753 238
3943 4 2 0 1 1683 1102 343 791
3944 4 2 0 1 1649 1594 1480 1593
3945 4 2 0 1 1593 1480 1649 1590
3946 4 2 0 1 735 1908 1621 816
3947 4 2 0 1 695 662 573 940
3948 4 2 0 1 695 662 1619 573
3949 4 2 0 1 925 584 1484 505
3950 4 2 0 1 505 1055 584 1484
3951 4 2 0 1 1485 559 1600 1644
3952 4 2 0 1 332 1201 1485 709
3953 4 2 0 1 529 989 1001 903
3954 4 2 0 1 989 903 1882 1001
3955 4 2 0 1 1491 370 440 1516
3956 4 2 0 1 131 667 1713 1212
3957 4 2 0 1 1487 445 990 804
3958 4 2 0 1 1487 1438 445 804
3959 4 2 0 1 1094 704 715 1700
3960 4 2 0 1 431 1861 868 358
3961 4 2 0 1 1692 835 372 931
3962 4 2 0 1 1320 887 353 1695
3963 4 2 0 1 1010 1009 1490 1014
3964 4 2 0 1 559 861 1586 942
3965 4 2 0 1 1656 251 1448 1483
3966 4 2 0 1 1448 251 1727 1483
3967 4 2 0 1 1448 251 348 1727
3968 4 2 0 1 1493 563 515 787
3969 4 2 0 1 1003 333 1637 983
3970 4 2 0 1 508 936 388 1396
3971 4 2 0 1 1132 508 388 1396
3972 4 2 0 1 508 936 1396 606
3973 4 2 0 1 1132 508 1396 606
3974 4 2 0 1 300 482 1457 1859
3975 4 2 0 1 300 996 1859 1221
3976 4 2 0 1 633 1571 480 1567
3977 4 2 0 1 482 426 1457 1859
3978 4 2 0 1 971 269 1626 1633
3979 4 2 0 1 1638 1631 730 1582
3980 4 2 0 1 448 1856 520 437
3981 4 2 0 1 437 1856 520 1641
3982 4 2 0 1 791 1801 1179 1163
3983 4 2 0 1 1108 608 431 833
3984 4 2 0 1 1172 1895 367 1643
3985 4 2 0 1 830 134 800 1384
3986 4 2 0 1 1643 1895 367 608
3987 4 2 0 1 1369 1403 1253 619
3988 4 2 0 1 1499 585 1737 755
3989 4 2 0 1 1714 947 1074 478
3990 4 2 0 1 698 1714 947 1074
3991 4 2 0 1 507 169 216 226
3992 4 2 0 1 226 507 169 1615
3993 4 2 0 1 636 1699 619 1895
3994 4 2 0 1 1699 1002 619 1895
3995 4 2 0 1 425 636 619 1895
3996 4 2 0 1 830 1384 457 134
3997 4 2 0 1 1552 1002 619 1699
3998 4 2 0 1 196 986 1206 217
3999 4 2 0 1 545 430 1043 1641
4000 4 2 0 1 636 1053 1699 431
4001 4 2 0 1 256 864 349 923
4002 4 2 0 1 1506 349 1455 923
4003 4 2 0 1 1455 349 1304 923
4004 4 2 0 1 864 349 923 1304
4005 4 2 0 1 1509 1613 1607 995
4006 4 2 0 1 1509 434 1607 1613
4007 4 2 0 1 473 48 1247 1234
4008 4 2 0 1 1234 1247 520 48
4009 4 2 0 1 473 1247 869 1234
4010 4 2 0 1 1234 869 520 1247
4011 4 2 0 1 908 757 1020 607
4012 4 2 0 1 1011 221 236 1442
4013 4 2 0 1 572 680 626 835
4014 4 2 0 1 1084 680 572 835
4015 4 2 0 1 1046 1144 289 1083
4016 4 2 0 1 1074 1466 689 232
4017 4 2 0 1 712 1466 1074 1832
4018 4 2 0 1 488 1379 414 1380
4019 4 2 0 1 610 414 1379 1380
4020 4 2 0 1 488 1379 1380 960
4021 4 2 0 1 610 1380 1379 960
4022 4 2 0 1 1899 1500 356 516
4023 4 2 0 1 1899 1106 356 1500
4024 4 2 0 1 1004 694 1570 675
4025 4 2 0 1 1004 229 1570 694
4026 4 2 0 1 1501 1003 399 1524
4027 4 2 0 1 703 1728 1524 1295
4028 4 2 0 1 1598 127 1872 129
4029 4 2 0 1 1598 116 1872 127
4030 4 2 0 1 1524 776 1501 702
4031 4 2 0 1 1141 1186 734 1620
4032 4 2 0 1 1500 761 649 593
4033 4 2 0 1 1500 649 1367 593
4034 4 2 0 1 1511 749 1500 968
4035 4 2 0 1 968 649 1500 761
4036 4 2 0 1 968 749 1500 649
4037 4 2 0 1 678 1780 1210 626
4038 4 2 0 1 1780 626 1083 1210
4039 4 2 0 1 1143 1531 1141 1024
4040 4 2 0 1 725 689 1054 698
4041 4 2 0 1 230 1054 689 698
4042 4 2 0 1 1210 680 1067 678
4043 4 2 0 1 1906 1501 1472 860
4044 4 2 0 1 703 1906 1472 789
4045 4 2 0 1 1472 1501 1906 702
4046 4 2 0 1 421 781 708 302
4047 4 2 0 1 1703 302 781 421
4048 4 2 0 1 302 1034 781 708
4049 4 2 0 1 379 1513 895 973
4050 4 2 0 1 592 887 719 748
4051 4 2 0 1 887 748 481 672
4052 4 2 0 1 276 1836 1725 1597
4053 4 2 0 1 592 1319 887 748
4054 4 2 0 1 276 1470 1836 1597
4055 4 2 0 1 887 748 672 719
4056 4 2 0 1 748 1319 887 481
4057 4 2 0 1 1389 489 415 1388
4058 4 2 0 1 1657 1831 1023 273
4059 4 2 0 1 1389 415 603 1388
4060 4 2 0 1 1657 1023 824 732
4061 4 2 0 1 936 489 1389 1388
4062 4 2 0 1 936 1389 603 1388
4063 4 2 0 1 727 848 575 1092
4064 4 2 0 1 1270 1092 575 1272
4065 4 2 0 1 727 1092 575 1270
4066 4 2 0 1 1794 1566 1189 1710
4067 4 2 0 1 71 92 96 1606
4068 4 2 0 1 575 1092 848 1272
4069 4 2 0 1 1408 1649 451 918
4070 4 2 0 1 504 1062 1505 450
4071 4 2 0 1 1593 1408 1590 1649
4072 4 2 0 1 450 1505 1094 581
4073 4 2 0 1 451 1408 1593 1649
4074 4 2 0 1 1408 772 1649 918
4075 4 2 0 1 1590 1408 772 1649
4076 4 2 0 1 1669 1030 969 284
4077 4 2 0 1 267 424 1506 255
4078 4 2 0 1 477 254 1506 424
4079 4 2 0 1 1058 812 1149 811
4080 4 2 0 1 251 1207 1677 1025
4081 4 2 0 1 374 1641 1902 1248
4082 4 2 0 1 1200 545 1894 1507
4083 4 2 0 1 687 1248 374 1902
4084 4 2 0 1 1902 520 1247 1248
4085 4 2 0 1 1902 687 1248 1247
4086 4 2 0 1 1641 520 1902 1248
4087 4 2 0 1 687 570 1248 1247
4088 4 2 0 1 919 628 422 434
4089 4 2 0 1 434 422 919 1058
4090 4 2 0 1 1888 422 434 1058
4091 4 2 0 1 802 919 422 1058
4092 4 2 0 1 1888 802 422 1058
4093 4 2 0 1 1647 977 1613 995
4094 4 2 0 1 468 1708 977 1613
4095 4 2 0 1 1617 1602 393 1881
4096 4 2 0 1 1881 813 1220 1870
4097 4 2 0 1 1220 307 1881 1870
4098 4 2 0 1 468 1509 1613 1888
4099 4 2 0 1 1647 1613 1509 995
4100 4 2 0 1 1512 835 290 1608
4101 4 2 0 1 630 1735 439 626
4102 4 2 0 1 387 900 1495 565
4103 4 2 0 1 900 1495 455 387
4104 4 2 0 1 387 1453 1131 1495
4105 4 2 0 1 387 455 1453 1495
4106 4 2 0 1 1054 689 514 230
4107 4 2 0 1 560 1748 1513 671
4108 4 2 0 1 1851 701 707 666
4109 4 2 0 1 1851 307 701 1898
4110 4 2 0 1 1150 1040 526 895
4111 4 2 0 1 1539 787 1224 639
4112 4 2 0 1 303 1539 787 1224
4113 4 2 0 1 1660 1539 787 303
4114 4 2 0 1 267 1656 1448 1483
4115 4 2 0 1 282 744 851 1854
4116 4 2 0 1 851 282 1854 1017
4117 4 2 0 1 1622 513 401 1193
4118 4 2 0 1 1804 1464 1750 315
4119 4 2 0 1 985 911 1120 549
4120 4 2 0 1 1076 1120 985 911
4121 4 2 0 1 1804 1464 905 1750
4122 4 2 0 1 1192 1894 1440 1705
4123 4 2 0 1 1894 1507 1440 294
4124 4 2 0 1 1894 294 1440 1705
4125 4 2 0 1 834 1558 1677 1514
4126 4 2 0 1 834 1880 1558 1514
4127 4 2 0 1 1880 745 1558 1514
4128 4 2 0 1 1560 1188 70 55
4129 4 2 0 1 160 155 212 507
4130 4 2 0 1 212 507 768 159
4131 4 2 0 1 1166 808 1190 1476
4132 4 2 0 1 808 1476 612 1190
4133 4 2 0 1 808 612 1050 1190
4134 4 2 0 1 423 820 440 1516
4135 4 2 0 1 1522 1529 423 921
4136 4 2 0 1 370 1552 619 1516
4137 4 2 0 1 370 1111 1002 1552
4138 4 2 0 1 1550 1758 334 1825
4139 4 2 0 1 469 466 681 684
4140 4 2 0 1 469 466 684 1645
4141 4 2 0 1 1459 1518 597 620
4142 4 2 0 1 862 992 1146 1059
4143 4 2 0 1 1585 58 74 984
4144 4 2 0 1 1519 559 942 567
4145 4 2 0 1 718 1027 325 540
4146 4 2 0 1 780 887 325 621
4147 4 2 0 1 578 660 1458 738
4148 4 2 0 1 578 660 738 1608
4149 4 2 0 1 655 1458 660 738
4150 4 2 0 1 1520 560 1513 671
4151 4 2 0 1 655 738 660 1608
4152 4 2 0 1 787 563 515 1679
4153 4 2 0 1 787 515 639 1679
4154 4 2 0 1 639 515 1838 1679
4155 4 2 0 1 515 901 1838 1679
4156 4 2 0 1 515 563 901 1679
4157 4 2 0 1 642 31 10 591
4158 4 2 0 1 72 984 74 82
4159 4 2 0 1 21 19 32 29
4160 4 2 0 1 32 42 19 31
4161 4 2 0 1 1818 459 1106 744
4162 4 2 0 1 1818 1106 851 744
4163 4 2 0 1 851 1106 1614 744
4164 4 2 0 1 1586 942 861 1521
4165 4 2 0 1 853 341 1165 322
4166 4 2 0 1 744 459 1106 969
4167 4 2 0 1 980 1028 1776 1195
4168 4 2 0 1 1437 1751 977 1635
4169 4 2 0 1 810 1635 1162 1523
4170 4 2 0 1 820 1491 440 1516
4171 4 2 0 1 741 528 829 637
4172 4 2 0 1 1718 728 566 382
4173 4 2 0 1 758 604 1523 937
4174 4 2 0 1 566 1523 604 1437
4175 4 2 0 1 758 810 1523 435
4176 4 2 0 1 810 1635 1523 435
4177 4 2 0 1 1523 1127 1437 1635
4178 4 2 0 1 1185 336 1012 1524
4179 4 2 0 1 1472 1524 1728 336
4180 4 2 0 1 1472 1003 1524 336
4181 4 2 0 1 1003 1185 1524 336
4182 4 2 0 1 364 1525 1114 1847
4183 4 2 0 1 1847 1525 1114 1554
4184 4 2 0 1 1281 501 1282 152
4185 4 2 0 1 580 1282 152 1281
4186 4 2 0 1 1281 501 963 1282
4187 4 2 0 1 580 963 1282 1281
4188 4 2 0 1 726 523 877 1174
4189 4 2 0 1 1489 1174 726 1009
4190 4 2 0 1 1014 627 1174 1009
4191 4 2 0 1 470 1144 289 291
4192 4 2 0 1 1451 362 1499 1112
4193 4 2 0 1 1150 1038 1748 1044
4194 4 2 0 1 335 1810 1620 1913
4195 4 2 0 1 430 1883 1902 1323
4196 4 2 0 1 1902 1875 1323 1883
4197 4 2 0 1 1089 989 1208 529
4198 4 2 0 1 58 1585 1527 979
4199 4 2 0 1 99 979 1028 93
4200 4 2 0 1 90 99 979 1527
4201 4 2 0 1 1089 1271 989 529
4202 4 2 0 1 845 411 549 1360
4203 4 2 0 1 549 411 1362 1360
4204 4 2 0 1 549 411 1374 1362
4205 4 2 0 1 601 411 1374 549
4206 4 2 0 1 1528 1047 1464 315
4207 4 2 0 1 1705 1440 911 294
4208 4 2 0 1 1482 1705 911 294
4209 4 2 0 1 767 1440 911 1705
4210 4 2 0 1 1005 767 911 1705
4211 4 2 0 1 1045 569 1684 818
4212 4 2 0 1 1605 1165 338 713
4213 4 2 0 1 1566 338 1165 713
4214 4 2 0 1 1668 1594 1065 1066
4215 4 2 0 1 1479 1179 44 791
4216 4 2 0 1 1594 1065 1066 451
4217 4 2 0 1 659 1101 697 355
4218 4 2 0 1 947 1325 674 479
4219 4 2 0 1 698 674 479 947
4220 4 2 0 1 947 1326 1325 479
4221 4 2 0 1 1361 550 1359 1118
4222 4 2 0 1 1118 550 1409 1411
4223 4 2 0 1 1359 550 1409 1118
4224 4 2 0 1 1361 550 1118 1411
4225 4 2 0 1 1294 1245 1532 719
4226 4 2 0 1 1175 1086 792 656
4227 4 2 0 1 1849 398 1631 1445
4228 4 2 0 1 1060 428 730 1640
4229 4 2 0 1 1060 730 1582 1640
4230 4 2 0 1 1170 759 531 1211
4231 4 2 0 1 1589 1298 915 1651
4232 4 2 0 1 1651 1298 397 685
4233 4 2 0 1 1762 1534 918 1418
4234 4 2 0 1 1700 1571 480 715
4235 4 2 0 1 1762 1534 1807 1296
4236 4 2 0 1 1892 1571 1700 715
4237 4 2 0 1 881 524 1267 1233
4238 4 2 0 1 1265 524 881 1232
4239 4 2 0 1 393 1617 682 1088
4240 4 2 0 1 1232 524 881 1233
4241 4 2 0 1 1267 524 881 1265
4242 4 2 0 1 522 1255 1080 63
4243 4 2 0 1 522 1255 1522 1080
4244 4 2 0 1 873 1255 1522 522
4245 4 2 0 1 425 1895 1536 1018
4246 4 2 0 1 1891 1537 1564 1182
4247 4 2 0 1 1337 1317 410 484
4248 4 2 0 1 594 1317 410 1337
4249 4 2 0 1 927 1317 1337 484
4250 4 2 0 1 594 1317 1337 927
4251 4 2 0 1 1161 1872 127 1140
4252 4 2 0 1 209 1116 1696 1701
4253 4 2 0 1 693 734 401 1293
4254 4 2 0 1 1732 1681 1604 1616
4255 4 2 0 1 433 1732 1681 1604
4256 4 2 0 1 343 791 967 1683
4257 4 2 0 1 1766 1378 957 1122
4258 4 2 0 1 1766 957 1562 1122
4259 4 2 0 1 1122 1378 957 610
4260 4 2 0 1 446 220 1035 195
4261 4 2 0 1 1562 957 610 1122
4262 4 2 0 1 1014 767 552 627
4263 4 2 0 1 1799 362 718 1783
4264 4 2 0 1 1799 362 1783 280
4265 4 2 0 1 718 1783 839 1799
4266 4 2 0 1 1060 685 964 614
4267 4 2 0 1 1064 685 964 1060
4268 4 2 0 1 677 435 1718 566
4269 4 2 0 1 879 490 1264 1262
4270 4 2 0 1 1264 1393 490 879
4271 4 2 0 1 1538 739 998 1688
4272 4 2 0 1 1538 1688 998 1180
4273 4 2 0 1 769 766 1004 694
4274 4 2 0 1 203 694 205 766
4275 4 2 0 1 1004 766 205 694
4276 4 2 0 1 636 1018 1895 425
4277 4 2 0 1 967 1179 1683 791
4278 4 2 0 1 688 967 1707 791
4279 4 2 0 1 967 791 688 1801
4280 4 2 0 1 967 1801 1179 791
4281 4 2 0 1 169 507 149 194
4282 4 2 0 1 716 1804 1750 315
4283 4 2 0 1 1143 1804 716 315
4284 4 2 0 1 1054 206 514 194
4285 4 2 0 1 879 1264 1892 1015
4286 4 2 0 1 1067 470 1324 1144
4287 4 2 0 1 1610 1892 1015 1653
4288 4 2 0 1 1015 1892 879 1653
4289 4 2 0 1 537 47 1683 1541
4290 4 2 0 1 981 1683 47 1541
4291 4 2 0 1 367 1172 1072 1080
4292 4 2 0 1 556 1497 1637 1191
4293 4 2 0 1 1542 985 294 1482
4294 4 2 0 1 179 192 799 1696
4295 4 2 0 1 1423 562 900 436
4296 4 2 0 1 1423 900 390 436
4297 4 2 0 1 506 1745 1443 1630
4298 4 2 0 1 345 1745 1630 122
4299 4 2 0 1 764 1636 850 123
4300 4 2 0 1 805 850 764 1543
4301 4 2 0 1 987 1636 764 123
4302 4 2 0 1 1177 783 643 622
4303 4 2 0 1 944 1217 1676 1048
4304 4 2 0 1 1217 972 1676 1048
4305 4 2 0 1 1296 1807 1762 1829
4306 4 2 0 1 1649 1480 1467 1590
4307 4 2 0 1 1676 373 1787 1912
4308 4 2 0 1 980 1028 1104 688
4309 4 2 0 1 980 1776 1028 688
4310 4 2 0 1 1776 1606 1028 688
4311 4 2 0 1 1776 688 980 1707
4312 4 2 0 1 1707 688 980 1104
4313 4 2 0 1 1545 310 695 1740
4314 4 2 0 1 926 357 1308 1455
4315 4 2 0 1 926 357 1315 1308
4316 4 2 0 1 1315 357 926 761
4317 4 2 0 1 516 357 761 926
4318 4 2 0 1 204 205 1136 1022
4319 4 2 0 1 205 766 1136 1022
4320 4 2 0 1 284 1183 1496 543
4321 4 2 0 1 1434 1183 1496 284
4322 4 2 0 1 422 384 1412 1119
4323 4 2 0 1 384 1171 1888 959
4324 4 2 0 1 1221 1461 300 1548
4325 4 2 0 1 1681 860 1436 317
4326 4 2 0 1 1509 422 628 434
4327 4 2 0 1 1363 604 1365 1437
4328 4 2 0 1 1437 604 1365 1523
4329 4 2 0 1 1440 874 911 549
4330 4 2 0 1 767 874 911 1440
4331 4 2 0 1 1173 1790 366 1226
4332 4 2 0 1 245 1483 251 1656
4333 4 2 0 1 245 1665 251 1483
4334 4 2 0 1 525 1268 1264 1091
4335 4 2 0 1 525 1264 1015 1091
4336 4 2 0 1 1024 1091 525 1015
4337 4 2 0 1 525 1268 1091 1024
4338 4 2 0 1 218 195 215 187
4339 4 2 0 1 1461 1457 1221 300
4340 4 2 0 1 182 218 195 220
4341 4 2 0 1 182 187 195 218
4342 4 2 0 1 1453 797 1495 1567
4343 4 2 0 1 950 1459 1518 597
4344 4 2 0 1 950 1518 1333 597
4345 4 2 0 1 758 1619 810 662
4346 4 2 0 1 943 162 156 166
4347 4 2 0 1 943 151 156 162
4348 4 2 0 1 655 1458 1765 660
4349 4 2 0 1 1678 1824 658 974
4350 4 2 0 1 1583 117 89 1826
4351 4 2 0 1 1583 114 117 1826
4352 4 2 0 1 1583 114 1826 1510
4353 4 2 0 1 117 1583 506 1443
4354 4 2 0 1 1530 1802 353 1657
4355 4 2 0 1 1635 435 677 566
4356 4 2 0 1 1071 1244 493 1271
4357 4 2 0 1 402 1271 634 903
4358 4 2 0 1 1244 1271 1071 941
4359 4 2 0 1 903 634 1519 1271
4360 4 2 0 1 1557 1139 1145 1013
4361 4 2 0 1 1557 1446 884 43
4362 4 2 0 1 745 1844 1558 863
4363 4 2 0 1 1514 863 1558 1207
4364 4 2 0 1 1810 320 771 340
4365 4 2 0 1 1185 1524 511 736
4366 4 2 0 1 537 52 50 1560
4367 4 2 0 1 531 1588 52 537
4368 4 2 0 1 767 1565 552 627
4369 4 2 0 1 418 1832 1074 232
4370 4 2 0 1 1832 1466 1074 232
4371 4 2 0 1 630 835 439 798
4372 4 2 0 1 798 835 439 1646
4373 4 2 0 1 439 626 1646 835
4374 4 2 0 1 1423 900 1427 390
4375 4 2 0 1 390 900 1427 1773
4376 4 2 0 1 912 455 1453 1569
4377 4 2 0 1 857 976 362 1901
4378 4 2 0 1 1565 627 767 706
4379 4 2 0 1 1575 1033 822 846
4380 4 2 0 1 1575 822 1033 120
4381 4 2 0 1 1478 859 858 654
4382 4 2 0 1 352 1478 790 722
4383 4 2 0 1 790 1478 858 722
4384 4 2 0 1 1530 1579 1169 1853
4385 4 2 0 1 1319 1309 1321 583
4386 4 2 0 1 1305 652 1844 1319
4387 4 2 0 1 1657 353 1831 1802
4388 4 2 0 1 1140 1543 1872 1887
4389 4 2 0 1 854 1872 1140 1543
4390 4 2 0 1 1872 1543 764 987
4391 4 2 0 1 1660 1679 1539 1432
4392 4 2 0 1 1703 1679 396 1132
4393 4 2 0 1 1660 396 1036 1703
4394 4 2 0 1 828 432 891 542
4395 4 2 0 1 1584 432 722 542
4396 4 2 0 1 1626 269 225 1633
4397 4 2 0 1 117 1583 112 506
4398 4 2 0 1 765 229 235 1570
4399 4 2 0 1 1057 44 1664 1690
4400 4 2 0 1 1057 44 1557 1664
4401 4 2 0 1 1101 692 589 659
4402 4 2 0 1 692 364 1908 1101
4403 4 2 0 1 1259 377 895 1381
4404 4 2 0 1 1381 377 895 1748
4405 4 2 0 1 1150 895 1259 377
4406 4 2 0 1 183 694 171 768
4407 4 2 0 1 1007 1869 1080 1072
4408 4 2 0 1 895 1748 377 1150
4409 4 2 0 1 1160 949 1578 1202
4410 4 2 0 1 679 942 1910 1837
4411 4 2 0 1 1586 942 1521 1910
4412 4 2 0 1 1391 1425 960 387
4413 4 2 0 1 1391 1131 1425 387
4414 4 2 0 1 1391 613 960 1425
4415 4 2 0 1 1391 1131 613 1425
4416 4 2 0 1 276 1725 1572 650
4417 4 2 0 1 745 650 652 1572
4418 4 2 0 1 207 208 1063 886
4419 4 2 0 1 84 96 1195 71
4420 4 2 0 1 1473 1759 695 1545
4421 4 2 0 1 1722 99 1510 1630
4422 4 2 0 1 1722 1510 122 1630
4423 4 2 0 1 1546 1869 1529 1454
4424 4 2 0 1 1054 698 1615 725
4425 4 2 0 1 296 1822 1576 1034
4426 4 2 0 1 428 961 1649 1467
4427 4 2 0 1 1640 1221 1668 428
4428 4 2 0 1 1050 466 1171 1645
4429 4 2 0 1 1050 1128 612 1171
4430 4 2 0 1 1409 872 375 1254
4431 4 2 0 1 1359 375 1409 872
4432 4 2 0 1 429 1112 1451 751
4433 4 2 0 1 1692 1299 630 429
4434 4 2 0 1 121 1630 1722 764
4435 4 2 0 1 1178 862 1146 587
4436 4 2 0 1 1051 1173 1079 570
4437 4 2 0 1 990 1051 1173 1079
4438 4 2 0 1 1027 1320 1695 887
4439 4 2 0 1 1027 1901 1320 775
4440 4 2 0 1 1027 540 775 1320
4441 4 2 0 1 921 1172 1522 1080
4442 4 2 0 1 1454 1529 855 1042
4443 4 2 0 1 920 429 751 1735
4444 4 2 0 1 554 1142 801 1128
4445 4 2 0 1 973 1083 1068 526
4446 4 2 0 1 1046 1083 1068 973
4447 4 2 0 1 462 663 1540 794
4448 4 2 0 1 462 663 794 1891
4449 4 2 0 1 1203 1911 1481 1693
4450 4 2 0 1 511 736 1473 1733
4451 4 2 0 1 511 1473 327 1733
4452 4 2 0 1 1176 1455 1577 763
4453 4 2 0 1 1578 659 683 1202
4454 4 2 0 1 887 1842 719 672
4455 4 2 0 1 403 1648 1712 558
4456 4 2 0 1 887 1842 672 1579
4457 4 2 0 1 403 1712 731 558
4458 4 2 0 1 492 137 1267 1265
4459 4 2 0 1 641 709 444 1155
4460 4 2 0 1 1268 137 1267 492
4461 4 2 0 1 403 1840 731 1712
4462 4 2 0 1 1155 641 709 1712
4463 4 2 0 1 410 1770 595 1372
4464 4 2 0 1 1372 1770 595 1112
4465 4 2 0 1 1112 429 928 595
4466 4 2 0 1 1770 928 595 1112
4467 4 2 0 1 1530 353 1579 1853
4468 4 2 0 1 1872 987 1887 1543
4469 4 2 0 1 987 1636 617 1543
4470 4 2 0 1 46 531 1170 759
4471 4 2 0 1 1262 1261 490 137
4472 4 2 0 1 1262 137 579 1261
4473 4 2 0 1 962 1261 490 1262
4474 4 2 0 1 962 1262 579 1261
4475 4 2 0 1 1836 348 1727 1159
4476 4 2 0 1 1836 1727 348 1504
4477 4 2 0 1 1108 1643 367 608
4478 4 2 0 1 1213 1108 431 833
4479 4 2 0 1 868 1336 1580 1002
4480 4 2 0 1 456 868 1580 431
4481 4 2 0 1 1693 364 1911 1481
4482 4 2 0 1 364 1481 1693 1525
4483 4 2 0 1 1699 1053 1580 431
4484 4 2 0 1 1525 1693 364 1114
4485 4 2 0 1 1851 1898 701 666
4486 4 2 0 1 1581 1078 861 1032
4487 4 2 0 1 1167 697 1101 355
4488 4 2 0 1 72 66 74 1585
4489 4 2 0 1 1585 72 87 984
4490 4 2 0 1 188 180 221 172
4491 4 2 0 1 979 1028 93 1585
4492 4 2 0 1 188 221 178 172
4493 4 2 0 1 1492 1114 1407 373
4494 4 2 0 1 955 373 1492 1407
4495 4 2 0 1 600 1114 1407 1492
4496 4 2 0 1 955 1492 600 1407
4497 4 2 0 1 1209 1208 726 700
4498 4 2 0 1 1209 1439 726 1208
4499 4 2 0 1 718 1783 569 839
4500 4 2 0 1 1903 718 569 839
4501 4 2 0 1 1913 734 401 1620
4502 4 2 0 1 806 375 1197 623
4503 4 2 0 1 806 1051 375 623
4504 4 2 0 1 1051 375 623 845
4505 4 2 0 1 623 845 375 1197
4506 4 2 0 1 822 1630 1754 121
4507 4 2 0 1 99 846 1630 1754
4508 4 2 0 1 1724 1630 822 764
4509 4 2 0 1 1053 456 1580 431
4510 4 2 0 1 46 1215 52 1588
4511 4 2 0 1 343 1588 531 537
4512 4 2 0 1 52 1188 1588 1215
4513 4 2 0 1 908 757 607 986
4514 4 2 0 1 1546 292 1591 1812
4515 4 2 0 1 907 1034 781 302
4516 4 2 0 1 343 967 1515 1683
4517 4 2 0 1 967 1515 1683 981
4518 4 2 0 1 1592 644 713 1882
4519 4 2 0 1 531 1588 46 52
4520 4 2 0 1 901 491 1398 1269
4521 4 2 0 1 1400 491 901 1270
4522 4 2 0 1 901 491 1269 1270
4523 4 2 0 1 901 1400 1398 491
4524 4 2 0 1 1649 1422 611 1124
4525 4 2 0 1 1649 611 918 1124
4526 4 2 0 1 1124 1422 611 1418
4527 4 2 0 1 918 611 1418 1124
4528 4 2 0 1 1371 1370 594 410
4529 4 2 0 1 1371 1370 410 485
4530 4 2 0 1 930 1370 594 1371
4531 4 2 0 1 930 1370 1371 485
4532 4 2 0 1 432 793 828 891
4533 4 2 0 1 1911 432 1893 1584
4534 4 2 0 1 1584 1911 432 364
4535 4 2 0 1 1621 1911 1584 364
4536 4 2 0 1 632 1732 1604 1616
4537 4 2 0 1 838 1584 699 1893
4538 4 2 0 1 1056 699 1841 1433
4539 4 2 0 1 1596 718 546 569
4540 4 2 0 1 1596 569 546 1658
4541 4 2 0 1 1784 1596 1658 569
4542 4 2 0 1 1562 1766 624 577
4543 4 2 0 1 17 1057 978 647
4544 4 2 0 1 1562 1766 577 957
4545 4 2 0 1 1597 1504 1677 241
4546 4 2 0 1 1597 1470 1504 241
4547 4 2 0 1 1562 1766 829 624
4548 4 2 0 1 1092 1910 1272 1837
4549 4 2 0 1 1519 942 1837 1272
4550 4 2 0 1 1092 1272 529 1001
4551 4 2 0 1 529 903 1001 1272
4552 4 2 0 1 1367 365 1511 1106
4553 4 2 0 1 1623 686 1531 734
4554 4 2 0 1 641 404 1201 1878
4555 4 2 0 1 567 1600 641 1485
4556 4 2 0 1 1600 404 904 641
4557 4 2 0 1 740 84 1195 1884
4558 4 2 0 1 537 1683 343 1515
4559 4 2 0 1 537 1515 1560 1541
4560 4 2 0 1 537 1683 1515 1541
4561 4 2 0 1 410 1317 547 1318
4562 4 2 0 1 1371 1317 547 410
4563 4 2 0 1 506 1443 1618 117
4564 4 2 0 1 1618 1612 117 1443
4565 4 2 0 1 1618 119 117 1612
4566 4 2 0 1 410 547 1373 1318
4567 4 2 0 1 1371 547 1373 410
4568 4 2 0 1 815 1186 308 1602
4569 4 2 0 1 1736 1590 389 1467
4570 4 2 0 1 1298 1467 1590 1736
4571 4 2 0 1 1736 389 1133 1467
4572 4 2 0 1 1298 1467 1736 1133
4573 4 2 0 1 829 528 1603 637
4574 4 2 0 1 528 1912 1275 1603
4575 4 2 0 1 637 1912 528 1603
4576 4 2 0 1 522 1536 619 1172
4577 4 2 0 1 1488 1734 317 700
4578 4 2 0 1 1488 726 1734 700
4579 4 2 0 1 708 1034 781 784
4580 4 2 0 1 1047 1750 1094 1288
4581 4 2 0 1 1286 1700 1750 1288
4582 4 2 0 1 664 323 342 1825
4583 4 2 0 1 664 1758 323 1825
4584 4 2 0 1 982 1703 1036 727
4585 4 2 0 1 396 1036 727 1092
4586 4 2 0 1 1464 1781 905 1047
4587 4 2 0 1 1450 1781 1464 1047
4588 4 2 0 1 1450 1464 1781 665
4589 4 2 0 1 982 1502 1703 727
4590 4 2 0 1 71 1606 1195 53
4591 4 2 0 1 1300 120 1659 1575
4592 4 2 0 1 300 1638 832 1815
4593 4 2 0 1 1629 116 1872 1598
4594 4 2 0 1 1786 660 578 1608
4595 4 2 0 1 1084 1608 1786 578
4596 4 2 0 1 1652 387 1391 1380
4597 4 2 0 1 876 1380 1652 1391
4598 4 2 0 1 1380 1225 876 1652
4599 4 2 0 1 744 1106 1614 1183
4600 4 2 0 1 744 1106 1183 969
4601 4 2 0 1 744 1183 1614 1070
4602 4 2 0 1 1186 1622 324 308
4603 4 2 0 1 734 513 401 1186
4604 4 2 0 1 1531 1464 1143 827
4605 4 2 0 1 827 1464 1143 1691
4606 4 2 0 1 1562 562 1122 1421
4607 4 2 0 1 1122 562 455 1421
4608 4 2 0 1 1850 512 669 815
4609 4 2 0 1 702 762 1295 776
4610 4 2 0 1 703 702 1731 1295
4611 4 2 0 1 1583 117 110 89
4612 4 2 0 1 1583 106 344 841
4613 4 2 0 1 1443 114 1583 1510
4614 4 2 0 1 117 1583 1443 114
4615 4 2 0 1 38 12 4 1
4616 4 2 0 1 1814 715 704 480
4617 4 2 0 1 1894 1043 1117 1507
4618 4 2 0 1 468 1888 959 1509
4619 4 2 0 1 1204 1894 1043 1117
4620 4 2 0 1 773 864 991 1719
4621 4 2 0 1 1719 773 1739 991
4622 4 2 0 1 1583 89 110 532
4623 4 2 0 1 1583 95 89 532
4624 4 2 0 1 468 959 1708 1509
4625 4 2 0 1 1888 1171 468 959
4626 4 2 0 1 959 1476 468 1708
4627 4 2 0 1 1171 1476 468 959
4628 4 2 0 1 754 918 451 1065
4629 4 2 0 1 1610 669 1015 716
4630 4 2 0 1 494 1531 673 1623
4631 4 2 0 1 1531 494 686 1623
4632 4 2 0 1 870 1226 1251 366
4633 4 2 0 1 366 1079 1226 1251
4634 4 2 0 1 423 1536 425 619
4635 4 2 0 1 870 1226 521 1251
4636 4 2 0 1 1251 1079 1226 521
4637 4 2 0 1 1536 619 1172 1895
4638 4 2 0 1 741 829 994 637
4639 4 2 0 1 945 741 994 637
4640 4 2 0 1 1306 828 722 1187
4641 4 2 0 1 1439 627 706 1009
4642 4 2 0 1 449 1611 1561 603
4643 4 2 0 1 772 1611 1561 449
4644 4 2 0 1 1209 1439 706 1009
4645 4 2 0 1 670 721 1615 698
4646 4 2 0 1 1906 860 337 1681
4647 4 2 0 1 1616 1681 337 860
4648 4 2 0 1 634 1616 1191 1474
4649 4 2 0 1 1602 1851 307 1617
4650 4 2 0 1 308 1622 307 1602
4651 4 2 0 1 695 310 1619 1740
4652 4 2 0 1 1162 310 1619 1897
4653 4 2 0 1 442 640 856 743
4654 4 2 0 1 1389 1387 415 489
4655 4 2 0 1 1389 415 1387 561
4656 4 2 0 1 899 1387 1389 489
4657 4 2 0 1 899 1389 1387 561
4658 4 2 0 1 854 805 764 1543
4659 4 2 0 1 632 634 1732 1616
4660 4 2 0 1 634 1616 1474 1732
4661 4 2 0 1 1893 699 1621 1584
4662 4 2 0 1 1065 390 1423 961
4663 4 2 0 1 1065 1423 390 1125
4664 4 2 0 1 754 1741 958 1761
4665 4 2 0 1 666 1898 771 401
4666 4 2 0 1 1622 401 1851 1193
4667 4 2 0 1 820 1491 286 994
4668 4 2 0 1 1186 513 512 669
4669 4 2 0 1 1586 1800 853 1910
4670 4 2 0 1 1586 853 679 1910
4671 4 2 0 1 633 1892 1131 1429
4672 4 2 0 1 1892 797 633 1131
4673 4 2 0 1 797 1131 1892 1653
4674 4 2 0 1 320 1810 401 324
4675 4 2 0 1 1445 1094 1505 1639
4676 4 2 0 1 1711 405 1758 1744
4677 4 2 0 1 1062 404 1093 1763
4678 4 2 0 1 142 1563 159 144
4679 4 2 0 1 507 159 1563 144
4680 4 2 0 1 1812 1546 909 288
4681 4 2 0 1 1546 1812 1591 288
4682 4 2 0 1 777 492 881 1574
4683 4 2 0 1 965 1508 555 492
4684 4 2 0 1 492 1508 555 777
4685 4 2 0 1 1625 1537 1793 600
4686 4 2 0 1 1076 1044 1542 985
4687 4 2 0 1 1625 600 1793 955
4688 4 2 0 1 1063 1578 261 1202
4689 4 2 0 1 1578 683 261 1202
4690 4 2 0 1 913 944 817 1675
4691 4 2 0 1 1027 1799 718 621
4692 4 2 0 1 839 718 1799 621
4693 4 2 0 1 1007 376 1674 1080
4694 4 2 0 1 1034 1627 302 907
4695 4 2 0 1 455 387 1225 1122
4696 4 2 0 1 510 296 1576 1627
4697 4 2 0 1 1453 387 1225 455
4698 4 2 0 1 247 264 1435 1628
4699 4 2 0 1 739 382 1791 566
4700 4 2 0 1 739 1117 1791 382
4701 4 2 0 1 1592 644 1605 713
4702 4 2 0 1 1592 644 433 1605
4703 4 2 0 1 1872 764 854 1629
4704 4 2 0 1 116 1872 854 1629
4705 4 2 0 1 121 1754 1722 1630
4706 4 2 0 1 1008 1014 1490 299
4707 4 2 0 1 1568 1051 623 687
4708 4 2 0 1 1803 505 733 1484
4709 4 2 0 1 1666 1517 666 770
4710 4 2 0 1 666 1666 770 618
4711 4 2 0 1 707 1666 1517 666
4712 4 2 0 1 1901 353 1831 1695
4713 4 2 0 1 1695 1901 1320 1027
4714 4 2 0 1 638 1176 1455 746
4715 4 2 0 1 968 1577 761 516
4716 4 2 0 1 1029 1043 1902 687
4717 4 2 0 1 1746 1043 1021 1029
4718 4 2 0 1 1048 945 994 637
4719 4 2 0 1 1243 915 1093 575
4720 4 2 0 1 975 1190 1050 962
4721 4 2 0 1 1050 612 962 1190
4722 4 2 0 1 853 679 1165 338
4723 4 2 0 1 679 1605 1165 338
4724 4 2 0 1 259 1570 888 481
4725 4 2 0 1 1523 1190 392 1127
4726 4 2 0 1 264 247 1169 249
4727 4 2 0 1 1637 1497 1156 983
4728 4 2 0 1 439 1735 1780 626
4729 4 2 0 1 1103 323 1639 999
4730 4 2 0 1 312 1639 323 309
4731 4 2 0 1 1495 436 900 455
4732 4 2 0 1 455 436 900 562
4733 4 2 0 1 946 509 1125 436
4734 4 2 0 1 946 1164 1461 436
4735 4 2 0 1 189 1022 1136 181
4736 4 2 0 1 990 1051 1079 1785
4737 4 2 0 1 1785 1051 1079 375
4738 4 2 0 1 1758 1550 1447 504
4739 4 2 0 1 518 437 448 1434
4740 4 2 0 1 518 1070 437 1434
4741 4 2 0 1 1434 448 1496 437
4742 4 2 0 1 1434 1496 1183 437
4743 4 2 0 1 1070 1183 437 1434
4744 4 2 0 1 437 520 1902 1641
4745 4 2 0 1 430 1902 1641 437
4746 4 2 0 1 969 1183 543 1106
4747 4 2 0 1 620 438 823 1642
4748 4 2 0 1 1792 438 620 1642
4749 4 2 0 1 761 1107 649 593
4750 4 2 0 1 1018 833 1643 283
4751 4 2 0 1 1213 1643 833 283
4752 4 2 0 1 1643 1018 283 1041
4753 4 2 0 1 1553 283 1643 1662
4754 4 2 0 1 1643 1041 283 1553
4755 4 2 0 1 854 1618 506 345
4756 4 2 0 1 790 1020 1223 696
4757 4 2 0 1 1031 885 1858 346
4758 4 2 0 1 975 1050 808 1645
4759 4 2 0 1 439 626 678 1646
4760 4 2 0 1 980 1215 740 1195
4761 4 2 0 1 1118 383 1647 1886
4762 4 2 0 1 677 977 691 1835
4763 4 2 0 1 1647 383 1118 1509
4764 4 2 0 1 1751 977 1708 1647
4765 4 2 0 1 1089 529 1208 1269
4766 4 2 0 1 558 1648 556 1497
4767 4 2 0 1 754 451 1066 1065
4768 4 2 0 1 1066 1164 1761 1065
4769 4 2 0 1 702 762 776 317
4770 4 2 0 1 1436 317 860 880
4771 4 2 0 1 587 950 1059 657
4772 4 2 0 1 1821 1563 617 1140
4773 4 2 0 1 1821 146 143 1563
4774 4 2 0 1 1650 261 1202 1136
4775 4 2 0 1 683 1202 1650 261
4776 4 2 0 1 1830 1159 1138 278
4777 4 2 0 1 1818 650 1138 970
4778 4 2 0 1 1301 80 68 91
4779 4 2 0 1 73 100 344 1826
4780 4 2 0 1 1301 76 68 80
4781 4 2 0 1 264 249 1169 263
4782 4 2 0 1 1860 1066 1164 293
4783 4 2 0 1 832 300 837 1548
4784 4 2 0 1 1651 1469 1465 441
4785 4 2 0 1 1651 1469 441 1064
4786 4 2 0 1 477 424 1273 254
4787 4 2 0 1 442 1652 1653 554
4788 4 2 0 1 1779 1652 1653 442
4789 4 2 0 1 442 1653 1142 554
4790 4 2 0 1 1850 1653 1142 517
4791 4 2 0 1 1653 879 1142 554
4792 4 2 0 1 1653 113 517 1850
4793 4 2 0 1 1655 676 515 639
4794 4 2 0 1 1655 639 515 1838
4795 4 2 0 1 1656 1448 251 1025
4796 4 2 0 1 1695 824 1657 1023
4797 4 2 0 1 844 1520 1513 671
4798 4 2 0 1 454 1513 844 1123
4799 4 2 0 1 1832 1074 478 418
4800 4 2 0 1 303 1660 1441 302
4801 4 2 0 1 651 1178 478 1074
4802 4 2 0 1 104 111 1742 101
4803 4 2 0 1 1742 111 1052 101
4804 4 2 0 1 126 1618 1661 1612
4805 4 2 0 1 1092 1001 529 1432
4806 4 2 0 1 1092 1432 782 1001
4807 4 2 0 1 266 1151 253 1169
4808 4 2 0 1 1631 1634 1849 1445
4809 4 2 0 1 1507 549 985 871
4810 4 2 0 1 832 1221 1668 1640
4811 4 2 0 1 1594 1065 451 1649
4812 4 2 0 1 150 1862 1806 1212
4813 4 2 0 1 608 833 1643 1895
4814 4 2 0 1 1018 1895 1643 833
4815 4 2 0 1 1663 855 1771 551
4816 4 2 0 1 742 1771 1663 855
4817 4 2 0 1 1663 855 551 1225
4818 4 2 0 1 1885 1225 855 1663
4819 4 2 0 1 1784 569 1658 1039
4820 4 2 0 1 454 1324 1833 1822
4821 4 2 0 1 1664 914 1690 44
4822 4 2 0 1 914 44 1664 1479
4823 4 2 0 1 791 1557 1664 661
4824 4 2 0 1 44 1557 1664 791
4825 4 2 0 1 245 1665 268 1753
4826 4 2 0 1 682 579 707 1667
4827 4 2 0 1 1055 1901 584 1484
4828 4 2 0 1 1697 285 1203 1693
4829 4 2 0 1 1720 1769 352 865
4830 4 2 0 1 1885 742 1663 855
4831 4 2 0 1 661 1557 643 791
4832 4 2 0 1 1651 1298 685 1064
4833 4 2 0 1 1116 418 210 799
4834 4 2 0 1 827 1464 1691 328
4835 4 2 0 1 1825 312 323 316
4836 4 2 0 1 1550 1711 1825 312
4837 4 2 0 1 1711 1639 405 1744
4838 4 2 0 1 1445 309 1639 312
4839 4 2 0 1 674 226 230 1054
4840 4 2 0 1 1784 1030 284 1496
4841 4 2 0 1 470 1144 1210 289
4842 4 2 0 1 1780 1210 289 470
4843 4 2 0 1 26 28 27 1820
4844 4 2 0 1 978 1057 27 28
4845 4 2 0 1 28 1820 1057 27
4846 4 2 0 1 54 61 70 1188
4847 4 2 0 1 226 216 211 163
4848 4 2 0 1 54 1188 1560 52
4849 4 2 0 1 1560 1515 52 1188
4850 4 2 0 1 786 944 1824 1676
4851 4 2 0 1 506 1724 1630 1889
4852 4 2 0 1 1139 643 1865 661
4853 4 2 0 1 908 213 238 757
4854 4 2 0 1 641 1201 444 709
4855 4 2 0 1 796 779 1137 709
4856 4 2 0 1 444 1137 709 1201
4857 4 2 0 1 444 502 1840 905
4858 4 2 0 1 1840 905 673 444
4859 4 2 0 1 1584 1101 1908 364
4860 4 2 0 1 1621 1481 1911 364
4861 4 2 0 1 1621 1908 364 1584
4862 4 2 0 1 1549 1673 953 576
4863 4 2 0 1 157 1338 847 139
4864 4 2 0 1 506 1443 1745 1618
4865 4 2 0 1 1443 125 1618 1612
4866 4 2 0 1 139 136 148 140
4867 4 2 0 1 1144 379 973 1726
4868 4 2 0 1 973 379 1513 1726
4869 4 2 0 1 1562 741 509 1675
4870 4 2 0 1 139 148 1338 847
4871 4 2 0 1 509 1675 945 946
4872 4 2 0 1 381 509 946 1675
4873 4 2 0 1 139 136 140 135
4874 4 2 0 1 1147 184 908 196
4875 4 2 0 1 777 492 731 403
4876 4 2 0 1 1136 1160 766 1004
4877 4 2 0 1 148 157 139 1338
4878 4 2 0 1 177 223 1022 181
4879 4 2 0 1 1622 401 307 1851
4880 4 2 0 1 1566 322 1189 1165
4881 4 2 0 1 139 847 140 148
4882 4 2 0 1 1794 313 1680 1189
4883 4 2 0 1 982 313 1595 1680
4884 4 2 0 1 114 118 122 124
4885 4 2 0 1 114 122 118 1510
4886 4 2 0 1 442 1845 856 640
4887 4 2 0 1 567 942 1519 493
4888 4 2 0 1 1905 1683 1896 47
4889 4 2 0 1 1683 47 537 759
4890 4 2 0 1 1717 1683 47 981
4891 4 2 0 1 546 818 1684 569
4892 4 2 0 1 705 1139 1796 42
4893 4 2 0 1 42 1796 19 1145
4894 4 2 0 1 1804 315 1143 1464
4895 4 2 0 1 1464 315 1143 1528
4896 4 2 0 1 1910 1800 326 1595
4897 4 2 0 1 1778 319 1521 848
4898 4 2 0 1 1150 526 1040 1081
4899 4 2 0 1 448 1234 520 1081
4900 4 2 0 1 1542 1856 985 916
4901 4 2 0 1 1856 916 520 871
4902 4 2 0 1 1030 543 1496 1109
4903 4 2 0 1 1596 1109 1030 1496
4904 4 2 0 1 1813 448 596 629
4905 4 2 0 1 1688 1197 691 601
4906 4 2 0 1 1688 601 691 1791
4907 4 2 0 1 1688 845 601 1117
4908 4 2 0 1 1445 504 1505 450
4909 4 2 0 1 581 1283 964 1469
4910 4 2 0 1 1064 450 964 1469
4911 4 2 0 1 581 1062 1283 1469
4912 4 2 0 1 441 1062 1469 1465
4913 4 2 0 1 728 1192 382 301
4914 4 2 0 1 728 1654 301 382
4915 4 2 0 1 897 298 728 301
4916 4 2 0 1 674 864 1719 479
4917 4 2 0 1 674 479 1719 670
4918 4 2 0 1 1554 1697 1114 1492
4919 4 2 0 1 1526 248 1570 354
4920 4 2 0 1 1492 658 373 1787
4921 4 2 0 1 1492 955 1787 373
4922 4 2 0 1 339 1472 703 1728
4923 4 2 0 1 1542 985 1482 1076
4924 4 2 0 1 429 1692 1846 595
4925 4 2 0 1 1537 1692 1846 429
4926 4 2 0 1 464 1692 429 1299
4927 4 2 0 1 452 891 1463 793
4928 4 2 0 1 1552 793 1053 1816
4929 4 2 0 1 631 452 831 1555
4930 4 2 0 1 1693 1911 631 1203
4931 4 2 0 1 1040 892 1658 368
4932 4 2 0 1 84 65 1195 1884
4933 4 2 0 1 661 1848 1013 1664
4934 4 2 0 1 84 65 1884 77
4935 4 2 0 1 740 1215 980 83
4936 4 2 0 1 1027 1695 648 887
4937 4 2 0 1 1023 1831 1695 1049
4938 4 2 0 1 648 1695 719 887
4939 4 2 0 1 1054 169 206 194
4940 4 2 0 1 169 194 1615 507
4941 4 2 0 1 226 1615 169 1054
4942 4 2 0 1 1481 724 1203 1697
4943 4 2 0 1 1672 1678 1697 724
4944 4 2 0 1 650 970 1698 534
4945 4 2 0 1 1193 1851 707 666
4946 4 2 0 1 401 1898 1851 666
4947 4 2 0 1 428 390 1065 961
4948 4 2 0 1 686 1531 615 827
4949 4 2 0 1 793 631 1816 452
4950 4 2 0 1 1463 793 1816 452
4951 4 2 0 1 1523 1190 1162 1619
4952 4 2 0 1 1681 860 1474 1436
4953 4 2 0 1 860 1436 880 1474
4954 4 2 0 1 21 32 19 31
4955 4 2 0 1 673 1623 1840 494
4956 4 2 0 1 1059 427 992 1146
4957 4 2 0 1 978 1557 31 1145
4958 4 2 0 1 17 5 1057 647
4959 4 2 0 1 978 642 591 31
4960 4 2 0 1 978 13 642 28
4961 4 2 0 1 1660 1703 1036 302
4962 4 2 0 1 1022 173 176 1633
4963 4 2 0 1 1022 176 195 1633
4964 4 2 0 1 159 768 183 161
4965 4 2 0 1 1875 1475 687 1902
4966 4 2 0 1 7 15 34 8
4967 4 2 0 1 7 34 19 30
4968 4 2 0 1 1694 122 118 124
4969 4 2 0 1 1075 1565 1005 706
4970 4 2 0 1 446 195 1035 191
4971 4 2 0 1 1737 1706 277 585
4972 4 2 0 1 46 661 1707 343
4973 4 2 0 1 1215 1776 980 1707
4974 4 2 0 1 1195 1755 1776 1865
4975 4 2 0 1 1708 959 383 1509
4976 4 2 0 1 959 1476 1708 383
4977 4 2 0 1 1166 977 1708 1751
4978 4 2 0 1 1739 351 888 1721
4979 4 2 0 1 821 947 1714 478
4980 4 2 0 1 1795 1473 331 327
4981 4 2 0 1 1733 1473 327 331
4982 4 2 0 1 1476 1127 612 1190
4983 4 2 0 1 1751 1476 1190 1127
4984 4 2 0 1 350 865 778 1709
4985 4 2 0 1 350 865 1709 668
4986 4 2 0 1 1729 264 1435 1151
4987 4 2 0 1 1167 838 1056 654
4988 4 2 0 1 1167 1584 722 542
4989 4 2 0 1 912 436 1495 455
4990 4 2 0 1 455 912 1453 1495
4991 4 2 0 1 912 509 436 455
4992 4 2 0 1 562 741 455 509
4993 4 2 0 1 1710 1680 1910 1189
4994 4 2 0 1 1710 1910 1680 1092
4995 4 2 0 1 1710 1165 1189 1910
4996 4 2 0 1 312 1711 1445 504
4997 4 2 0 1 312 1711 504 1550
4998 4 2 0 1 312 1639 1711 323
4999 4 2 0 1 312 1711 1825 323
5000 4 2 0 1 1445 1639 1711 312
5001 4 2 0 1 1712 1485 641 709
5002 4 2 0 1 1135 1302 304 1175
5003 4 2 0 1 289 1046 582 1194
5004 4 2 0 1 1877 1907 756 1535
5005 4 2 0 1 756 1877 582 1827
5006 4 2 0 1 481 917 748 259
5007 4 2 0 1 888 481 1196 259
5008 4 2 0 1 254 1714 1273 477
5009 4 2 0 1 1887 1140 617 1563
5010 4 2 0 1 1140 1212 1486 667
5011 4 2 0 1 1716 150 347 148
5012 4 2 0 1 1670 213 943 148
5013 4 2 0 1 471 1289 924 991
5014 4 2 0 1 471 991 864 1289
5015 4 2 0 1 927 1291 1290 472
5016 4 2 0 1 472 867 1291 1290
5017 4 2 0 1 1339 1227 473 930
5018 4 2 0 1 1339 473 1227 870
5019 4 2 0 1 1228 872 1348 1229
5020 4 2 0 1 845 1360 1229 1348
5021 4 2 0 1 1349 1350 875 474
5022 4 2 0 1 1349 1350 474 935
5023 4 2 0 1 475 1231 938 1352
5024 4 2 0 1 475 1352 878 1231
5025 4 2 0 1 1227 1082 1229 571
5026 4 2 0 1 1227 1229 1082 521
5027 4 2 0 1 1233 1090 574 1231
5028 4 2 0 1 1233 1231 524 1090
5029 4 2 0 1 1290 1098 583 1289
5030 4 2 0 1 1290 1289 535 1098
5031 4 2 0 1 1110 1339 1291 594
5032 4 2 0 1 1110 544 1291 1339
5033 4 2 0 1 1349 550 1121 1348
5034 4 2 0 1 1349 602 1348 1121
5035 4 2 0 1 553 1350 1130 1352
5036 4 2 0 1 1130 1352 1350 605
5037 4 2 0 1 256 471 864 923
5038 4 2 0 1 864 471 1304 923
5039 4 2 0 1 471 864 773 256
5040 4 2 0 1 1844 471 863 1305
5041 4 2 0 1 926 1315 472 1308
5042 4 2 0 1 472 1315 867 1308
5043 4 2 0 1 1316 472 1309 866
5044 4 2 0 1 1316 927 1309 472
5045 4 2 0 1 870 473 1226 1357
5046 4 2 0 1 473 1234 869 1358
5047 4 2 0 1 930 1234 473 1358
5048 4 2 0 1 845 1359 1348 1228
5049 4 2 0 1 1229 1360 1235 932
5050 4 2 0 1 1361 474 1363 934
5051 4 2 0 1 1361 875 1363 474
5052 4 2 0 1 1362 474 874 1364
5053 4 2 0 1 1362 935 474 1364
5054 4 2 0 1 937 475 1365 1230
5055 4 2 0 1 475 878 1365 1230
5056 4 2 0 1 877 1236 1366 475
5057 4 2 0 1 475 1236 1366 938
5058 4 2 0 1 1637 476 940 1156
5059 4 2 0 1 940 1156 476 1232
5060 4 2 0 1 1156 881 476 1232
5061 4 2 0 1 880 1637 1237 476
5062 4 2 0 1 476 1637 1237 941
5063 4 2 0 1 1497 476 941 1637
5064 4 2 0 1 1226 1079 570 1228
5065 4 2 0 1 1226 1079 1228 521
5066 4 2 0 1 1234 1235 1081 571
5067 4 2 0 1 1087 1230 1232 573
5068 4 2 0 1 1087 1230 524 1232
5069 4 2 0 1 523 1236 1237 1767
5070 4 2 0 1 1237 1236 574 1089
5071 4 2 0 1 1308 1097 535 1304
5072 4 2 0 1 1319 924 1305 583
5073 4 2 0 1 1357 1315 593 1107
5074 4 2 0 1 544 1315 1357 1107
5075 4 2 0 1 1358 543 1316 1109
5076 4 2 0 1 601 1361 1359 1886
5077 4 2 0 1 549 1362 1120 1360
5078 4 2 0 1 1362 602 1120 1360
5079 4 2 0 1 1363 1437 1365 1127
5080 4 2 0 1 1363 1365 553 1127
5081 4 2 0 1 1366 1364 1129 552
5082 4 2 0 1 605 1364 1129 1366
5083 4 2 0 1 481 888 1196 1310
5084 4 2 0 1 481 1570 1526 259
5085 4 2 0 1 481 1526 1570 354
5086 4 2 0 1 481 354 925 1526
5087 4 2 0 1 927 1317 484 1312
5088 4 2 0 1 484 1317 890 1312
5089 4 2 0 1 484 890 1318 1313
5090 4 2 0 1 484 928 1313 1318
5091 4 2 0 1 1371 485 1238 930
5092 4 2 0 1 1371 893 1238 485
5093 4 2 0 1 485 931 1373 1239
5094 4 2 0 1 893 1373 1239 485
5095 4 2 0 1 1240 1382 932 487
5096 4 2 0 1 1240 1382 487 896
5097 4 2 0 1 1241 896 487 1385
5098 4 2 0 1 1241 487 933 1385
5099 4 2 0 1 489 1395 1387 935
5100 4 2 0 1 899 1395 1387 489
5101 4 2 0 1 1397 489 1389 936
5102 4 2 0 1 1397 899 1389 489
5103 4 2 0 1 1399 491 1242 938
5104 4 2 0 1 1399 902 1242 491
5105 4 2 0 1 939 1401 491 1243
5106 4 2 0 1 902 1401 1243 491
5107 4 2 0 1 567 904 493 1071
5108 4 2 0 1 1071 1244 904 493
5109 4 2 0 1 904 942 493 1246
5110 4 2 0 1 567 904 942 493
5111 4 2 0 1 1238 1240 1082 571
5112 4 2 0 1 1238 527 1082 1240
5113 4 2 0 1 1241 572 1239 1084
5114 4 2 0 1 527 1239 1084 1241
5115 4 2 0 1 1242 574 1244 1090
5116 4 2 0 1 1242 1244 530 1090
5117 4 2 0 1 575 1243 1246 1093
5118 4 2 0 1 530 1243 1093 1246
5119 4 2 0 1 583 1098 1312 1310
5120 4 2 0 1 1312 1098 541 1310
5121 4 2 0 1 1313 1311 541 1100
5122 4 2 0 1 1313 1100 584 1311
5123 4 2 0 1 1110 1317 1371 594
5124 4 2 0 1 1110 1317 547 1371
5125 4 2 0 1 1373 547 1113 1318
5126 4 2 0 1 1373 1692 1318 1113
5127 4 2 0 1 1387 602 1121 1382
5128 4 2 0 1 561 1387 1121 1382
5129 4 2 0 1 1124 603 1389 1385
5130 4 2 0 1 1124 561 1385 1389
5131 4 2 0 1 1130 1395 1399 605
5132 4 2 0 1 1130 1395 564 1399
5133 4 2 0 1 1133 564 1397 1401
5134 4 2 0 1 1133 606 1401 1397
5135 4 2 0 1 1207 1303 863 471
5136 4 2 0 1 1207 471 923 1303
5137 4 2 0 1 1025 471 923 1207
5138 4 2 0 1 866 472 1307 1314
5139 4 2 0 1 1314 926 472 1307
5140 4 2 0 1 473 1247 1367 869
5141 4 2 0 1 1374 474 1375 874
5142 4 2 0 1 1374 474 934 1375
5143 4 2 0 1 1376 1249 877 475
5144 4 2 0 1 1376 475 937 1249
5145 4 2 0 1 940 880 1250 476
5146 4 2 0 1 940 880 476 1637
5147 4 2 0 1 736 1156 1637 940
5148 4 2 0 1 479 864 1719 1327
5149 4 2 0 1 948 479 1719 1327
5150 4 2 0 1 670 479 1719 1720
5151 4 2 0 1 1720 479 948 1328
5152 4 2 0 1 1719 479 948 1720
5153 4 2 0 1 483 867 1331 1335
5154 4 2 0 1 951 483 1331 1335
5155 4 2 0 1 1336 483 1332 951
5156 4 2 0 1 868 1332 1336 483
5157 4 2 0 1 1252 870 1402 1368
5158 4 2 0 1 1252 1253 954 1368
5159 4 2 0 1 486 1377 872 1256
5160 4 2 0 1 957 1377 486 1256
5161 4 2 0 1 1378 1766 486 873
5162 4 2 0 1 1378 957 486 1766
5163 4 2 0 1 875 1390 1379 488
5164 4 2 0 1 488 1390 1379 960
5165 4 2 0 1 488 960 1380 1391
5166 4 2 0 1 876 1391 488 1380
5167 4 2 0 1 1263 490 1392 878
5168 4 2 0 1 1263 963 1392 490
5169 4 2 0 1 1264 1393 963 490
5170 4 2 0 1 1623 1268 1840 492
5171 4 2 0 1 1256 521 1252 1082
5172 4 2 0 1 624 63 522 1253
5173 4 2 0 1 1086 523 1249 1250
5174 4 2 0 1 573 1249 1250 1086
5175 4 2 0 1 1267 1263 1090 524
5176 4 2 0 1 580 1263 1090 1267
5177 4 2 0 1 1091 1264 580 1268
5178 4 2 0 1 534 1307 1303 1096
5179 4 2 0 1 1096 993 1307 1303
5180 4 2 0 1 1331 1327 1098 535
5181 4 2 0 1 588 1327 1098 1331
5182 4 2 0 1 1328 1332 588 1099
5183 4 2 0 1 1367 543 1106 1314
5184 4 2 0 1 1367 593 1314 1500
5185 4 2 0 1 1110 1368 1335 544
5186 4 2 0 1 1110 599 1335 1368
5187 4 2 0 1 1336 1111 1369 599
5188 4 2 0 1 1002 1111 1369 1336
5189 4 2 0 1 601 1374 1117 549
5190 4 2 0 1 601 1374 1791 1117
5191 4 2 0 1 1377 550 1121 1379
5192 4 2 0 1 1377 1379 1121 610
5193 4 2 0 1 1378 1380 610 1122
5194 4 2 0 1 1378 1122 551 1380
5195 4 2 0 1 1126 552 1375 1376
5196 4 2 0 1 1126 1376 1375 604
5197 4 2 0 1 553 1392 1130 1390
5198 4 2 0 1 1392 613 1130 1390
5199 4 2 0 1 1393 1131 613 1391
5200 4 2 0 1 479 674 864 1325
5201 4 2 0 1 698 1326 947 479
5202 4 2 0 1 1326 536 1720 865
5203 4 2 0 1 748 481 924 1319
5204 4 2 0 1 1901 353 1695 1320
5205 4 2 0 1 483 1333 1329 867
5206 4 2 0 1 1334 1330 868 483
5207 4 2 0 1 1337 1770 1199 484
5208 4 2 0 1 1337 927 484 1321
5209 4 2 0 1 1770 928 362 1199
5210 4 2 0 1 1251 1402 1253 1252
5211 4 2 0 1 1251 1402 953 1253
5212 4 2 0 1 1370 892 485 1257
5213 4 2 0 1 930 485 1257 1370
5214 4 2 0 1 892 1372 485 1258
5215 4 2 0 1 485 1372 931 1258
5216 4 2 0 1 486 872 1409 1254
5217 4 2 0 1 486 1254 1409 956
5218 4 2 0 1 486 1255 956 1410
5219 4 2 0 1 873 1255 486 1410
5220 4 2 0 1 1259 1381 895 487
5221 4 2 0 1 1259 932 1381 487
5222 4 2 0 1 1260 895 1383 487
5223 4 2 0 1 1260 487 1383 933
5224 4 2 0 1 1413 875 1411 488
5225 4 2 0 1 959 488 1413 1411
5226 4 2 0 1 1414 488 959 1412
5227 4 2 0 1 1414 876 488 1412
5228 4 2 0 1 489 1394 1386 898
5229 4 2 0 1 489 935 1386 1394
5230 4 2 0 1 489 898 1388 1396
5231 4 2 0 1 936 489 1388 1396
5232 4 2 0 1 1261 490 878 1415
5233 4 2 0 1 962 1415 490 1261
5234 4 2 0 1 1416 962 490 1262
5235 4 2 0 1 1416 490 879 1262
5236 4 2 0 1 938 491 1269 1398
5237 4 2 0 1 1400 939 491 1270
5238 4 2 0 1 492 1265 881 1574
5239 4 2 0 1 965 1265 492 1574
5240 4 2 0 1 693 1266 492 965
5241 4 2 0 1 693 1268 734 1623
5242 4 2 0 1 634 903 1732 402
5243 4 2 0 1 1271 1519 903 1272
5244 4 2 0 1 942 1519 493 1272
5245 4 2 0 1 1254 521 1079 1251
5246 4 2 0 1 1255 576 1080 63
5247 4 2 0 1 1257 1081 526 1259
5248 4 2 0 1 1257 571 1081 1259
5249 4 2 0 1 526 1258 1260 1083
5250 4 2 0 1 1260 1258 572 1083
5251 4 2 0 1 1265 1261 524 1087
5252 4 2 0 1 579 1261 1265 1087
5253 4 2 0 1 574 1269 1271 1089
5254 4 2 0 1 1270 1092 1272 529
5255 4 2 0 1 1329 1097 1325 535
5256 4 2 0 1 587 1325 1329 1097
5257 4 2 0 1 775 1320 584 1901
5258 4 2 0 1 544 1107 1402 1333
5259 4 2 0 1 597 1107 1333 1402
5260 4 2 0 1 1334 597 1403 1108
5261 4 2 0 1 1334 1403 608 1108
5262 4 2 0 1 1370 1658 1596 546
5263 4 2 0 1 546 1770 1372 1112
5264 4 2 0 1 609 1411 1118 1409
5265 4 2 0 1 1410 609 1412 1119
5266 4 2 0 1 1410 1412 551 1119
5267 4 2 0 1 1386 1120 1381 560
5268 4 2 0 1 1386 602 1381 1120
5269 4 2 0 1 1388 560 1383 1123
5270 4 2 0 1 603 1388 1383 1123
5271 4 2 0 1 1413 553 1415 1127
5272 4 2 0 1 612 1415 1127 1413
5273 4 2 0 1 1414 612 1416 1128
5274 4 2 0 1 1414 1416 554 1128
5275 4 2 0 1 1749 1394 1129 1398
5276 4 2 0 1 605 1129 1394 1398
5277 4 2 0 1 1132 1396 563 1400
5278 4 2 0 1 1132 1396 1400 606
5279 4 2 0 1 1721 497 1340 888
5280 4 2 0 1 1341 1340 1721 497
5281 4 2 0 1 888 497 1342 1570
5282 4 2 0 1 497 1160 1342 1570
5283 4 2 0 1 675 497 1570 1160
5284 4 2 0 1 675 497 949 1343
5285 4 2 0 1 1344 498 1353 890
5286 4 2 0 1 951 498 1353 1344
5287 4 2 0 1 1354 498 951 1345
5288 4 2 0 1 1354 891 498 1345
5289 4 2 0 1 1346 498 890 1355
5290 4 2 0 1 1346 952 498 1355
5291 4 2 0 1 1347 1356 498 952
5292 4 2 0 1 891 1356 498 1347
5293 4 2 0 1 1404 499 1274 893
5294 4 2 0 1 1404 954 1274 499
5295 4 2 0 1 954 1405 1275 499
5296 4 2 0 1 499 1405 1275 894
5297 4 2 0 1 893 499 1276 1406
5298 4 2 0 1 499 955 1276 1406
5299 4 2 0 1 499 894 1277 1407
5300 4 2 0 1 499 1407 1277 955
5301 4 2 0 1 1278 1279 1417 896
5302 4 2 0 1 957 1562 1417 1278
5303 4 2 0 1 1279 1562 1417 1418
5304 4 2 0 1 1279 958 1280 1418
5305 4 2 0 1 1280 1419 1562 1418
5306 4 2 0 1 899 1424 500 1420
5307 4 2 0 1 1420 960 1424 500
5308 4 2 0 1 1421 1425 960 500
5309 4 2 0 1 1421 1425 500 900
5310 4 2 0 1 1426 899 500 1422
5311 4 2 0 1 1426 500 961 1422
5312 4 2 0 1 1423 900 500 1427
5313 4 2 0 1 961 500 1427 1423
5314 4 2 0 1 1428 1281 902 501
5315 4 2 0 1 1428 501 963 1281
5316 4 2 0 1 963 501 1429 1282
5317 4 2 0 1 501 1284 1429 1282
5318 4 2 0 1 902 1283 1430 501
5319 4 2 0 1 501 1283 1430 964
5320 4 2 0 1 501 1284 964 1431
5321 4 2 0 1 1285 904 502 1155
5322 4 2 0 1 641 904 1155 502
5323 4 2 0 1 1840 1155 1285 502
5324 4 2 0 1 1840 502 1286 905
5325 4 2 0 1 641 1287 904 502
5326 4 2 0 1 1201 1287 641 502
5327 4 2 0 1 1201 1287 502 966
5328 4 2 0 1 905 966 444 502
5329 4 2 0 1 905 502 1288 966
5330 4 2 0 1 1274 1278 1082 527
5331 4 2 0 1 527 1276 1279 1084
5332 4 2 0 1 1279 1276 578 1084
5333 4 2 0 1 1280 528 1085 1277
5334 4 2 0 1 1280 1277 1787 578
5335 4 2 0 1 1281 530 1285 1090
5336 4 2 0 1 580 1090 1281 1285
5337 4 2 0 1 1091 1282 1286 580
5338 4 2 0 1 1091 1282 1700 1286
5339 4 2 0 1 530 1283 1287 1093
5340 4 2 0 1 1288 1284 1700 1094
5341 4 2 0 1 1288 1094 581 1284
5342 4 2 0 1 1340 1344 1098 541
5343 4 2 0 1 588 1344 1098 1340
5344 4 2 0 1 1341 588 1345 1099
5345 4 2 0 1 541 1100 1342 1346
5346 4 2 0 1 1346 663 1342 589
5347 4 2 0 1 1347 1343 1101 589
5348 4 2 0 1 542 1101 1347 1343
5349 4 2 0 1 1110 1353 1404 547
5350 4 2 0 1 1110 1404 1353 599
5351 4 2 0 1 1354 1405 1111 599
5352 4 2 0 1 1354 548 1111 1405
5353 4 2 0 1 1113 1406 1355 547
5354 4 2 0 1 1113 600 1355 1406
5355 4 2 0 1 600 1356 1407 1114
5356 4 2 0 1 548 1407 1356 1114
5357 4 2 0 1 561 1121 1420 1417
5358 4 2 0 1 1417 610 1121 1420
5359 4 2 0 1 1562 1421 1122 610
5360 4 2 0 1 1124 561 1422 1418
5361 4 2 0 1 562 1125 1423 1419
5362 4 2 0 1 1761 1419 611 1125
5363 4 2 0 1 1130 1428 564 1424
5364 4 2 0 1 1130 1424 613 1428
5365 4 2 0 1 1429 1131 1425 613
5366 4 2 0 1 565 1131 1425 1429
5367 4 2 0 1 1133 1430 1426 564
5368 4 2 0 1 1133 614 1426 1430
5369 4 2 0 1 1427 565 1431 1134
5370 4 2 0 1 614 1134 1427 1431
5371 4 2 0 1 1830 1138 970 1818
5372 4 2 0 1 859 1035 1154 1433
5373 4 2 0 1 838 1584 1056 699
5374 4 2 0 1 1725 745 650 1880
5375 4 2 0 1 1725 1514 1880 834
5376 4 2 0 1 1725 1514 745 1880
5377 4 2 0 1 454 1123 1833 1324
5378 4 2 0 1 1483 1665 1727 268
5379 4 2 0 1 1483 1016 268 1727
5380 4 2 0 1 1470 1727 268 1016
5381 4 2 0 1 1470 268 1727 1665
5382 4 2 0 1 1012 1728 1524 336
5383 4 2 0 1 703 1472 1524 1728
5384 4 2 0 1 636 1053 431 833
5385 4 2 0 1 638 1506 1455 763
5386 4 2 0 1 1530 1628 1657 1153
5387 4 2 0 1 1530 1628 1802 1657
5388 4 2 0 1 1506 763 267 1448
5389 4 2 0 1 1455 926 516 993
5390 4 2 0 1 1456 1445 450 504
5391 4 2 0 1 1599 1763 504 1465
5392 4 2 0 1 733 505 1803 1181
5393 4 2 0 1 1151 505 925 1729
5394 4 2 0 1 925 505 1484 1729
5395 4 2 0 1 1100 1730 584 505
5396 4 2 0 1 794 1730 1100 505
5397 4 2 0 1 505 1055 1730 584
5398 4 2 0 1 460 1698 1503 650
5399 4 2 0 1 1669 969 1698 650
5400 4 2 0 1 1669 1698 460 650
5401 4 2 0 1 785 696 1909 625
5402 4 2 0 1 367 1072 1643 3
5403 4 2 0 1 1025 1448 251 1207
5404 4 2 0 1 125 124 1745 1031
5405 4 2 0 1 1802 353 1484 1435
5406 4 2 0 1 1802 353 1901 1484
5407 4 2 0 1 1484 1782 857 1802
5408 4 2 0 1 1782 1435 1729 264
5409 4 2 0 1 1181 505 794 646
5410 4 2 0 1 1181 505 1803 1730
5411 4 2 0 1 1181 1730 794 505
5412 4 2 0 1 906 1732 989 1436
5413 4 2 0 1 1626 1650 971 223
5414 4 2 0 1 1626 1633 223 971
5415 4 2 0 1 1734 523 726 1489
5416 4 2 0 1 880 523 1767 1734
5417 4 2 0 1 1734 1767 726 523
5418 4 2 0 1 1768 1489 523 1734
5419 4 2 0 1 1768 523 880 1734
5420 4 2 0 1 1060 1134 428 614
5421 4 2 0 1 730 1134 428 1060
5422 4 2 0 1 162 213 1670 165
5423 4 2 0 1 1505 1062 966 581
5424 4 2 0 1 966 1288 1505 581
5425 4 2 0 1 508 1736 936 606
5426 4 2 0 1 508 936 1736 784
5427 4 2 0 1 508 1736 606 568
5428 4 2 0 1 1298 1736 1590 1811
5429 4 2 0 1 1811 708 1736 1590
5430 4 2 0 1 399 318 656 1524
5431 4 2 0 1 791 1179 1683 1479
5432 4 2 0 1 759 343 1102 661
5433 4 2 0 1 1707 1215 1776 1865
5434 4 2 0 1 759 661 852 46
5435 4 2 0 1 759 1848 852 661
5436 4 2 0 1 1045 1040 1068 1039
5437 4 2 0 1 1045 1037 1068 1040
5438 4 2 0 1 125 1745 1443 1618
5439 4 2 0 1 100 107 114 1826
5440 4 2 0 1 449 1738 603 1067
5441 4 2 0 1 449 807 1738 1067
5442 4 2 0 1 1492 658 1114 373
5443 4 2 0 1 157 148 139 908
5444 4 2 0 1 1827 371 1112 818
5445 4 2 0 1 1112 371 1827 1735
5446 4 2 0 1 567 556 1071 634
5447 4 2 0 1 1538 1718 728 566
5448 4 2 0 1 1538 566 1791 691
5449 4 2 0 1 692 364 1847 1908
5450 4 2 0 1 1847 364 1525 1908
5451 4 2 0 1 250 1739 259 539
5452 4 2 0 1 773 991 1468 1739
5453 4 2 0 1 773 1739 259 250
5454 4 2 0 1 1539 1660 1432 782
5455 4 2 0 1 1821 143 617 1563
5456 4 2 0 1 905 1288 1750 1047
5457 4 2 0 1 1639 1047 999 704
5458 4 2 0 1 1677 1514 1558 1207
5459 4 2 0 1 1838 901 1432 1679
5460 4 2 0 1 784 807 1738 449
5461 4 2 0 1 1191 1616 1637 1474
5462 4 2 0 1 945 946 1675 913
5463 4 2 0 1 1512 1868 1786 660
5464 4 2 0 1 1528 999 1047 315
5465 4 2 0 1 1651 1469 1752 1465
5466 4 2 0 1 154 1670 151 141
5467 4 2 0 1 148 213 943 139
5468 4 2 0 1 1670 1716 347 148
5469 4 2 0 1 107 100 73 1826
5470 4 2 0 1 100 344 90 73
5471 4 2 0 1 1740 1619 1162 310
5472 4 2 0 1 265 453 1151 243
5473 4 2 0 1 1828 738 754 1741
5474 4 2 0 1 596 448 1150 1081
5475 4 2 0 1 1716 1449 134 131
5476 4 2 0 1 1495 565 1131 387
5477 4 2 0 1 482 426 447 1457
5478 4 2 0 1 1481 1911 1203 1621
5479 4 2 0 1 1085 1912 528 637
5480 4 2 0 1 1676 1912 1085 637
5481 4 2 0 1 1114 1772 1693 452
5482 4 2 0 1 548 452 1772 1114
5483 4 2 0 1 1515 55 1541 981
5484 4 2 0 1 967 1104 981 1527
5485 4 2 0 1 1073 842 463 462
5486 4 2 0 1 381 946 1761 913
5487 4 2 0 1 381 946 1125 1761
5488 4 2 0 1 940 656 662 573
5489 4 2 0 1 736 399 318 940
5490 4 2 0 1 1545 940 662 695
5491 4 2 0 1 1136 1063 1160 1004
5492 4 2 0 1 1570 1721 888 497
5493 4 2 0 1 8 1743 15 34
5494 4 2 0 1 1675 1085 381 1562
5495 4 2 0 1 1452 996 482 1849
5496 4 2 0 1 1552 1580 1111 1002
5497 4 2 0 1 702 1295 1524 776
5498 4 2 0 1 1527 981 344 1104
5499 4 2 0 1 1024 513 734 1141
5500 4 2 0 1 1445 450 1064 1456
5501 4 2 0 1 512 525 879 1015
5502 4 2 0 1 513 1024 525 1015
5503 4 2 0 1 669 512 1186 815
5504 4 2 0 1 1610 716 1015 1892
5505 4 2 0 1 1475 1173 570 929
5506 4 2 0 1 1476 612 959 1171
5507 4 2 0 1 1015 512 669 1850
5508 4 2 0 1 1610 1015 669 1850
5509 4 2 0 1 1639 1047 704 1094
5510 4 2 0 1 1103 999 1639 1047
5511 4 2 0 1 124 125 1745 1443
5512 4 2 0 1 125 1745 1618 1031
5513 4 2 0 1 1688 623 845 374
5514 4 2 0 1 1688 374 845 1117
5515 4 2 0 1 318 1747 1524 1012
5516 4 2 0 1 560 1748 895 1513
5517 4 2 0 1 844 1520 1123 1513
5518 4 2 0 1 720 279 1857 1059
5519 4 2 0 1 720 358 1459 1059
5520 4 2 0 1 720 358 1108 1459
5521 4 2 0 1 1489 1010 1175 391
5522 4 2 0 1 1175 1654 391 1010
5523 4 2 0 1 515 676 1075 1493
5524 4 2 0 1 1493 515 1749 1075
5525 4 2 0 1 1757 1565 1749 1075
5526 4 2 0 1 278 1322 1686 1818
5527 4 2 0 1 291 1144 1194 1797
5528 4 2 0 1 1614 1902 1323 430
5529 4 2 0 1 1751 1127 1363 383
5530 4 2 0 1 566 977 1437 934
5531 4 2 0 1 1751 1476 1127 383
5532 4 2 0 1 1044 1748 1076 671
5533 4 2 0 1 1826 89 1188 70
5534 4 2 0 1 81 1188 89 70
5535 4 2 0 1 1602 513 512 1186
5536 4 2 0 1 1141 513 734 1186
5537 4 2 0 1 375 1785 806 1197
5538 4 2 0 1 995 1118 1785 1509
5539 4 2 0 1 846 1033 99 105
5540 4 2 0 1 515 1655 1075 676
5541 4 2 0 1 1655 515 1757 901
5542 4 2 0 1 1565 1208 1075 1757
5543 4 2 0 1 1540 1151 265 646
5544 4 2 0 1 1173 1079 366 1673
5545 4 2 0 1 575 848 1778 942
5546 4 2 0 1 1778 319 861 1521
5547 4 2 0 1 1753 1665 268 239
5548 4 2 0 1 511 1185 1012 1524
5549 4 2 0 1 676 1839 515 639
5550 4 2 0 1 1839 515 639 787
5551 4 2 0 1 560 1756 1120 1748
5552 4 2 0 1 1076 1748 1120 1756
5553 4 2 0 1 1520 671 1756 560
5554 4 2 0 1 1520 1219 1756 671
5555 4 2 0 1 1757 1655 1075 515
5556 4 2 0 1 1003 736 1524 1185
5557 4 2 0 1 516 1455 357 926
5558 4 2 0 1 1455 357 1577 516
5559 4 2 0 1 1292 1781 665 1450
5560 4 2 0 1 1292 779 1781 796
5561 4 2 0 1 1292 1450 665 827
5562 4 2 0 1 1223 1478 757 1020
5563 4 2 0 1 790 1020 1478 1223
5564 4 2 0 1 435 1523 566 1635
5565 4 2 0 1 1523 1437 566 1635
5566 4 2 0 1 144 161 1862 507
5567 4 2 0 1 723 1137 796 1758
5568 4 2 0 1 723 1758 796 1447
5569 4 2 0 1 897 1863 1718 435
5570 4 2 0 1 1863 566 604 1126
5571 4 2 0 1 1507 374 871 1641
5572 4 2 0 1 695 1619 310 1759
5573 4 2 0 1 1667 1619 1759 310
5574 4 2 0 1 1545 695 310 1759
5575 4 2 0 1 1879 1667 1759 310
5576 4 2 0 1 1573 310 1759 1545
5577 4 2 0 1 1499 585 755 1535
5578 4 2 0 1 1809 38 40 37
5579 4 2 0 1 1809 1170 1777 38
5580 4 2 0 1 1092 782 1036 1680
5581 4 2 0 1 1092 1036 727 1680
5582 4 2 0 1 204 189 1136 224
5583 4 2 0 1 1432 529 1208 305
5584 4 2 0 1 1838 1208 305 1432
5585 4 2 0 1 1432 529 901 1208
5586 4 2 0 1 1838 901 1208 1432
5587 4 2 0 1 803 1904 1875 1475
5588 4 2 0 1 1761 1066 1065 754
5589 4 2 0 1 754 611 1762 918
5590 4 2 0 1 754 1762 611 958
5591 4 2 0 1 754 738 1762 958
5592 4 2 0 1 1843 918 1762 1534
5593 4 2 0 1 754 1829 1762 738
5594 4 2 0 1 1296 1762 1843 1829
5595 4 2 0 1 717 1444 1556 635
5596 4 2 0 1 992 862 1556 1857
5597 4 2 0 1 698 1714 674 947
5598 4 2 0 1 230 698 689 1074
5599 4 2 0 1 1440 1117 549 1507
5600 4 2 0 1 1469 1062 1093 1752
5601 4 2 0 1 1778 314 1763 1032
5602 4 2 0 1 1032 861 1763 1778
5603 4 2 0 1 1763 314 1599 1032
5604 4 2 0 1 1445 1533 1639 309
5605 4 2 0 1 1849 1533 1445 309
5606 4 2 0 1 1445 1634 1849 309
5607 4 2 0 1 1200 1856 430 1641
5608 4 2 0 1 923 1506 256 1025
5609 4 2 0 1 293 1761 913 1741
5610 4 2 0 1 1761 946 1609 913
5611 4 2 0 1 655 660 1765 1512
5612 4 2 0 1 1058 681 802 1149
5613 4 2 0 1 923 349 256 1506
5614 4 2 0 1 590 1694 1031 130
5615 4 2 0 1 1436 989 700 726
5616 4 2 0 1 906 989 700 1436
5617 4 2 0 1 965 1517 555 770
5618 4 2 0 1 801 1845 466 774
5619 4 2 0 1 856 1845 801 774
5620 4 2 0 1 1588 980 1188 1104
5621 4 2 0 1 1588 1188 1515 1104
5622 4 2 0 1 916 1235 520 871
5623 4 2 0 1 520 1234 1235 1081
5624 4 2 0 1 1252 1227 521 870
5625 4 2 0 1 1252 1227 1082 521
5626 4 2 0 1 521 872 1229 1256
5627 4 2 0 1 1082 1229 1256 521
5628 4 2 0 1 877 726 1236 523
5629 4 2 0 1 523 726 1236 1767
5630 4 2 0 1 880 1767 523 1237
5631 4 2 0 1 1236 1089 1237 1767
5632 4 2 0 1 726 1767 1089 1236
5633 4 2 0 1 1231 1263 878 524
5634 4 2 0 1 1231 1263 524 1090
5635 4 2 0 1 1233 1090 524 1267
5636 4 2 0 1 879 1264 1015 525
5637 4 2 0 1 1227 1234 473 930
5638 4 2 0 1 1227 571 1234 930
5639 4 2 0 1 845 1360 1235 1229
5640 4 2 0 1 571 1235 932 1229
5641 4 2 0 1 475 1236 938 1231
5642 4 2 0 1 1236 574 938 1231
5643 4 2 0 1 476 941 1237 1233
5644 4 2 0 1 1237 574 1233 941
5645 4 2 0 1 577 1253 954 1252
5646 4 2 0 1 1264 963 1263 490
5647 4 2 0 1 580 963 1263 1264
5648 4 2 0 1 1840 1268 1267 492
5649 4 2 0 1 1286 580 1267 1268
5650 4 2 0 1 437 520 1247 1902
5651 4 2 0 1 1641 871 520 1248
5652 4 2 0 1 1079 1254 1228 521
5653 4 2 0 1 521 1254 1228 872
5654 4 2 0 1 522 1080 1172 619
5655 4 2 0 1 522 1253 1080 619
5656 4 2 0 1 1489 523 1174 1086
5657 4 2 0 1 1174 523 877 1249
5658 4 2 0 1 1086 1249 523 1174
5659 4 2 0 1 1768 523 1086 1250
5660 4 2 0 1 1768 1086 523 1489
5661 4 2 0 1 1768 880 523 1250
5662 4 2 0 1 1230 878 1261 524
5663 4 2 0 1 1087 1261 524 1230
5664 4 2 0 1 1265 1087 524 1232
5665 4 2 0 1 512 525 1088 1262
5666 4 2 0 1 513 525 1266 1088
5667 4 2 0 1 513 734 1266 1024
5668 4 2 0 1 1226 570 929 1247
5669 4 2 0 1 845 1228 1248 570
5670 4 2 0 1 937 475 1230 1249
5671 4 2 0 1 573 1230 1249 937
5672 4 2 0 1 1232 573 1250 940
5673 4 2 0 1 1232 1250 476 940
5674 4 2 0 1 1255 576 1254 956
5675 4 2 0 1 486 1255 1254 956
5676 4 2 0 1 1040 526 892 368
5677 4 2 0 1 1040 526 368 1081
5678 4 2 0 1 892 1068 1258 526
5679 4 2 0 1 526 1068 1258 1083
5680 4 2 0 1 1150 526 1081 1259
5681 4 2 0 1 1150 895 526 1259
5682 4 2 0 1 973 1260 1083 526
5683 4 2 0 1 973 1260 526 895
5684 4 2 0 1 1274 893 527 1238
5685 4 2 0 1 1274 527 1082 1238
5686 4 2 0 1 893 1276 527 1239
5687 4 2 0 1 527 1276 1084 1239
5688 4 2 0 1 1082 527 1278 1240
5689 4 2 0 1 527 896 1278 1240
5690 4 2 0 1 527 1279 896 1241
5691 4 2 0 1 527 1084 1279 1241
5692 4 2 0 1 1275 1603 1912 894
5693 4 2 0 1 1277 1275 528 1912
5694 4 2 0 1 1277 528 1085 1912
5695 4 2 0 1 1562 528 829 741
5696 4 2 0 1 1675 1085 528 637
5697 4 2 0 1 1280 528 1562 1085
5698 4 2 0 1 1270 529 901 1432
5699 4 2 0 1 1092 529 1270 1432
5700 4 2 0 1 1089 1271 529 1269
5701 4 2 0 1 529 1271 989 903
5702 4 2 0 1 1281 902 530 1242
5703 4 2 0 1 1281 1242 530 1090
5704 4 2 0 1 902 1283 530 1243
5705 4 2 0 1 530 1283 1093 1243
5706 4 2 0 1 1090 1244 530 1285
5707 4 2 0 1 530 1244 904 1285
5708 4 2 0 1 530 1246 1287 904
5709 4 2 0 1 530 1093 1287 1246
5710 4 2 0 1 1284 1094 715 1700
5711 4 2 0 1 1750 1091 1700 1286
5712 4 2 0 1 1804 1750 905 1286
5713 4 2 0 1 1804 1091 1750 1286
5714 4 2 0 1 1094 1700 1750 704
5715 4 2 0 1 1238 485 1257 930
5716 4 2 0 1 1238 1257 571 930
5717 4 2 0 1 485 931 1239 1258
5718 4 2 0 1 1258 931 1239 572
5719 4 2 0 1 571 1240 932 1259
5720 4 2 0 1 1259 1240 932 487
5721 4 2 0 1 1260 572 1241 933
5722 4 2 0 1 1260 487 933 1241
5723 4 2 0 1 1242 491 1269 938
5724 4 2 0 1 1242 938 1269 574
5725 4 2 0 1 939 1243 491 1270
5726 4 2 0 1 939 1243 1270 575
5727 4 2 0 1 1244 574 1271 941
5728 4 2 0 1 1246 942 493 1272
5729 4 2 0 1 575 942 1246 1272
5730 4 2 0 1 499 955 1277 1276
5731 4 2 0 1 1277 955 578 1276
5732 4 2 0 1 957 1562 1278 577
5733 4 2 0 1 1280 578 958 1279
5734 4 2 0 1 1280 1418 1562 1279
5735 4 2 0 1 1840 1285 1267 1286
5736 4 2 0 1 1840 1285 1286 502
5737 4 2 0 1 1288 1287 966 502
5738 4 2 0 1 1288 581 966 1287
5739 4 2 0 1 1698 1309 534 866
5740 4 2 0 1 1289 1327 864 535
5741 4 2 0 1 1289 1327 535 1098
5742 4 2 0 1 1290 1098 535 1331
5743 4 2 0 1 1290 867 1331 535
5744 4 2 0 1 536 1332 1805 868
5745 4 2 0 1 1030 866 543 1316
5746 4 2 0 1 1030 543 1109 1316
5747 4 2 0 1 544 867 1335 1291
5748 4 2 0 1 1110 544 1335 1291
5749 4 2 0 1 1002 1111 1336 1580
5750 4 2 0 1 471 1305 924 1289
5751 4 2 0 1 1305 583 924 1289
5752 4 2 0 1 927 583 1309 1290
5753 4 2 0 1 927 1290 1309 472
5754 4 2 0 1 1316 472 1291 927
5755 4 2 0 1 594 1316 1291 927
5756 4 2 0 1 948 479 1327 1328
5757 4 2 0 1 948 1328 1327 588
5758 4 2 0 1 951 483 1332 1331
5759 4 2 0 1 951 588 1331 1332
5760 4 2 0 1 951 1336 483 1335
5761 4 2 0 1 951 599 1336 1335
5762 4 2 0 1 534 863 1572 1303
5763 4 2 0 1 745 1572 652 863
5764 4 2 0 1 534 1303 1572 1096
5765 4 2 0 1 534 1307 1096 970
5766 4 2 0 1 866 1307 534 970
5767 4 2 0 1 1304 864 1325 535
5768 4 2 0 1 1304 1097 535 1325
5769 4 2 0 1 1308 1329 535 1097
5770 4 2 0 1 1308 1329 867 535
5771 4 2 0 1 544 1333 867 1152
5772 4 2 0 1 544 1333 1152 1107
5773 4 2 0 1 1334 608 431 1108
5774 4 2 0 1 1334 1336 868 1002
5775 4 2 0 1 1303 471 923 1304
5776 4 2 0 1 1303 993 1304 1455
5777 4 2 0 1 1307 926 1308 993
5778 4 2 0 1 1307 926 472 1308
5779 4 2 0 1 1315 926 472 1314
5780 4 2 0 1 1315 1500 1314 593
5781 4 2 0 1 947 1325 1326 587
5782 4 2 0 1 950 587 1330 1329
5783 4 2 0 1 950 1333 1334 597
5784 4 2 0 1 780 887 1319 325
5785 4 2 0 1 1027 540 1320 887
5786 4 2 0 1 839 718 621 1852
5787 4 2 0 1 1199 362 718 775
5788 4 2 0 1 1310 888 1340 541
5789 4 2 0 1 1310 1098 541 1340
5790 4 2 0 1 1311 1342 888 541
5791 4 2 0 1 1311 1342 541 1100
5792 4 2 0 1 1312 1344 541 1098
5793 4 2 0 1 1312 1344 890 541
5794 4 2 0 1 1313 890 1346 541
5795 4 2 0 1 1313 1100 541 1346
5796 4 2 0 1 352 542 1341 889
5797 4 2 0 1 1167 542 1343 1101
5798 4 2 0 1 542 1101 1167 1584
5799 4 2 0 1 542 1345 891 828
5800 4 2 0 1 1596 718 1337 546
5801 4 2 0 1 1596 1370 1109 1658
5802 4 2 0 1 718 546 1783 1770
5803 4 2 0 1 546 818 1783 1770
5804 4 2 0 1 1317 1353 547 890
5805 4 2 0 1 1110 1353 547 1317
5806 4 2 0 1 1318 890 547 1355
5807 4 2 0 1 1318 547 1113 1355
5808 4 2 0 1 1463 1354 891 548
5809 4 2 0 1 1463 548 1111 1354
5810 4 2 0 1 1463 548 752 1111
5811 4 2 0 1 891 1356 452 548
5812 4 2 0 1 548 1356 452 1114
5813 4 2 0 1 924 481 1310 1319
5814 4 2 0 1 924 583 1319 1310
5815 4 2 0 1 927 1312 1321 583
5816 4 2 0 1 927 1312 484 1321
5817 4 2 0 1 484 584 1313 928
5818 4 2 0 1 484 928 1770 1199
5819 4 2 0 1 948 1341 1340 1721
5820 4 2 0 1 948 1340 1341 588
5821 4 2 0 1 497 949 1343 1342
5822 4 2 0 1 1343 949 589 1342
5823 4 2 0 1 951 1345 1344 588
5824 4 2 0 1 951 498 1344 1345
5825 4 2 0 1 951 1353 498 1354
5826 4 2 0 1 951 1354 599 1353
5827 4 2 0 1 1347 952 498 1346
5828 4 2 0 1 1347 1346 589 952
5829 4 2 0 1 1355 952 498 1356
5830 4 2 0 1 1355 952 1356 600
5831 4 2 0 1 1358 543 1109 1496
5832 4 2 0 1 1358 1496 869 543
5833 4 2 0 1 1368 544 1339 870
5834 4 2 0 1 1368 544 1110 1339
5835 4 2 0 1 871 1360 549 985
5836 4 2 0 1 985 549 1120 1360
5837 4 2 0 1 911 874 1362 549
5838 4 2 0 1 911 1362 1120 549
5839 4 2 0 1 1348 872 550 1377
5840 4 2 0 1 1348 550 1121 1377
5841 4 2 0 1 1349 1379 550 875
5842 4 2 0 1 1349 550 1379 1121
5843 4 2 0 1 1663 551 873 1378
5844 4 2 0 1 1122 1663 1378 551
5845 4 2 0 1 551 1380 1225 876
5846 4 2 0 1 551 876 1225 640
5847 4 2 0 1 767 1565 385 552
5848 4 2 0 1 385 767 552 874
5849 4 2 0 1 385 1565 1129 552
5850 4 2 0 1 877 1129 552 1366
5851 4 2 0 1 877 1129 1565 552
5852 4 2 0 1 627 1565 552 877
5853 4 2 0 1 875 1390 553 1350
5854 4 2 0 1 553 1390 1130 1350
5855 4 2 0 1 553 1130 1392 1352
5856 4 2 0 1 553 1352 1392 878
5857 4 2 0 1 876 1652 554 1391
5858 4 2 0 1 554 1393 1653 879
5859 4 2 0 1 1339 1358 594 930
5860 4 2 0 1 1339 930 473 1358
5861 4 2 0 1 1229 932 1348 1360
5862 4 2 0 1 1360 932 1348 602
5863 4 2 0 1 1362 1349 474 935
5864 4 2 0 1 1362 1349 935 602
5865 4 2 0 1 1364 474 1350 935
5866 4 2 0 1 605 1364 1350 935
5867 4 2 0 1 475 938 1366 1352
5868 4 2 0 1 1352 605 938 1366
5869 4 2 0 1 1368 1253 954 1369
5870 4 2 0 1 1368 954 599 1369
5871 4 2 0 1 957 486 1377 1378
5872 4 2 0 1 957 1378 1377 610
5873 4 2 0 1 488 1391 1390 960
5874 4 2 0 1 1391 613 1390 960
5875 4 2 0 1 1393 963 1392 613
5876 4 2 0 1 1393 1392 963 490
5877 4 2 0 1 1367 543 1183 1106
5878 4 2 0 1 1367 869 1183 543
5879 4 2 0 1 544 1107 1357 1402
5880 4 2 0 1 870 544 1357 1402
5881 4 2 0 1 608 1403 619 367
5882 4 2 0 1 608 1895 367 619
5883 4 2 0 1 1117 549 871 845
5884 4 2 0 1 1507 1117 549 871
5885 4 2 0 1 1440 1374 549 1117
5886 4 2 0 1 1440 1374 874 549
5887 4 2 0 1 1359 1409 550 872
5888 4 2 0 1 1361 875 550 1411
5889 4 2 0 1 855 1148 1771 551
5890 4 2 0 1 873 551 1771 1410
5891 4 2 0 1 873 1663 1771 551
5892 4 2 0 1 1771 1410 551 1119
5893 4 2 0 1 1771 1119 551 1148
5894 4 2 0 1 1119 1412 551 876
5895 4 2 0 1 1119 876 551 1148
5896 4 2 0 1 551 876 640 1148
5897 4 2 0 1 767 874 1014 552
5898 4 2 0 1 1126 874 552 1014
5899 4 2 0 1 1126 552 874 1375
5900 4 2 0 1 627 552 1014 877
5901 4 2 0 1 1014 552 1126 877
5902 4 2 0 1 1126 877 552 1376
5903 4 2 0 1 1413 875 553 1363
5904 4 2 0 1 1413 1363 553 1127
5905 4 2 0 1 1127 1365 553 1415
5906 4 2 0 1 553 1365 878 1415
5907 4 2 0 1 1128 1416 554 1142
5908 4 2 0 1 554 1416 879 1142
5909 4 2 0 1 1367 1357 593 929
5910 4 2 0 1 601 1374 1361 934
5911 4 2 0 1 1374 474 1361 934
5912 4 2 0 1 1363 474 1375 934
5913 4 2 0 1 1363 934 1375 604
5914 4 2 0 1 937 1376 604 1365
5915 4 2 0 1 937 475 1376 1365
5916 4 2 0 1 953 1402 597 1403
5917 4 2 0 1 953 1402 1403 1253
5918 4 2 0 1 486 1410 956 1409
5919 4 2 0 1 956 1409 1410 609
5920 4 2 0 1 959 1412 1411 609
5921 4 2 0 1 959 488 1411 1412
5922 4 2 0 1 959 488 1414 1413
5923 4 2 0 1 959 1413 1414 612
5924 4 2 0 1 962 1416 1415 612
5925 4 2 0 1 962 490 1415 1416
5926 4 2 0 1 546 1370 1658 892
5927 4 2 0 1 546 1372 892 1684
5928 4 2 0 1 546 1112 1372 1684
5929 4 2 0 1 546 1684 818 1112
5930 4 2 0 1 1404 1110 547 1371
5931 4 2 0 1 1404 547 893 1371
5932 4 2 0 1 893 547 1406 1373
5933 4 2 0 1 1373 547 1406 1113
5934 4 2 0 1 548 1407 1114 1772
5935 4 2 0 1 548 1772 894 1407
5936 4 2 0 1 1381 1748 895 560
5937 4 2 0 1 1381 1120 1748 560
5938 4 2 0 1 1383 895 1513 560
5939 4 2 0 1 1383 560 1513 1123
5940 4 2 0 1 1386 1756 1120 560
5941 4 2 0 1 1386 1756 560 898
5942 4 2 0 1 1388 898 560 1520
5943 4 2 0 1 1388 560 1123 1520
5944 4 2 0 1 561 1417 896 1382
5945 4 2 0 1 561 1382 1121 1417
5946 4 2 0 1 561 896 1418 1385
5947 4 2 0 1 1124 561 1418 1385
5948 4 2 0 1 561 1387 1420 1121
5949 4 2 0 1 899 1387 1420 561
5950 4 2 0 1 1422 1389 899 561
5951 4 2 0 1 1422 561 1124 1389
5952 4 2 0 1 562 509 1419 1562
5953 4 2 0 1 455 562 900 1421
5954 4 2 0 1 1125 562 1423 436
5955 4 2 0 1 563 898 1749 1394
5956 4 2 0 1 563 1493 898 1396
5957 4 2 0 1 1132 1493 563 1396
5958 4 2 0 1 1132 787 563 1493
5959 4 2 0 1 1749 1129 1757 1398
5960 4 2 0 1 901 563 1757 1398
5961 4 2 0 1 1679 563 901 1400
5962 4 2 0 1 1679 1132 563 1400
5963 4 2 0 1 1679 787 563 1132
5964 4 2 0 1 564 1424 899 1395
5965 4 2 0 1 1130 1424 564 1395
5966 4 2 0 1 564 899 1426 1397
5967 4 2 0 1 1133 564 1426 1397
5968 4 2 0 1 1428 1130 564 1399
5969 4 2 0 1 1428 564 902 1399
5970 4 2 0 1 1430 564 1133 1401
5971 4 2 0 1 902 564 1430 1401
5972 4 2 0 1 387 1131 1425 565
5973 4 2 0 1 1773 900 1427 565
5974 4 2 0 1 1495 565 900 1773
5975 4 2 0 1 1495 426 565 1773
5976 4 2 0 1 1773 565 1427 1134
5977 4 2 0 1 426 1134 565 1773
5978 4 2 0 1 565 633 1131 1429
5979 4 2 0 1 715 633 565 1429
5980 4 2 0 1 426 1431 565 1134
5981 4 2 0 1 1373 931 485 1372
5982 4 2 0 1 1373 595 931 1372
5983 4 2 0 1 1382 932 487 1381
5984 4 2 0 1 1382 1381 602 932
5985 4 2 0 1 1385 1383 487 933
5986 4 2 0 1 603 1383 1385 933
5987 4 2 0 1 1387 935 602 1386
5988 4 2 0 1 489 935 1387 1386
5989 4 2 0 1 1395 935 489 1394
5990 4 2 0 1 605 935 1395 1394
5991 4 2 0 1 1397 1396 489 936
5992 4 2 0 1 606 1396 1397 936
5993 4 2 0 1 938 1398 605 1399
5994 4 2 0 1 938 1398 1399 491
5995 4 2 0 1 1400 1401 491 939
5996 4 2 0 1 1400 606 1401 939
5997 4 2 0 1 1404 1405 599 954
5998 4 2 0 1 1404 499 1405 954
5999 4 2 0 1 1406 955 600 1407
6000 4 2 0 1 499 1407 955 1406
6001 4 2 0 1 1418 958 1280 1419
6002 4 2 0 1 1418 958 1419 611
6003 4 2 0 1 610 960 1420 1421
6004 4 2 0 1 1421 960 1420 500
6005 4 2 0 1 500 960 1424 1425
6006 4 2 0 1 1425 613 960 1424
6007 4 2 0 1 1422 500 961 1423
6008 4 2 0 1 1422 1423 961 611
6009 4 2 0 1 1426 1427 961 500
6010 4 2 0 1 1426 614 961 1427
6011 4 2 0 1 1428 613 963 1429
6012 4 2 0 1 1428 1429 963 501
6013 4 2 0 1 1430 964 614 1431
6014 4 2 0 1 501 964 1430 1431
6015 4 2 0 1 1180 998 997 1688
6016 4 2 0 1 1774 47 981 1717
6017 4 2 0 1 1774 47 1541 981
6018 4 2 0 1 977 1437 934 1751
6019 4 2 0 1 691 934 1751 977
6020 4 2 0 1 677 977 1635 566
6021 4 2 0 1 977 566 691 934
6022 4 2 0 1 1775 35 16 0
6023 4 2 0 1 1910 1680 326 1189
6024 4 2 0 1 679 853 1165 1910
6025 4 2 0 1 1521 1800 1586 1910
6026 4 2 0 1 1910 1595 326 1680
6027 4 2 0 1 696 1306 625 1223
6028 4 2 0 1 40 1777 38 1809
6029 4 2 0 1 727 1778 575 848
6030 4 2 0 1 915 1778 1093 575
6031 4 2 0 1 915 1778 1752 1093
6032 4 2 0 1 439 626 1780 678
6033 4 2 0 1 905 405 1781 444
6034 4 2 0 1 1477 804 803 649
6035 4 2 0 1 804 1477 1216 649
6036 4 2 0 1 1032 861 1498 1763
6037 4 2 0 1 1703 302 421 1502
6038 4 2 0 1 1703 508 1132 568
6039 4 2 0 1 1502 421 1703 568
6040 4 2 0 1 1628 264 1435 1782
6041 4 2 0 1 1173 570 929 1226
6042 4 2 0 1 1173 1079 570 1226
6043 4 2 0 1 1051 1228 845 570
6044 4 2 0 1 1051 1079 1228 570
6045 4 2 0 1 1238 571 1227 930
6046 4 2 0 1 1238 1082 1227 571
6047 4 2 0 1 571 1229 932 1240
6048 4 2 0 1 1082 1240 1229 571
6049 4 2 0 1 1239 931 372 572
6050 4 2 0 1 572 626 931 835
6051 4 2 0 1 1239 572 372 1084
6052 4 2 0 1 1241 572 1084 380
6053 4 2 0 1 1241 572 380 933
6054 4 2 0 1 380 933 572 680
6055 4 2 0 1 380 680 572 1084
6056 4 2 0 1 573 1087 1230 937
6057 4 2 0 1 695 573 1619 1087
6058 4 2 0 1 1087 1619 937 573
6059 4 2 0 1 695 573 1087 940
6060 4 2 0 1 940 1087 1232 573
6061 4 2 0 1 1231 574 938 1242
6062 4 2 0 1 1231 1090 574 1242
6063 4 2 0 1 1233 1244 574 1090
6064 4 2 0 1 1233 574 1244 941
6065 4 2 0 1 575 1093 404 1778
6066 4 2 0 1 1521 861 1778 942
6067 4 2 0 1 575 942 1778 404
6068 4 2 0 1 475 878 1230 1231
6069 4 2 0 1 1231 878 1230 524
6070 4 2 0 1 1232 1233 881 476
6071 4 2 0 1 1238 893 1239 485
6072 4 2 0 1 1238 893 527 1239
6073 4 2 0 1 1241 1240 487 896
6074 4 2 0 1 527 896 1240 1241
6075 4 2 0 1 1242 902 1243 491
6076 4 2 0 1 1242 902 530 1243
6077 4 2 0 1 530 1246 904 1244
6078 4 2 0 1 1244 1246 904 493
6079 4 2 0 1 1475 929 570 1247
6080 4 2 0 1 1475 687 1902 1247
6081 4 2 0 1 687 845 1248 570
6082 4 2 0 1 930 571 1234 1257
6083 4 2 0 1 1257 1234 1081 571
6084 4 2 0 1 1081 1235 1259 571
6085 4 2 0 1 571 1235 1259 932
6086 4 2 0 1 931 371 630 626
6087 4 2 0 1 572 1260 1083 1210
6088 4 2 0 1 572 933 1210 680
6089 4 2 0 1 933 1260 572 1210
6090 4 2 0 1 656 1086 792 573
6091 4 2 0 1 792 1086 1249 573
6092 4 2 0 1 573 1086 940 656
6093 4 2 0 1 940 573 1250 1086
6094 4 2 0 1 318 656 662 940
6095 4 2 0 1 1236 574 1269 938
6096 4 2 0 1 1236 1269 574 1089
6097 4 2 0 1 1237 1089 574 1271
6098 4 2 0 1 1237 574 941 1271
6099 4 2 0 1 727 939 1270 575
6100 4 2 0 1 575 848 942 1272
6101 4 2 0 1 871 1235 520 1248
6102 4 2 0 1 877 1249 1236 475
6103 4 2 0 1 877 1236 1249 523
6104 4 2 0 1 880 1237 523 1250
6105 4 2 0 1 880 1237 1250 476
6106 4 2 0 1 1257 892 485 1258
6107 4 2 0 1 1257 892 1258 526
6108 4 2 0 1 526 1259 895 1260
6109 4 2 0 1 1260 1259 895 487
6110 4 2 0 1 901 529 1270 1269
6111 4 2 0 1 1272 903 1271 529
6112 4 2 0 1 493 1519 1271 1272
6113 4 2 0 1 1251 1673 576 953
6114 4 2 0 1 1253 953 576 795
6115 4 2 0 1 3 795 438 367
6116 4 2 0 1 1254 576 1785 956
6117 4 2 0 1 445 1785 1674 628
6118 4 2 0 1 1255 576 1674 1080
6119 4 2 0 1 1255 576 956 1674
6120 4 2 0 1 577 1252 954 1274
6121 4 2 0 1 577 1253 1275 954
6122 4 2 0 1 957 1256 577 1278
6123 4 2 0 1 1786 955 578 660
6124 4 2 0 1 1276 955 578 1786
6125 4 2 0 1 1276 1786 578 1084
6126 4 2 0 1 955 1787 578 660
6127 4 2 0 1 1277 1787 578 955
6128 4 2 0 1 578 1787 1458 660
6129 4 2 0 1 1277 1787 1085 1280
6130 4 2 0 1 1279 1084 578 1762
6131 4 2 0 1 1279 578 958 1762
6132 4 2 0 1 1762 738 578 958
6133 4 2 0 1 1762 1608 1084 578
6134 4 2 0 1 1762 1608 578 738
6135 4 2 0 1 578 1787 1280 1458
6136 4 2 0 1 958 738 578 1458
6137 4 2 0 1 578 1458 1280 958
6138 4 2 0 1 962 392 579 1667
6139 4 2 0 1 962 1667 579 682
6140 4 2 0 1 579 1667 392 1087
6141 4 2 0 1 579 1087 1265 1788
6142 4 2 0 1 965 579 1265 1788
6143 4 2 0 1 965 579 1788 707
6144 4 2 0 1 579 1087 1788 1667
6145 4 2 0 1 707 579 1788 1667
6146 4 2 0 1 1266 579 965 1193
6147 4 2 0 1 580 963 1281 1263
6148 4 2 0 1 580 1281 1090 1263
6149 4 2 0 1 580 1282 963 1264
6150 4 2 0 1 1091 1282 580 1264
6151 4 2 0 1 580 1090 1285 1267
6152 4 2 0 1 1286 580 1285 1267
6153 4 2 0 1 1286 1267 1840 1268
6154 4 2 0 1 1286 1091 580 1268
6155 4 2 0 1 1284 1094 964 398
6156 4 2 0 1 450 1094 398 964
6157 4 2 0 1 1284 1094 581 964
6158 4 2 0 1 450 1094 964 581
6159 4 2 0 1 1287 581 966 1062
6160 4 2 0 1 1288 1505 581 1094
6161 4 2 0 1 1252 1251 1402 870
6162 4 2 0 1 1252 1251 870 521
6163 4 2 0 1 1256 872 1254 521
6164 4 2 0 1 486 872 1254 1256
6165 4 2 0 1 873 1766 1255 522
6166 4 2 0 1 1263 490 878 1261
6167 4 2 0 1 1263 878 524 1261
6168 4 2 0 1 492 1267 881 1265
6169 4 2 0 1 1274 499 1276 893
6170 4 2 0 1 1274 893 1276 527
6171 4 2 0 1 499 1275 1277 894
6172 4 2 0 1 1277 1275 1912 894
6173 4 2 0 1 527 1279 1278 896
6174 4 2 0 1 1279 1562 1278 1417
6175 4 2 0 1 1429 1700 1282 1284
6176 4 2 0 1 530 904 1287 1285
6177 4 2 0 1 1287 904 502 1285
6178 4 2 0 1 1455 1304 1303 923
6179 4 2 0 1 1455 1304 1097 1308
6180 4 2 0 1 993 1455 1308 1304
6181 4 2 0 1 926 1455 1308 993
6182 4 2 0 1 1289 583 924 1310
6183 4 2 0 1 1289 1098 583 1310
6184 4 2 0 1 1290 1312 583 1098
6185 4 2 0 1 927 583 1290 1312
6186 4 2 0 1 354 1311 925 505
6187 4 2 0 1 1311 1100 505 354
6188 4 2 0 1 925 1311 584 505
6189 4 2 0 1 1311 1100 584 505
6190 4 2 0 1 1313 584 1730 928
6191 4 2 0 1 1313 1730 584 1100
6192 4 2 0 1 1315 761 1500 593
6193 4 2 0 1 1315 593 1107 761
6194 4 2 0 1 594 1291 1317 927
6195 4 2 0 1 1110 1291 1317 594
6196 4 2 0 1 429 595 1846 928
6197 4 2 0 1 1318 928 1846 595
6198 4 2 0 1 1318 1692 1846 1113
6199 4 2 0 1 471 1289 864 1304
6200 4 2 0 1 1304 1289 864 535
6201 4 2 0 1 1308 867 1290 535
6202 4 2 0 1 472 867 1290 1308
6203 4 2 0 1 481 888 1310 1311
6204 4 2 0 1 1311 888 1310 541
6205 4 2 0 1 1313 1312 890 541
6206 4 2 0 1 484 1312 890 1313
6207 4 2 0 1 484 1317 1318 890
6208 4 2 0 1 1318 1317 547 890
6209 4 2 0 1 503 993 1303 1455
6210 4 2 0 1 1096 993 1303 503
6211 4 2 0 1 1844 1305 1319 924
6212 4 2 0 1 1321 1319 325 1309
6213 4 2 0 1 1321 583 1309 927
6214 4 2 0 1 1320 584 1484 925
6215 4 2 0 1 1320 1484 584 1901
6216 4 2 0 1 775 1901 584 1055
6217 4 2 0 1 775 584 1199 1055
6218 4 2 0 1 926 761 1500 1315
6219 4 2 0 1 1314 1315 926 1500
6220 4 2 0 1 1314 1500 1106 1367
6221 4 2 0 1 594 1316 927 1337
6222 4 2 0 1 1303 1305 863 471
6223 4 2 0 1 534 863 1303 1305
6224 4 2 0 1 866 1309 534 1307
6225 4 2 0 1 866 472 1309 1307
6226 4 2 0 1 1316 1314 472 866
6227 4 2 0 1 1316 1314 866 543
6228 4 2 0 1 1319 1320 887 481
6229 4 2 0 1 1319 887 1320 540
6230 4 2 0 1 1199 928 1055 584
6231 4 2 0 1 1337 1199 1770 718
6232 4 2 0 1 821 587 657 1097
6233 4 2 0 1 1325 587 821 1097
6234 4 2 0 1 1326 587 1178 947
6235 4 2 0 1 1097 587 657 950
6236 4 2 0 1 587 950 1097 1329
6237 4 2 0 1 587 1330 1059 950
6238 4 2 0 1 862 1330 1059 587
6239 4 2 0 1 948 1327 1340 588
6240 4 2 0 1 588 1340 1098 1327
6241 4 2 0 1 1341 1328 948 588
6242 4 2 0 1 1341 1328 588 1099
6243 4 2 0 1 588 1098 1344 1331
6244 4 2 0 1 951 588 1344 1331
6245 4 2 0 1 1099 1332 588 1345
6246 4 2 0 1 1345 588 951 1332
6247 4 2 0 1 1342 589 663 949
6248 4 2 0 1 1343 1101 589 949
6249 4 2 0 1 949 589 659 1101
6250 4 2 0 1 659 692 825 697
6251 4 2 0 1 1346 663 1100 1342
6252 4 2 0 1 1346 663 589 952
6253 4 2 0 1 692 663 952 589
6254 4 2 0 1 1347 1101 692 589
6255 4 2 0 1 597 1107 1518 1333
6256 4 2 0 1 1059 427 950 1518
6257 4 2 0 1 1459 950 1334 597
6258 4 2 0 1 1459 597 1334 1108
6259 4 2 0 1 951 599 1335 1353
6260 4 2 0 1 1110 599 1353 1335
6261 4 2 0 1 1354 599 1336 951
6262 4 2 0 1 1354 1111 1336 599
6263 4 2 0 1 1789 952 1355 600
6264 4 2 0 1 952 653 600 1789
6265 4 2 0 1 653 1537 600 1789
6266 4 2 0 1 1113 600 1789 1355
6267 4 2 0 1 1537 1789 1113 600
6268 4 2 0 1 952 1114 1356 600
6269 4 2 0 1 1554 653 600 1847
6270 4 2 0 1 600 1554 1847 1114
6271 4 2 0 1 479 1325 864 1327
6272 4 2 0 1 1327 864 535 1325
6273 4 2 0 1 1326 536 406 1328
6274 4 2 0 1 1331 1329 535 867
6275 4 2 0 1 483 1329 1331 867
6276 4 2 0 1 483 1335 1333 867
6277 4 2 0 1 544 1335 867 1333
6278 4 2 0 1 1334 1336 483 868
6279 4 2 0 1 1341 542 1343 889
6280 4 2 0 1 541 1346 1344 890
6281 4 2 0 1 1346 498 1344 890
6282 4 2 0 1 890 498 1353 1355
6283 4 2 0 1 547 1355 890 1353
6284 4 2 0 1 542 1347 891 1345
6285 4 2 0 1 1345 891 498 1347
6286 4 2 0 1 1354 498 891 1356
6287 4 2 0 1 1354 1356 891 548
6288 4 2 0 1 1357 1107 593 1790
6289 4 2 0 1 1357 1790 593 929
6290 4 2 0 1 593 649 929 1790
6291 4 2 0 1 593 1107 649 1790
6292 4 2 0 1 1371 1339 594 930
6293 4 2 0 1 1371 1339 1110 594
6294 4 2 0 1 1373 595 1692 931
6295 4 2 0 1 845 1359 1197 601
6296 4 2 0 1 601 1359 1197 1886
6297 4 2 0 1 1359 1361 1118 1886
6298 4 2 0 1 601 1361 1886 934
6299 4 2 0 1 691 601 1886 934
6300 4 2 0 1 1348 932 1382 602
6301 4 2 0 1 1348 602 1382 1121
6302 4 2 0 1 1349 1387 935 602
6303 4 2 0 1 1349 602 1121 1387
6304 4 2 0 1 603 933 1385 1561
6305 4 2 0 1 1124 603 1385 1561
6306 4 2 0 1 1611 1389 603 936
6307 4 2 0 1 1611 603 1389 1124
6308 4 2 0 1 1437 934 1363 604
6309 4 2 0 1 937 1365 604 1523
6310 4 2 0 1 1127 1437 1365 1523
6311 4 2 0 1 605 1350 1395 935
6312 4 2 0 1 1130 1350 1395 605
6313 4 2 0 1 1399 605 938 1352
6314 4 2 0 1 1399 1352 1130 605
6315 4 2 0 1 606 936 1397 1736
6316 4 2 0 1 1133 606 1397 1736
6317 4 2 0 1 1339 544 1357 870
6318 4 2 0 1 1339 870 1357 473
6319 4 2 0 1 1361 1349 550 875
6320 4 2 0 1 1361 1349 875 474
6321 4 2 0 1 875 1350 1363 474
6322 4 2 0 1 875 1350 553 1363
6323 4 2 0 1 475 1352 1365 878
6324 4 2 0 1 553 1365 1352 878
6325 4 2 0 1 1371 485 1373 893
6326 4 2 0 1 1371 547 893 1373
6327 4 2 0 1 1385 1382 896 487
6328 4 2 0 1 561 1382 896 1385
6329 4 2 0 1 1397 1395 899 489
6330 4 2 0 1 564 1395 899 1397
6331 4 2 0 1 1399 564 902 1401
6332 4 2 0 1 1399 491 1401 902
6333 4 2 0 1 1511 1500 1367 1106
6334 4 2 0 1 593 649 1367 929
6335 4 2 0 1 930 1358 594 1370
6336 4 2 0 1 1372 595 931 1112
6337 4 2 0 1 1688 623 1197 845
6338 4 2 0 1 1688 601 1791 1117
6339 4 2 0 1 845 549 601 1117
6340 4 2 0 1 601 1374 934 1791
6341 4 2 0 1 691 601 934 1791
6342 4 2 0 1 1360 1381 932 602
6343 4 2 0 1 1360 602 1120 1381
6344 4 2 0 1 1362 602 1386 1120
6345 4 2 0 1 1362 935 1386 602
6346 4 2 0 1 603 1067 1383 933
6347 4 2 0 1 603 1383 1067 1123
6348 4 2 0 1 603 1388 1123 1738
6349 4 2 0 1 936 1388 603 1738
6350 4 2 0 1 934 566 1126 604
6351 4 2 0 1 1126 1375 934 604
6352 4 2 0 1 435 566 604 1863
6353 4 2 0 1 758 604 937 1863
6354 4 2 0 1 605 1364 935 1394
6355 4 2 0 1 605 1394 1129 1364
6356 4 2 0 1 605 1129 1398 1366
6357 4 2 0 1 938 605 1398 1366
6358 4 2 0 1 396 1132 1400 606
6359 4 2 0 1 396 606 1400 939
6360 4 2 0 1 1367 1358 869 543
6361 4 2 0 1 473 1358 869 1367
6362 4 2 0 1 871 845 549 1360
6363 4 2 0 1 549 1374 874 1362
6364 4 2 0 1 1374 474 874 1362
6365 4 2 0 1 1375 874 474 1364
6366 4 2 0 1 1375 1364 552 874
6367 4 2 0 1 877 1366 552 1376
6368 4 2 0 1 877 1366 1376 475
6369 4 2 0 1 546 1372 1370 892
6370 4 2 0 1 1372 485 1370 892
6371 4 2 0 1 1383 895 1381 487
6372 4 2 0 1 1383 1381 895 560
6373 4 2 0 1 1388 1386 560 898
6374 4 2 0 1 489 1386 1388 898
6375 4 2 0 1 1396 898 1394 489
6376 4 2 0 1 563 898 1394 1396
6377 4 2 0 1 901 563 1398 1400
6378 4 2 0 1 597 1792 1107 1402
6379 4 2 0 1 597 1792 1518 1107
6380 4 2 0 1 620 1792 1518 597
6381 4 2 0 1 953 1792 597 1402
6382 4 2 0 1 953 1792 620 597
6383 4 2 0 1 1108 367 597 1403
6384 4 2 0 1 1108 367 620 597
6385 4 2 0 1 1404 599 1110 1368
6386 4 2 0 1 1404 954 599 1368
6387 4 2 0 1 1369 1405 954 599
6388 4 2 0 1 1793 600 1113 1406
6389 4 2 0 1 1793 955 600 1406
6390 4 2 0 1 1114 1554 1492 600
6391 4 2 0 1 1625 600 955 1492
6392 4 2 0 1 956 1118 1409 609
6393 4 2 0 1 609 956 1118 1509
6394 4 2 0 1 956 919 422 1119
6395 4 2 0 1 956 609 1410 1119
6396 4 2 0 1 609 1411 1509 1118
6397 4 2 0 1 959 1411 1509 609
6398 4 2 0 1 422 1412 959 609
6399 4 2 0 1 957 1377 1417 610
6400 4 2 0 1 1417 1377 1121 610
6401 4 2 0 1 1121 1379 1420 610
6402 4 2 0 1 610 1379 1420 960
6403 4 2 0 1 1122 1380 610 1421
6404 4 2 0 1 610 1380 960 1421
6405 4 2 0 1 1762 611 1418 918
6406 4 2 0 1 1762 1418 611 958
6407 4 2 0 1 958 1761 1419 611
6408 4 2 0 1 754 958 611 1761
6409 4 2 0 1 754 611 1065 1761
6410 4 2 0 1 1065 1423 611 961
6411 4 2 0 1 1065 1761 611 1125
6412 4 2 0 1 1476 612 1413 959
6413 4 2 0 1 1476 1413 612 1127
6414 4 2 0 1 1171 959 1414 612
6415 4 2 0 1 1171 612 1414 1128
6416 4 2 0 1 1190 1127 612 1415
6417 4 2 0 1 1190 612 962 1415
6418 4 2 0 1 1050 1416 612 1128
6419 4 2 0 1 1050 612 1416 962
6420 4 2 0 1 1390 613 1424 960
6421 4 2 0 1 1390 613 1130 1424
6422 4 2 0 1 1392 613 1428 1130
6423 4 2 0 1 1392 963 1428 613
6424 4 2 0 1 1393 1429 613 1131
6425 4 2 0 1 1393 1429 963 613
6426 4 2 0 1 1467 614 961 1426
6427 4 2 0 1 1133 614 1467 1426
6428 4 2 0 1 961 614 428 1427
6429 4 2 0 1 614 1134 428 1427
6430 4 2 0 1 964 1060 614 1134
6431 4 2 0 1 614 964 1134 1431
6432 4 2 0 1 1368 870 1402 544
6433 4 2 0 1 1368 1252 1253 1402
6434 4 2 0 1 1002 1403 1369 619
6435 4 2 0 1 486 872 1377 1409
6436 4 2 0 1 1377 872 550 1409
6437 4 2 0 1 1378 1410 873 486
6438 4 2 0 1 1378 551 873 1410
6439 4 2 0 1 875 1379 550 1411
6440 4 2 0 1 875 1379 1411 488
6441 4 2 0 1 875 1413 1390 488
6442 4 2 0 1 875 1413 553 1390
6443 4 2 0 1 551 1412 1380 876
6444 4 2 0 1 876 1380 488 1412
6445 4 2 0 1 876 1391 1414 488
6446 4 2 0 1 876 1391 554 1414
6447 4 2 0 1 553 1392 1415 878
6448 4 2 0 1 1415 1392 490 878
6449 4 2 0 1 879 1393 490 1416
6450 4 2 0 1 554 1416 1393 879
6451 4 2 0 1 1404 547 1406 893
6452 4 2 0 1 1404 1406 499 893
6453 4 2 0 1 548 894 1405 1407
6454 4 2 0 1 499 894 1407 1405
6455 4 2 0 1 899 1420 1422 561
6456 4 2 0 1 899 1420 500 1422
6457 4 2 0 1 899 1426 500 1424
6458 4 2 0 1 564 1426 899 1424
6459 4 2 0 1 1423 1421 500 900
6460 4 2 0 1 562 900 1421 1423
6461 4 2 0 1 900 1425 500 1427
6462 4 2 0 1 900 1425 1427 565
6463 4 2 0 1 1428 1430 902 564
6464 4 2 0 1 1428 501 902 1430
6465 4 2 0 1 501 1431 1429 1284
6466 4 2 0 1 1630 106 822 846
6467 4 2 0 1 922 742 1885 855
6468 4 2 0 1 782 713 1710 1001
6469 4 2 0 1 42 1796 1145 1139
6470 4 2 0 1 1496 1183 869 543
6471 4 2 0 1 1600 404 942 904
6472 4 2 0 1 1600 404 861 942
6473 4 2 0 1 1600 404 1878 861
6474 4 2 0 1 1286 1840 673 750
6475 4 2 0 1 1530 1579 1435 1169
6476 4 2 0 1 1697 285 1693 658
6477 4 2 0 1 1796 34 30 19
6478 4 2 0 1 1273 1714 237 230
6479 4 2 0 1 446 1035 753 191
6480 4 2 0 1 213 174 202 191
6481 4 2 0 1 213 165 174 191
6482 4 2 0 1 213 446 191 202
6483 4 2 0 1 907 787 1703 1132
6484 4 2 0 1 568 1736 606 1133
6485 4 2 0 1 522 1080 1522 1172
6486 4 2 0 1 1173 803 1790 929
6487 4 2 0 1 1792 1642 620 1518
6488 4 2 0 1 804 1216 1642 1792
6489 4 2 0 1 367 953 620 597
6490 4 2 0 1 786 1741 1458 974
6491 4 2 0 1 913 1761 381 1741
6492 4 2 0 1 786 817 1676 1458
6493 4 2 0 1 817 1085 1676 1458
6494 4 2 0 1 1751 383 1886 1647
6495 4 2 0 1 382 1008 301 1873
6496 4 2 0 1 848 319 1521 1800
6497 4 2 0 1 848 319 1800 1595
6498 4 2 0 1 783 643 1865 1139
6499 4 2 0 1 705 1865 1139 783
6500 4 2 0 1 46 661 1865 1707
6501 4 2 0 1 46 1865 661 705
6502 4 2 0 1 1865 1776 1707 643
6503 4 2 0 1 643 645 1177 622
6504 4 2 0 1 1482 1005 911 1705
6505 4 2 0 1 437 869 448 1496
6506 4 2 0 1 437 1183 869 1496
6507 4 2 0 1 1557 1446 43 42
6508 4 2 0 1 997 1746 1688 998
6509 4 2 0 1 1029 997 1746 623
6510 4 2 0 1 1772 831 1693 452
6511 4 2 0 1 1217 972 831 658
6512 4 2 0 1 265 1063 243 354
6513 4 2 0 1 666 771 618 770
6514 4 2 0 1 1872 127 1887 129
6515 4 2 0 1 127 1872 1887 1140
6516 4 2 0 1 1632 1887 127 129
6517 4 2 0 1 944 1547 913 786
6518 4 2 0 1 81 1188 78 83
6519 4 2 0 1 41 1624 35 39
6520 4 2 0 1 1836 1725 1514 1572
6521 4 2 0 1 1725 650 745 1572
6522 4 2 0 1 272 857 1831 273
6523 4 2 0 1 1657 1831 273 272
6524 4 2 0 1 1752 1651 397 1469
6525 4 2 0 1 1804 1091 716 1750
6526 4 2 0 1 696 625 668 1471
6527 4 2 0 1 1306 1805 625 1099
6528 4 2 0 1 721 352 1900 1478
6529 4 2 0 1 1223 352 865 1478
6530 4 2 0 1 1450 1047 1464 1528
6531 4 2 0 1 1103 1047 1450 1528
6532 4 2 0 1 1858 885 132 1806
6533 4 2 0 1 1565 627 706 1439
6534 4 2 0 1 1036 1432 782 1092
6535 4 2 0 1 1807 1297 680 290
6536 4 2 0 1 1296 1297 1807 290
6537 4 2 0 1 1829 290 1807 1608
6538 4 2 0 1 1296 1807 1829 290
6539 4 2 0 1 1069 1819 1095 1808
6540 4 2 0 1 843 1808 768 1900
6541 4 2 0 1 1808 1739 539 1570
6542 4 2 0 1 1909 1805 625 1306
6543 4 2 0 1 1258 572 1083 371
6544 4 2 0 1 630 626 371 1735
6545 4 2 0 1 1735 626 371 1083
6546 4 2 0 1 371 1083 626 572
6547 4 2 0 1 1868 1786 835 1512
6548 4 2 0 1 1868 1786 660 955
6549 4 2 0 1 1646 626 678 680
6550 4 2 0 1 1646 680 835 626
6551 4 2 0 1 767 627 1014 1490
6552 4 2 0 1 991 1739 1196 1468
6553 4 2 0 1 991 1468 1196 924
6554 4 2 0 1 734 1623 686 693
6555 4 2 0 1 1046 973 1068 1037
6556 4 2 0 1 1740 662 695 1545
6557 4 2 0 1 685 1133 614 1467
6558 4 2 0 1 1064 1469 964 685
6559 4 2 0 1 273 272 857 814
6560 4 2 0 1 814 1817 857 273
6561 4 2 0 1 806 445 1487 1607
6562 4 2 0 1 802 1119 422 919
6563 4 2 0 1 995 1647 1118 1509
6564 4 2 0 1 1509 628 1607 434
6565 4 2 0 1 1469 1062 1752 1465
6566 4 2 0 1 237 1714 254 242
6567 4 2 0 1 949 1578 1202 659
6568 4 2 0 1 1604 1681 337 1616
6569 4 2 0 1 278 1322 1830 763
6570 4 2 0 1 1814 1094 1533 704
6571 4 2 0 1 855 743 1225 1885
6572 4 2 0 1 832 837 300 1815
6573 4 2 0 1 664 323 1450 1158
6574 4 2 0 1 1103 323 1158 1450
6575 4 2 0 1 230 242 1714 237
6576 4 2 0 1 1502 1703 727 568
6577 4 2 0 1 1752 1062 1093 1763
6578 4 2 0 1 630 371 1112 1735
6579 4 2 0 1 429 362 1451 1112
6580 4 2 0 1 798 1299 630 1692
6581 4 2 0 1 798 835 1692 630
6582 4 2 0 1 1541 1515 1560 55
6583 4 2 0 1 291 1324 1144 454
6584 4 2 0 1 659 663 825 692
6585 4 2 0 1 1817 273 976 857
6586 4 2 0 1 1561 680 380 1807
6587 4 2 0 1 1297 1561 1807 680
6588 4 2 0 1 1888 384 422 802
6589 4 2 0 1 1607 1438 445 1487
6590 4 2 0 1 592 258 1844 1468
6591 4 2 0 1 720 1108 1213 1643
6592 4 2 0 1 1213 1643 1108 833
6593 4 2 0 1 925 1526 354 253
6594 4 2 0 1 303 1660 1723 1441
6595 4 2 0 1 1703 982 1036 302
6596 4 2 0 1 1588 1707 980 1104
6597 4 2 0 1 833 1213 443 431
6598 4 2 0 1 1645 1715 684 809
6599 4 2 0 1 1682 774 1715 684
6600 4 2 0 1 809 1682 1715 684
6601 4 2 0 1 1058 811 1149 292
6602 4 2 0 1 1072 1007 288 1553
6603 4 2 0 1 1072 288 1041 1553
6604 4 2 0 1 741 1122 455 1544
6605 4 2 0 1 760 1324 454 1822
6606 4 2 0 1 1823 12 38 1
6607 4 2 0 1 805 850 1543 1858
6608 4 2 0 1 1502 727 982 849
6609 4 2 0 1 446 1154 1035 220
6610 4 2 0 1 661 791 1707 343
6611 4 2 0 1 285 1693 631 1203
6612 4 2 0 1 1215 67 52 1188
6613 4 2 0 1 67 1188 1215 78
6614 4 2 0 1 476 1233 1497 941
6615 4 2 0 1 476 1497 1233 881
6616 4 2 0 1 1515 1588 537 52
6617 4 2 0 1 726 1767 989 1089
6618 4 2 0 1 1436 1767 989 726
6619 4 2 0 1 1493 1219 1756 1520
6620 4 2 0 1 1520 560 1123 1513
6621 4 2 0 1 1520 844 1123 1704
6622 4 2 0 1 462 825 1540 663
6623 4 2 0 1 754 738 1828 1829
6624 4 2 0 1 1828 754 1761 1741
6625 4 2 0 1 1828 738 974 1829
6626 4 2 0 1 1765 1458 658 660
6627 4 2 0 1 1878 404 1498 861
6628 4 2 0 1 1644 861 1498 1581
6629 4 2 0 1 823 1059 1459 1518
6630 4 2 0 1 823 1459 620 1518
6631 4 2 0 1 1159 763 278 1830
6632 4 2 0 1 1322 1830 1818 278
6633 4 2 0 1 710 503 763 1159
6634 4 2 0 1 503 1096 993 1159
6635 4 2 0 1 146 1563 1821 1806
6636 4 2 0 1 1806 150 149 1862
6637 4 2 0 1 1527 57 496 90
6638 4 2 0 1 1614 365 1902 437
6639 4 2 0 1 851 1614 365 1323
6640 4 2 0 1 1802 857 1831 272
6641 4 2 0 1 1657 1831 1695 1023
6642 4 2 0 1 857 273 976 1831
6643 4 2 0 1 1657 1831 272 1802
6644 4 2 0 1 1149 295 1454 812
6645 4 2 0 1 236 1466 1832 232
6646 4 2 0 1 1697 1693 1203 1481
6647 4 2 0 1 1484 1729 505 733
6648 4 2 0 1 1729 733 1484 1782
6649 4 2 0 1 1782 1435 1484 1729
6650 4 2 0 1 1055 1730 928 747
6651 4 2 0 1 1055 928 1730 584
6652 4 2 0 1 1484 1803 1055 1901
6653 4 2 0 1 1484 1055 1803 505
6654 4 2 0 1 857 1901 1803 1484
6655 4 2 0 1 713 1837 644 1165
6656 4 2 0 1 733 1803 1484 857
6657 4 2 0 1 1778 1763 1752 1093
6658 4 2 0 1 1465 1062 1752 1763
6659 4 2 0 1 1675 1085 1562 528
6660 4 2 0 1 829 1603 994 637
6661 4 2 0 1 637 1912 1603 1048
6662 4 2 0 1 1048 1603 637 994
6663 4 2 0 1 1603 894 370 1462
6664 4 2 0 1 1603 972 894 1462
6665 4 2 0 1 1461 1457 390 1221
6666 4 2 0 1 1221 1859 1457 390
6667 4 2 0 1 1470 1836 1727 1016
6668 4 2 0 1 1709 865 778 607
6669 4 2 0 1 778 865 986 607
6670 4 2 0 1 865 725 778 986
6671 4 2 0 1 1159 503 516 993
6672 4 2 0 1 1159 516 1830 993
6673 4 2 0 1 503 516 763 1159
6674 4 2 0 1 454 1123 1704 1833
6675 4 2 0 1 779 1781 796 1137
6676 4 2 0 1 1034 1822 1576 1833
6677 4 2 0 1 1642 1216 281 1518
6678 4 2 0 1 1642 1477 281 1216
6679 4 2 0 1 1695 824 1023 648
6680 4 2 0 1 824 719 648 1695
6681 4 2 0 1 304 311 762 1175
6682 4 2 0 1 762 656 776 1489
6683 4 2 0 1 702 1295 762 1731
6684 4 2 0 1 1524 1295 656 776
6685 4 2 0 1 510 1576 1224 907
6686 4 2 0 1 1835 977 1647 995
6687 4 2 0 1 169 507 146 149
6688 4 2 0 1 71 1606 96 1195
6689 4 2 0 1 1539 1679 639 1838
6690 4 2 0 1 676 1839 1493 515
6691 4 2 0 1 1839 1493 515 787
6692 4 2 0 1 1224 787 1839 639
6693 4 2 0 1 1655 1208 1838 901
6694 4 2 0 1 1655 1757 1208 901
6695 4 2 0 1 295 1845 1148 640
6696 4 2 0 1 1148 384 876 1845
6697 4 2 0 1 442 1652 876 640
6698 4 2 0 1 855 1042 1771 1148
6699 4 2 0 1 1771 1119 1148 1042
6700 4 2 0 1 455 1122 1225 1663
6701 4 2 0 1 976 1027 1831 1049
6702 4 2 0 1 1049 1027 1695 648
6703 4 2 0 1 1027 1695 1831 1049
6704 4 2 0 1 169 1615 194 1054
6705 4 2 0 1 454 1123 844 1704
6706 4 2 0 1 1797 1726 1513 454
6707 4 2 0 1 1164 1065 1125 1761
6708 4 2 0 1 1761 946 1164 1609
6709 4 2 0 1 1485 1201 641 709
6710 4 2 0 1 1600 404 641 1878
6711 4 2 0 1 1485 1600 641 1878
6712 4 2 0 1 641 904 1648 1155
6713 4 2 0 1 567 904 1648 641
6714 4 2 0 1 1201 966 444 1137
6715 4 2 0 1 1568 997 1029 623
6716 4 2 0 1 743 1652 442 640
6717 4 2 0 1 1648 567 641 1712
6718 4 2 0 1 1648 641 1155 1712
6719 4 2 0 1 822 1889 1630 1724
6720 4 2 0 1 19 29 30 42
6721 4 2 0 1 42 1796 30 19
6722 4 2 0 1 42 19 29 32
6723 4 2 0 1 353 1842 1579 1853
6724 4 2 0 1 451 1408 918 1843
6725 4 2 0 1 451 918 754 1843
6726 4 2 0 1 1836 1572 1096 1138
6727 4 2 0 1 1836 276 1572 1138
6728 4 2 0 1 1159 1138 1096 1830
6729 4 2 0 1 1836 1096 1159 1138
6730 4 2 0 1 188 1890 986 689
6731 4 2 0 1 1755 643 622 1776
6732 4 2 0 1 1605 644 1165 713
6733 4 2 0 1 1837 679 644 1165
6734 4 2 0 1 679 1605 644 1165
6735 4 2 0 1 644 989 1732 903
6736 4 2 0 1 906 989 1732 1592
6737 4 2 0 1 1606 622 645 688
6738 4 2 0 1 1776 622 1606 688
6739 4 2 0 1 53 622 1606 1776
6740 4 2 0 1 643 1177 645 791
6741 4 2 0 1 1533 704 999 480
6742 4 2 0 1 1814 1533 480 704
6743 4 2 0 1 966 723 1062 504
6744 4 2 0 1 803 929 749 649
6745 4 2 0 1 462 1181 794 646
6746 4 2 0 1 1558 258 1207 1844
6747 4 2 0 1 1191 1637 556 1474
6748 4 2 0 1 1191 556 634 1474
6749 4 2 0 1 1537 1113 1846 1692
6750 4 2 0 1 1049 1695 1023 648
6751 4 2 0 1 1136 1202 1063 261
6752 4 2 0 1 1225 1885 743 1453
6753 4 2 0 1 804 438 1792 1642
6754 4 2 0 1 1500 649 749 1367
6755 4 2 0 1 749 1367 1511 1500
6756 4 2 0 1 1367 649 749 929
6757 4 2 0 1 1475 803 929 365
6758 4 2 0 1 438 1792 620 953
6759 4 2 0 1 1827 1907 1877 818
6760 4 2 0 1 320 1810 771 401
6761 4 2 0 1 1899 1818 1322 1830
6762 4 2 0 1 1501 702 1472 1524
6763 4 2 0 1 981 1515 1683 1541
6764 4 2 0 1 442 856 1779 743
6765 4 2 0 1 1499 362 280 818
6766 4 2 0 1 1907 1499 1535 818
6767 4 2 0 1 1907 1112 1499 818
6768 4 2 0 1 1451 1112 1499 1907
6769 4 2 0 1 1592 1732 644 989
6770 4 2 0 1 1592 1732 433 644
6771 4 2 0 1 118 1510 109 114
6772 4 2 0 1 691 1791 934 566
6773 4 2 0 1 1688 1791 691 1538
6774 4 2 0 1 952 653 1789 842
6775 4 2 0 1 842 952 653 1847
6776 4 2 0 1 653 1537 1789 842
6777 4 2 0 1 1847 653 600 952
6778 4 2 0 1 952 1847 842 692
6779 4 2 0 1 1073 1847 653 1218
6780 4 2 0 1 1847 1218 1525 1554
6781 4 2 0 1 653 465 1218 1554
6782 4 2 0 1 1170 1777 38 1743
6783 4 2 0 1 1905 1896 1683 1479
6784 4 2 0 1 1683 1717 1479 1179
6785 4 2 0 1 1683 1179 967 1717
6786 4 2 0 1 511 1473 736 318
6787 4 2 0 1 1151 1435 925 1169
6788 4 2 0 1 925 1729 1435 1151
6789 4 2 0 1 925 1484 1435 1729
6790 4 2 0 1 1018 1895 1172 1643
6791 4 2 0 1 1652 743 442 1779
6792 4 2 0 1 1453 743 1652 1779
6793 4 2 0 1 434 1058 919 1601
6794 4 2 0 1 1155 709 444 1840
6795 4 2 0 1 1155 1712 709 1840
6796 4 2 0 1 1702 444 709 1840
6797 4 2 0 1 1702 673 444 1840
6798 4 2 0 1 1181 1564 747 920
6799 4 2 0 1 974 1458 786 1676
6800 4 2 0 1 786 913 817 1741
6801 4 2 0 1 786 1828 293 1741
6802 4 2 0 1 655 660 1512 1608
6803 4 2 0 1 742 1771 873 1663
6804 4 2 0 1 155 1095 507 216
6805 4 2 0 1 1011 1206 778 221
6806 4 2 0 1 1846 429 928 747
6807 4 2 0 1 747 1846 429 1564
6808 4 2 0 1 362 429 1451 747
6809 4 2 0 1 920 747 1451 429
6810 4 2 0 1 174 162 165 213
6811 4 2 0 1 1408 1297 807 449
6812 4 2 0 1 1561 1297 1408 449
6813 4 2 0 1 1164 946 1461 1609
6814 4 2 0 1 679 1837 1910 1165
6815 4 2 0 1 1063 1540 1578 1160
6816 4 2 0 1 58 74 984 1687
6817 4 2 0 1 1540 1342 663 949
6818 4 2 0 1 463 697 1760 825
6819 4 2 0 1 1506 254 349 256
6820 4 2 0 1 242 1714 349 674
6821 4 2 0 1 993 1096 1830 1159
6822 4 2 0 1 1138 1818 276 650
6823 4 2 0 1 982 1036 1680 727
6824 4 2 0 1 982 1595 727 1680
6825 4 2 0 1 860 333 1637 1003
6826 4 2 0 1 630 626 835 931
6827 4 2 0 1 1828 1741 974 738
6828 4 2 0 1 658 1458 1787 660
6829 4 2 0 1 1492 658 1787 660
6830 4 2 0 1 1492 955 660 1787
6831 4 2 0 1 1829 655 1512 1608
6832 4 2 0 1 1829 738 655 1608
6833 4 2 0 1 1512 1786 1608 660
6834 4 2 0 1 116 1598 1629 1300
6835 4 2 0 1 1483 710 1016 1727
6836 4 2 0 1 1448 710 1483 1727
6837 4 2 0 1 1300 116 1659 1629
6838 4 2 0 1 664 405 1744 1758
6839 4 2 0 1 664 1744 405 1450
6840 4 2 0 1 664 405 1781 1450
6841 4 2 0 1 675 497 1160 949
6842 4 2 0 1 1707 643 688 791
6843 4 2 0 1 661 1848 1664 1102
6844 4 2 0 1 759 1102 1848 661
6845 4 2 0 1 705 1865 661 1139
6846 4 2 0 1 705 661 1013 1139
6847 4 2 0 1 1853 1842 719 824
6848 4 2 0 1 1853 1842 1579 672
6849 4 2 0 1 851 744 1614 1854
6850 4 2 0 1 744 1070 1614 1854
6851 4 2 0 1 758 1863 937 662
6852 4 2 0 1 1162 1619 1190 1897
6853 4 2 0 1 975 682 1190 962
6854 4 2 0 1 443 1861 1857 1494
6855 4 2 0 1 1551 279 635 443
6856 4 2 0 1 443 1551 279 1662
6857 4 2 0 1 1193 1851 666 401
6858 4 2 0 1 1464 1047 905 1750
6859 4 2 0 1 1624 1664 647 591
6860 4 2 0 1 12 15 8 1743
6861 4 2 0 1 251 1207 1504 1677
6862 4 2 0 1 1504 1514 1677 1207
6863 4 2 0 1 52 1515 1588 1188
6864 4 2 0 1 343 1515 1588 537
6865 4 2 0 1 1849 996 730 398
6866 4 2 0 1 996 1452 398 1849
6867 4 2 0 1 673 1702 665 494
6868 4 2 0 1 1813 1542 916 1856
6869 4 2 0 1 948 1719 1720 1900
6870 4 2 0 1 773 1168 1719 250
6871 4 2 0 1 1739 1721 1570 1808
6872 4 2 0 1 843 1719 1808 1900
6873 4 2 0 1 1808 694 1721 1570
6874 4 2 0 1 1808 1719 1721 1900
6875 4 2 0 1 810 662 1740 1184
6876 4 2 0 1 810 662 1619 1740
6877 4 2 0 1 1302 656 662 1184
6878 4 2 0 1 1863 792 937 662
6879 4 2 0 1 1858 1543 1140 132
6880 4 2 0 1 1858 1806 132 1140
6881 4 2 0 1 256 242 349 674
6882 4 2 0 1 1506 1025 923 1448
6883 4 2 0 1 1506 254 256 255
6884 4 2 0 1 707 1879 1666 666
6885 4 2 0 1 1639 1711 405 1505
6886 4 2 0 1 1445 1505 1711 1639
6887 4 2 0 1 1897 682 975 701
6888 4 2 0 1 1897 310 1619 1667
6889 4 2 0 1 1897 682 1190 975
6890 4 2 0 1 721 1478 1900 753
6891 4 2 0 1 212 159 768 185
6892 4 2 0 1 1461 946 436 912
6893 4 2 0 1 54 52 67 1188
6894 4 2 0 1 1295 762 1731 311
6895 4 2 0 1 426 730 1134 1859
6896 4 2 0 1 996 730 426 1859
6897 4 2 0 1 1221 730 996 1859
6898 4 2 0 1 1221 300 1457 1859
6899 4 2 0 1 590 124 1031 1694
6900 4 2 0 1 1856 430 690 1200
6901 4 2 0 1 1609 293 836 1860
6902 4 2 0 1 1548 1609 1860 1164
6903 4 2 0 1 1861 868 536 1805
6904 4 2 0 1 1769 1223 1471 625
6905 4 2 0 1 865 1223 1471 1769
6906 4 2 0 1 1494 668 1861 1857
6907 4 2 0 1 1326 536 668 1861
6908 4 2 0 1 1709 1471 1867 668
6909 4 2 0 1 696 1471 668 1867
6910 4 2 0 1 696 668 785 1867
6911 4 2 0 1 149 347 507 1862
6912 4 2 0 1 1061 694 1900 753
6913 4 2 0 1 1061 859 694 753
6914 4 2 0 1 1827 818 1112 1907
6915 4 2 0 1 1481 724 1697 1525
6916 4 2 0 1 1525 1697 1693 1114
6917 4 2 0 1 1040 596 1081 368
6918 4 2 0 1 1654 1126 1718 1863
6919 4 2 0 1 833 283 1662 1213
6920 4 2 0 1 1008 382 1014 1873
6921 4 2 0 1 1008 1135 1654 301
6922 4 2 0 1 801 1128 1715 466
6923 4 2 0 1 1050 1128 466 1715
6924 4 2 0 1 815 1715 1881 458
6925 4 2 0 1 1119 1148 1042 802
6926 4 2 0 1 1042 1148 1149 802
6927 4 2 0 1 1141 1024 513 669
6928 4 2 0 1 513 1622 401 1186
6929 4 2 0 1 664 1825 1864 334
6930 4 2 0 1 122 124 1443 114
6931 4 2 0 1 365 988 851 1323
6932 4 2 0 1 674 670 1054 698
6933 4 2 0 1 705 46 852 661
6934 4 2 0 1 643 1865 1755 783
6935 4 2 0 1 1506 923 1455 763
6936 4 2 0 1 1506 1025 1448 255
6937 4 2 0 1 1506 923 763 1448
6938 4 2 0 1 556 1648 558 567
6939 4 2 0 1 1071 1648 556 567
6940 4 2 0 1 785 1861 1494 668
6941 4 2 0 1 1578 262 1063 261
6942 4 2 0 1 782 1566 1794 1710
6943 4 2 0 1 782 1566 1710 713
6944 4 2 0 1 1710 1566 1189 1165
6945 4 2 0 1 1710 1566 1165 713
6946 4 2 0 1 1863 810 758 435
6947 4 2 0 1 687 1043 1746 1029
6948 4 2 0 1 324 1866 1810 335
6949 4 2 0 1 1649 918 772 1124
6950 4 2 0 1 1452 398 1849 1533
6951 4 2 0 1 1849 1533 398 1445
6952 4 2 0 1 774 801 1715 466
6953 4 2 0 1 1092 1001 782 1710
6954 4 2 0 1 1710 1680 782 1092
6955 4 2 0 1 995 1607 1509 1785
6956 4 2 0 1 806 1487 445 990
6957 4 2 0 1 120 123 987 1629
6958 4 2 0 1 120 123 1629 822
6959 4 2 0 1 1785 628 956 1674
6960 4 2 0 1 1785 1607 628 445
6961 4 2 0 1 1785 806 445 990
6962 4 2 0 1 776 1489 1086 1768
6963 4 2 0 1 776 1734 1489 1768
6964 4 2 0 1 1040 1797 1037 973
6965 4 2 0 1 1531 673 1804 1464
6966 4 2 0 1 1072 1018 1643 1041
6967 4 2 0 1 1172 1018 1072 1536
6968 4 2 0 1 275 1867 668 1709
6969 4 2 0 1 785 668 275 1867
6970 4 2 0 1 275 1011 1867 1709
6971 4 2 0 1 1868 372 1793 1692
6972 4 2 0 1 1868 835 1692 798
6973 4 2 0 1 289 1083 1210 1780
6974 4 2 0 1 289 1144 1210 1083
6975 4 2 0 1 1746 623 1688 374
6976 4 2 0 1 213 238 757 753
6977 4 2 0 1 376 1869 1080 1007
6978 4 2 0 1 742 1529 1522 1869
6979 4 2 0 1 1869 1080 1522 376
6980 4 2 0 1 1148 681 1845 295
6981 4 2 0 1 1655 1838 1208 305
6982 4 2 0 1 767 1873 874 1440
6983 4 2 0 1 767 874 1873 1014
6984 4 2 0 1 1070 430 437 1614
6985 4 2 0 1 1437 977 566 1635
6986 4 2 0 1 1022 1633 1035 766
6987 4 2 0 1 1493 676 1219 1839
6988 4 2 0 1 1602 1870 307 308
6989 4 2 0 1 815 1870 1602 308
6990 4 2 0 1 50 531 45 1871
6991 4 2 0 1 1177 791 884 1163
6992 4 2 0 1 1664 791 1102 1479
6993 4 2 0 1 1211 1896 47 1624
6994 4 2 0 1 1211 759 1624 1777
6995 4 2 0 1 226 882 230 1054
6996 4 2 0 1 1719 670 1900 843
6997 4 2 0 1 477 638 267 1506
6998 4 2 0 1 424 267 1506 477
6999 4 2 0 1 1795 1517 1666 770
7000 4 2 0 1 1646 680 678 1297
7001 4 2 0 1 470 1067 678 1210
7002 4 2 0 1 219 208 1063 224
7003 4 2 0 1 1680 848 1910 1595
7004 4 2 0 1 727 1595 848 1680
7005 4 2 0 1 1906 860 1681 317
7006 4 2 0 1 979 1585 1527 1028
7007 4 2 0 1 933 1067 1210 680
7008 4 2 0 1 933 379 1260 1210
7009 4 2 0 1 1561 1067 933 680
7010 4 2 0 1 1762 1829 1608 738
7011 4 2 0 1 1063 228 219 224
7012 4 2 0 1 228 219 231 1063
7013 4 2 0 1 1221 1461 1548 1164
7014 4 2 0 1 843 507 347 768
7015 4 2 0 1 128 1449 1618 131
7016 4 2 0 1 1449 346 1618 131
7017 4 2 0 1 1740 662 1619 695
7018 4 2 0 1 758 937 1619 662
7019 4 2 0 1 682 701 1667 707
7020 4 2 0 1 1897 682 701 1667
7021 4 2 0 1 720 1459 620 823
7022 4 2 0 1 1222 620 438 823
7023 4 2 0 1 1697 1693 1114 658
7024 4 2 0 1 773 471 256 1025
7025 4 2 0 1 1067 680 1297 678
7026 4 2 0 1 1292 1450 827 328
7027 4 2 0 1 1556 1709 350 712
7028 4 2 0 1 788 1466 1709 712
7029 4 2 0 1 788 1011 1709 1466
7030 4 2 0 1 299 1008 1873 301
7031 4 2 0 1 1834 729 699 1760
7032 4 2 0 1 975 682 307 701
7033 4 2 0 1 307 682 1851 701
7034 4 2 0 1 603 1067 1561 449
7035 4 2 0 1 1807 1561 1296 1534
7036 4 2 0 1 1561 1296 1534 1408
7037 4 2 0 1 1843 1534 1762 1296
7038 4 2 0 1 1445 1094 1639 1533
7039 4 2 0 1 1746 1021 1117 739
7040 4 2 0 1 1117 1021 1204 739
7041 4 2 0 1 1298 1467 1133 685
7042 4 2 0 1 1298 1480 1467 685
7043 4 2 0 1 1651 685 1469 1064
7044 4 2 0 1 865 721 986 757
7045 4 2 0 1 591 1743 34 15
7046 4 2 0 1 1743 18 15 591
7047 4 2 0 1 1537 826 653 1625
7048 4 2 0 1 1625 1868 1537 826
7049 4 2 0 1 1582 1445 1064 1456
7050 4 2 0 1 1675 913 946 381
7051 4 2 0 1 428 1221 730 1640
7052 4 2 0 1 426 1452 447 1814
7053 4 2 0 1 707 1667 1788 1759
7054 4 2 0 1 707 1759 1788 1517
7055 4 2 0 1 965 707 1788 1517
7056 4 2 0 1 1322 282 1686 1818
7057 4 2 0 1 188 201 986 1890
7058 4 2 0 1 823 1518 620 1642
7059 4 2 0 1 1556 788 1709 712
7060 4 2 0 1 615 827 1143 1691
7061 4 2 0 1 516 761 357 1577
7062 4 2 0 1 1577 761 357 281
7063 4 2 0 1 158 154 1670 165
7064 4 2 0 1 158 1670 154 1716
7065 4 2 0 1 784 936 1736 1611
7066 4 2 0 1 1561 1611 1124 603
7067 4 2 0 1 772 1611 1124 1561
7068 4 2 0 1 686 734 693 1293
7069 4 2 0 1 688 791 645 1801
7070 4 2 0 1 791 1163 645 1801
7071 4 2 0 1 791 1177 645 1163
7072 4 2 0 1 1057 1557 884 43
7073 4 2 0 1 1719 991 1739 351
7074 4 2 0 1 1436 1734 317 880
7075 4 2 0 1 177 173 1022 1633
7076 4 2 0 1 1166 1708 468 1476
7077 4 2 0 1 791 661 1664 1102
7078 4 2 0 1 711 1677 834 1558
7079 4 2 0 1 1062 723 404 1763
7080 4 2 0 1 723 1498 404 1763
7081 4 2 0 1 518 430 437 1070
7082 4 2 0 1 1641 430 1043 1902
7083 4 2 0 1 1168 256 864 674
7084 4 2 0 1 1550 1711 504 1758
7085 4 2 0 1 323 1711 1825 1758
7086 4 2 0 1 1550 1711 1758 1825
7087 4 2 0 1 974 1458 658 1765
7088 4 2 0 1 884 791 44 1179
7089 4 2 0 1 884 1557 44 791
7090 4 2 0 1 691 934 1886 1751
7091 4 2 0 1 1751 1886 691 1647
7092 4 2 0 1 1197 691 1180 1688
7093 4 2 0 1 1538 739 1791 566
7094 4 2 0 1 1538 691 1688 1180
7095 4 2 0 1 1131 797 633 1495
7096 4 2 0 1 726 1089 989 1208
7097 4 2 0 1 871 1641 520 1856
7098 4 2 0 1 1170 852 1777 1743
7099 4 2 0 1 1034 1833 1324 1822
7100 4 2 0 1 1034 296 1627 1576
7101 4 2 0 1 1841 1202 1650 683
7102 4 2 0 1 727 1680 848 1092
7103 4 2 0 1 1584 697 1908 1101
7104 4 2 0 1 663 952 842 692
7105 4 2 0 1 663 1100 1342 1540
7106 4 2 0 1 659 692 697 1101
7107 4 2 0 1 1073 1218 1214 1847
7108 4 2 0 1 463 692 1214 697
7109 4 2 0 1 463 697 1214 1760
7110 4 2 0 1 692 1073 1847 842
7111 4 2 0 1 1214 1218 724 1525
7112 4 2 0 1 638 1874 349 477
7113 4 2 0 1 477 638 1506 349
7114 4 2 0 1 349 1874 821 1714
7115 4 2 0 1 1874 746 349 821
7116 4 2 0 1 349 1455 638 1506
7117 4 2 0 1 432 542 828 722
7118 4 2 0 1 1893 432 722 1584
7119 4 2 0 1 786 1609 836 1547
7120 4 2 0 1 913 1547 1609 786
7121 4 2 0 1 57 1105 496 75
7122 4 2 0 1 567 1648 904 1071
7123 4 2 0 1 1071 1648 904 1244
7124 4 2 0 1 1600 904 567 641
7125 4 2 0 1 556 1071 634 941
7126 4 2 0 1 507 347 149 194
7127 4 2 0 1 623 1688 1197 1180
7128 4 2 0 1 1197 691 1835 1180
7129 4 2 0 1 1197 1647 1835 691
7130 4 2 0 1 846 1575 1033 64
7131 4 2 0 1 754 918 1762 1843
7132 4 2 0 1 1843 1762 754 1829
7133 4 2 0 1 183 205 694 185
7134 4 2 0 1 1796 852 1013 705
7135 4 2 0 1 15 19 34 591
7136 4 2 0 1 1743 1777 18 591
7137 4 2 0 1 1848 591 1777 1743
7138 4 2 0 1 756 1827 582 289
7139 4 2 0 1 54 70 1560 1188
7140 4 2 0 1 1195 740 94 84
7141 4 2 0 1 344 106 1028 841
7142 4 2 0 1 980 1028 841 344
7143 4 2 0 1 980 841 1028 94
7144 4 2 0 1 980 94 83 841
7145 4 2 0 1 204 1063 1136 1004
7146 4 2 0 1 1184 656 662 318
7147 4 2 0 1 1184 318 662 1545
7148 4 2 0 1 18 978 591 647
7149 4 2 0 1 978 1013 591 1664
7150 4 2 0 1 1711 1758 323 1744
7151 4 2 0 1 1570 1739 888 1721
7152 4 2 0 1 1837 713 903 1001
7153 4 2 0 1 713 1882 903 1001
7154 4 2 0 1 713 1001 1837 1710
7155 4 2 0 1 761 1107 1315 357
7156 4 2 0 1 1059 1518 950 1459
7157 4 2 0 1 1459 620 597 1108
7158 4 2 0 1 720 1459 1108 620
7159 4 2 0 1 1518 1792 1216 1107
7160 4 2 0 1 1826 1583 95 89
7161 4 2 0 1 95 1188 83 841
7162 4 2 0 1 1826 95 1188 89
7163 4 2 0 1 1011 1206 1709 778
7164 4 2 0 1 1521 329 1586 1800
7165 4 2 0 1 853 326 329 1798
7166 4 2 0 1 1072 1172 1643 1018
7167 4 2 0 1 1072 1536 1018 909
7168 4 2 0 1 1498 1581 861 1032
7169 4 2 0 1 696 1471 1867 607
7170 4 2 0 1 1306 1909 696 625
7171 4 2 0 1 456 625 1805 1861
7172 4 2 0 1 785 1861 625 456
7173 4 2 0 1 834 1880 711 1558
7174 4 2 0 1 816 697 729 1760
7175 4 2 0 1 782 1432 1838 305
7176 4 2 0 1 1664 978 1057 647
7177 4 2 0 1 1546 1869 1454 292
7178 4 2 0 1 1869 919 1042 292
7179 4 2 0 1 39 12 1777 16
7180 4 2 0 1 942 1778 1521 848
7181 4 2 0 1 1084 1807 680 835
7182 4 2 0 1 1084 1807 835 1608
7183 4 2 0 1 529 989 305 1001
7184 4 2 0 1 989 1882 305 1001
7185 4 2 0 1 1208 989 305 529
7186 4 2 0 1 1432 1001 529 305
7187 4 2 0 1 1497 1637 1191 983
7188 4 2 0 1 1726 1123 454 1324
7189 4 2 0 1 1822 454 1704 1833
7190 4 2 0 1 296 1034 1324 1822
7191 4 2 0 1 1732 1681 1474 1436
7192 4 2 0 1 989 1732 402 1436
7193 4 2 0 1 1714 418 1273 478
7194 4 2 0 1 253 1151 925 1169
7195 4 2 0 1 1526 925 1169 253
7196 4 2 0 1 1697 1203 1671 724
7197 4 2 0 1 1203 1697 1671 285
7198 4 2 0 1 1672 1671 1697 285
7199 4 2 0 1 1498 723 1878 332
7200 4 2 0 1 332 1878 1201 723
7201 4 2 0 1 1485 1878 1201 332
7202 4 2 0 1 1644 1878 1485 332
7203 4 2 0 1 1644 1878 332 1498
7204 4 2 0 1 504 1447 723 1599
7205 4 2 0 1 1144 1726 973 1797
7206 4 2 0 1 1711 1639 1744 323
7207 4 2 0 1 1069 235 1819 1808
7208 4 2 0 1 1900 694 1808 768
7209 4 2 0 1 700 989 305 1208
7210 4 2 0 1 305 1208 1655 700
7211 4 2 0 1 317 1734 1436 700
7212 4 2 0 1 906 1436 700 317
7213 4 2 0 1 93 87 1585 64
7214 4 2 0 1 1602 1622 1088 513
7215 4 2 0 1 1602 1622 1851 1088
7216 4 2 0 1 1719 233 670 843
7217 4 2 0 1 1168 864 773 1719
7218 4 2 0 1 1496 284 543 1030
7219 4 2 0 1 1667 701 1879 707
7220 4 2 0 1 976 1027 1049 1799
7221 4 2 0 1 188 217 986 201
7222 4 2 0 1 221 986 689 188
7223 4 2 0 1 1047 1750 999 704
7224 4 2 0 1 1750 480 999 704
7225 4 2 0 1 1868 1793 1537 1692
7226 4 2 0 1 630 931 595 1112
7227 4 2 0 1 630 931 1692 595
7228 4 2 0 1 50 531 51 52
7229 4 2 0 1 1821 1806 1563 1140
7230 4 2 0 1 1733 1156 983 736
7231 4 2 0 1 1473 1733 1156 331
7232 4 2 0 1 1268 693 492 1623
7233 4 2 0 1 1517 1473 400 1574
7234 4 2 0 1 965 555 1574 492
7235 4 2 0 1 731 1508 492 777
7236 4 2 0 1 706 767 1005 1490
7237 4 2 0 1 1209 1565 1075 706
7238 4 2 0 1 1209 1565 706 1439
7239 4 2 0 1 1759 1879 1666 707
7240 4 2 0 1 707 1667 1759 1879
7241 4 2 0 1 707 1666 1759 1517
7242 4 2 0 1 1557 978 43 1057
7243 4 2 0 1 28 43 1057 1820
7244 4 2 0 1 122 124 1745 1443
7245 4 2 0 1 865 757 607 1223
7246 4 2 0 1 865 1223 607 1471
7247 4 2 0 1 1709 865 607 1471
7248 4 2 0 1 846 64 1028 1742
7249 4 2 0 1 823 279 1059 427
7250 4 2 0 1 653 1625 600 1537
7251 4 2 0 1 1554 1625 600 653
7252 4 2 0 1 1554 1625 1492 600
7253 4 2 0 1 1548 836 837 1860
7254 4 2 0 1 1712 709 1840 1702
7255 4 2 0 1 1648 1155 403 1712
7256 4 2 0 1 1724 1659 1889 33
7257 4 2 0 1 1602 1088 1851 1617
7258 4 2 0 1 1080 1869 921 1072
7259 4 2 0 1 1869 921 1522 1080
7260 4 2 0 1 710 763 1016 1159
7261 4 2 0 1 1455 516 503 993
7262 4 2 0 1 763 516 1577 968
7263 4 2 0 1 267 763 710 1448
7264 4 2 0 1 267 710 1483 1448
7265 4 2 0 1 17 27 1057 5
7266 4 2 0 1 809 1881 307 1617
7267 4 2 0 1 1195 65 71 53
7268 4 2 0 1 711 1532 1245 592
7269 4 2 0 1 711 1880 834 1294
7270 4 2 0 1 782 713 1001 1882
7271 4 2 0 1 1882 989 644 903
7272 4 2 0 1 1592 644 1882 989
7273 4 2 0 1 1473 400 1759 1517
7274 4 2 0 1 1009 1489 391 1010
7275 4 2 0 1 1009 1174 391 1489
7276 4 2 0 1 1452 1533 1849 309
7277 4 2 0 1 1215 83 1884 78
7278 4 2 0 1 1842 719 824 1695
7279 4 2 0 1 1177 783 1446 1557
7280 4 2 0 1 504 1711 1445 1505
7281 4 2 0 1 1494 668 1857 1556
7282 4 2 0 1 1549 795 438 1438
7283 4 2 0 1 984 1585 72 74
7284 4 2 0 1 1660 396 1432 1036
7285 4 2 0 1 1660 396 1679 1432
7286 4 2 0 1 428 1065 1649 961
7287 4 2 0 1 426 1814 447 715
7288 4 2 0 1 670 698 1615 1054
7289 4 2 0 1 1525 1697 1114 1554
7290 4 2 0 1 765 1570 248 1160
7291 4 2 0 1 1047 1744 1450 405
7292 4 2 0 1 1639 405 1744 1047
7293 4 2 0 1 1499 1737 1451 755
7294 4 2 0 1 1524 656 1747 318
7295 4 2 0 1 986 757 721 200
7296 4 2 0 1 842 1073 1847 653
7297 4 2 0 1 692 1073 1214 1847
7298 4 2 0 1 1214 692 463 1073
7299 4 2 0 1 698 721 725 865
7300 4 2 0 1 698 721 1615 725
7301 4 2 0 1 307 1220 308 1870
7302 4 2 0 1 1881 1602 307 1617
7303 4 2 0 1 241 1470 1504 1665
7304 4 2 0 1 1485 641 567 1712
7305 4 2 0 1 1816 752 1555 286
7306 4 2 0 1 1625 955 660 1492
7307 4 2 0 1 1625 1868 660 955
7308 4 2 0 1 1886 1197 1118 1359
7309 4 2 0 1 1118 1647 1197 1886
7310 4 2 0 1 1197 1647 691 1886
7311 4 2 0 1 1180 1688 997 623
7312 4 2 0 1 1688 1791 1538 739
7313 4 2 0 1 1688 1117 1791 739
7314 4 2 0 1 1143 1024 716 1804
7315 4 2 0 1 1214 1525 724 1908
7316 4 2 0 1 1908 1481 1525 724
7317 4 2 0 1 364 1481 1525 1908
7318 4 2 0 1 806 1197 1180 623
7319 4 2 0 1 1217 1676 972 658
7320 4 2 0 1 759 343 661 46
7321 4 2 0 1 1557 783 1139 643
7322 4 2 0 1 1479 791 1102 1683
7323 4 2 0 1 1102 791 661 343
7324 4 2 0 1 380 1561 1807 1534
7325 4 2 0 1 1762 1534 380 1807
7326 4 2 0 1 1215 1195 980 1776
7327 4 2 0 1 1222 1662 720 279
7328 4 2 0 1 279 720 1213 1662
7329 4 2 0 1 279 720 1857 1213
7330 4 2 0 1 865 1478 721 757
7331 4 2 0 1 1720 721 352 1900
7332 4 2 0 1 1615 721 347 199
7333 4 2 0 1 1615 199 725 721
7334 4 2 0 1 1573 1759 1473 1545
7335 4 2 0 1 1565 1757 394 1208
7336 4 2 0 1 1439 394 726 1208
7337 4 2 0 1 1565 1208 394 1439
7338 4 2 0 1 1063 231 533 886
7339 4 2 0 1 886 1063 231 219
7340 4 2 0 1 4 16 39 2
7341 4 2 0 1 511 318 1524 1012
7342 4 2 0 1 692 1908 697 1101
7343 4 2 0 1 1643 720 1222 1662
7344 4 2 0 1 1600 904 942 567
7345 4 2 0 1 1630 122 1443 1510
7346 4 2 0 1 1443 114 1510 122
7347 4 2 0 1 1892 1571 797 113
7348 4 2 0 1 1892 1571 633 797
7349 4 2 0 1 95 1583 344 841
7350 4 2 0 1 857 1901 362 1803
7351 4 2 0 1 1211 1170 759 1777
7352 4 2 0 1 1809 1170 1211 1777
7353 4 2 0 1 160 507 159 1563
7354 4 2 0 1 160 212 159 507
7355 4 2 0 1 1824 786 1676 974
7356 4 2 0 1 1824 1676 658 974
7357 4 2 0 1 974 1458 1676 658
7358 4 2 0 1 1209 1488 726 1009
7359 4 2 0 1 1209 726 1439 1009
7360 4 2 0 1 1009 1174 726 1439
7361 4 2 0 1 8 12 1743 1823
7362 4 2 0 1 1023 824 244 648
7363 4 2 0 1 627 877 1439 1565
7364 4 2 0 1 1010 1014 1490 1008
7365 4 2 0 1 1492 1697 1114 658
7366 4 2 0 1 1293 555 770 965
7367 4 2 0 1 1293 401 770 771
7368 4 2 0 1 1293 401 965 770
7369 4 2 0 1 1664 1557 1013 661
7370 4 2 0 1 1664 1557 978 1013
7371 4 2 0 1 1202 1063 1160 1136
7372 4 2 0 1 656 776 1489 1086
7373 4 2 0 1 1758 723 966 504
7374 4 2 0 1 1137 1758 723 966
7375 4 2 0 1 330 1447 723 332
7376 4 2 0 1 330 723 1498 332
7377 4 2 0 1 1720 352 721 865
7378 4 2 0 1 698 865 725 350
7379 4 2 0 1 969 970 866 1698
7380 4 2 0 1 650 1669 969 459
7381 4 2 0 1 1219 1493 1756 598
7382 4 2 0 1 598 1749 385 1565
7383 4 2 0 1 598 1565 385 911
7384 4 2 0 1 723 966 1201 1137
7385 4 2 0 1 1488 1489 1734 726
7386 4 2 0 1 700 726 1734 1436
7387 4 2 0 1 317 776 880 1734
7388 4 2 0 1 776 1768 880 1734
7389 4 2 0 1 778 607 986 1206
7390 4 2 0 1 1709 607 778 1206
7391 4 2 0 1 1453 1652 1225 387
7392 4 2 0 1 842 1537 1182 1073
7393 4 2 0 1 1073 842 462 1182
7394 4 2 0 1 915 849 1752 1778
7395 4 2 0 1 1665 1504 251 1727
7396 4 2 0 1 1730 363 1846 1891
7397 4 2 0 1 1537 363 842 1891
7398 4 2 0 1 363 1537 1846 1891
7399 4 2 0 1 944 1675 945 637
7400 4 2 0 1 1675 741 945 637
7401 4 2 0 1 1722 1754 99 1630
7402 4 2 0 1 1105 967 1801 1179
7403 4 2 0 1 1043 1507 545 1641
7404 4 2 0 1 730 1134 1859 428
7405 4 2 0 1 428 1859 730 1221
7406 4 2 0 1 428 614 961 1467
7407 4 2 0 1 180 236 221 1442
7408 4 2 0 1 689 180 236 221
7409 4 2 0 1 1061 352 889 1478
7410 4 2 0 1 1900 1478 1061 753
7411 4 2 0 1 1779 797 1653 1652
7412 4 2 0 1 1531 673 750 1804
7413 4 2 0 1 1531 750 734 1024
7414 4 2 0 1 1733 1003 736 983
7415 4 2 0 1 615 1531 734 1141
7416 4 2 0 1 1141 1531 734 1024
7417 4 2 0 1 1003 1637 736 983
7418 4 2 0 1 1295 1524 1747 1728
7419 4 2 0 1 1747 1728 1524 1012
7420 4 2 0 1 426 398 1452 1814
7421 4 2 0 1 1452 398 1533 1814
7422 4 2 0 1 996 398 1452 426
7423 4 2 0 1 958 738 1458 1741
7424 4 2 0 1 381 1458 1741 958
7425 4 2 0 1 754 738 958 1741
7426 4 2 0 1 1280 1787 1085 1458
7427 4 2 0 1 1676 1085 1787 1458
7428 4 2 0 1 835 1512 1786 1608
7429 4 2 0 1 1084 1608 835 1786
7430 4 2 0 1 1829 1608 1807 1762
7431 4 2 0 1 1186 1622 1602 513
7432 4 2 0 1 1043 1746 1021 1117
7433 4 2 0 1 566 604 934 1437
7434 4 2 0 1 1104 344 55 981
7435 4 2 0 1 1104 55 1515 981
7436 4 2 0 1 1188 55 1515 1104
7437 4 2 0 1 797 1652 1131 1653
7438 4 2 0 1 1578 1160 1540 949
7439 4 2 0 1 638 1176 746 1874
7440 4 2 0 1 1499 1706 1737 585
7441 4 2 0 1 596 1496 448 368
7442 4 2 0 1 815 512 1142 1850
7443 4 2 0 1 815 512 1186 1602
7444 4 2 0 1 945 509 741 1675
7445 4 2 0 1 1181 1803 747 1730
7446 4 2 0 1 1869 742 1529 1042
7447 4 2 0 1 1553 1072 1007 3
7448 4 2 0 1 1053 833 443 431
7449 4 2 0 1 1625 1537 1868 1793
7450 4 2 0 1 1625 1793 1868 955
7451 4 2 0 1 1867 1011 1206 1709
7452 4 2 0 1 158 347 1862 161
7453 4 2 0 1 1737 362 1803 857
7454 4 2 0 1 1225 640 876 1652
7455 4 2 0 1 1225 743 640 1652
7456 4 2 0 1 442 876 1845 640
7457 4 2 0 1 1067 1144 1324 1726
7458 4 2 0 1 1738 1034 388 1833
7459 4 2 0 1 1209 1208 1565 1439
7460 4 2 0 1 1675 1676 1085 637
7461 4 2 0 1 1676 817 1675 1085
7462 4 2 0 1 456 1580 868 1805
7463 4 2 0 1 456 1805 868 1861
7464 4 2 0 1 431 1861 456 868
7465 4 2 0 1 1663 1885 1453 1544
7466 4 2 0 1 1502 849 568 727
7467 4 2 0 1 1746 374 1688 1117
7468 4 2 0 1 165 191 1670 171
7469 4 2 0 1 213 165 191 1670
7470 4 2 0 1 1031 1745 1618 345
7471 4 2 0 1 1453 1225 1885 1663
7472 4 2 0 1 622 643 645 688
7473 4 2 0 1 1776 643 622 688
7474 4 2 0 1 1702 673 1840 494
7475 4 2 0 1 1597 834 1677 1514
7476 4 2 0 1 1514 1504 1677 1597
7477 4 2 0 1 1725 1514 834 1597
7478 4 2 0 1 970 1096 534 1572
7479 4 2 0 1 1572 970 1096 1138
7480 4 2 0 1 1836 1504 1514 1597
7481 4 2 0 1 1836 1470 1504 1597
7482 4 2 0 1 1836 1514 1725 1597
7483 4 2 0 1 1913 335 615 1620
7484 4 2 0 1 1624 591 18 1777
7485 4 2 0 1 1737 362 1706 1499
7486 4 2 0 1 1737 1451 362 1499
7487 4 2 0 1 362 1803 747 1451
7488 4 2 0 1 1102 1896 759 1624
7489 4 2 0 1 1708 977 1613 1647
7490 4 2 0 1 733 505 1181 646
7491 4 2 0 1 733 1729 505 646
7492 4 2 0 1 1730 1846 928 747
7493 4 2 0 1 1846 429 1564 1537
7494 4 2 0 1 1730 1846 747 1891
7495 4 2 0 1 649 749 1477 968
7496 4 2 0 1 1848 591 1624 1777
7497 4 2 0 1 1848 759 852 1777
7498 4 2 0 1 759 1848 1102 1624
7499 4 2 0 1 759 1848 1624 1777
7500 4 2 0 1 50 531 537 1211
7501 4 2 0 1 1186 1622 401 324
7502 4 2 0 1 768 1819 212 229
7503 4 2 0 1 1808 1819 768 229
7504 4 2 0 1 396 1703 1132 568
7505 4 2 0 1 1221 1638 996 730
7506 4 2 0 1 277 1817 976 857
7507 4 2 0 1 277 976 1706 857
7508 4 2 0 1 843 507 1615 347
7509 4 2 0 1 199 200 725 721
7510 4 2 0 1 1615 347 721 843
7511 4 2 0 1 1794 782 1680 1723
7512 4 2 0 1 1036 1723 1680 782
7513 4 2 0 1 978 43 1057 28
7514 4 2 0 1 42 1557 1145 31
7515 4 2 0 1 978 1145 31 591
7516 4 2 0 1 1668 1066 1164 1860
7517 4 2 0 1 1718 1460 1538 728
7518 4 2 0 1 1667 1190 682 962
7519 4 2 0 1 1667 1190 1619 1897
7520 4 2 0 1 772 1561 1534 1408
7521 4 2 0 1 1433 769 1035 971
7522 4 2 0 1 1540 265 1151 354
7523 4 2 0 1 1540 659 1578 949
7524 4 2 0 1 1063 1160 1578 1202
7525 4 2 0 1 1552 1463 752 1111
7526 4 2 0 1 286 636 1053 1552
7527 4 2 0 1 1463 891 452 548
7528 4 2 0 1 1895 636 1699 431
7529 4 2 0 1 636 833 431 1895
7530 4 2 0 1 1772 972 1462 894
7531 4 2 0 1 1772 1555 1462 972
7532 4 2 0 1 752 1555 286 1462
7533 4 2 0 1 631 452 1693 831
7534 4 2 0 1 1828 1066 1761 754
7535 4 2 0 1 1552 752 1816 286
7536 4 2 0 1 1552 1463 1816 752
7537 4 2 0 1 663 842 463 692
7538 4 2 0 1 815 458 1881 1870
7539 4 2 0 1 1602 815 1881 1870
7540 4 2 0 1 852 1777 1743 1848
7541 4 2 0 1 96 92 101 64
7542 4 2 0 1 1667 1087 1788 1759
7543 4 2 0 1 226 1054 169 206
7544 4 2 0 1 822 121 1033 123
7545 4 2 0 1 1225 1453 743 1652
7546 4 2 0 1 1131 1453 1652 797
7547 4 2 0 1 1008 1873 1014 299
7548 4 2 0 1 401 1810 1913 1620
7549 4 2 0 1 854 1543 1140 1858
7550 4 2 0 1 854 805 1543 1858
7551 4 2 0 1 1053 361 1580 1805
7552 4 2 0 1 793 361 1053 828
7553 4 2 0 1 793 361 1463 1552
7554 4 2 0 1 1053 828 361 1805
7555 4 2 0 1 361 793 1053 1552
7556 4 2 0 1 1552 1053 361 1580
7557 4 2 0 1 1769 352 625 1099
7558 4 2 0 1 1769 352 1223 625
7559 4 2 0 1 1125 1423 390 436
7560 4 2 0 1 436 900 1773 1495
7561 4 2 0 1 1461 1164 390 436
7562 4 2 0 1 436 1495 1773 1457
7563 4 2 0 1 1461 436 390 1457
7564 4 2 0 1 946 381 1125 509
7565 4 2 0 1 1814 715 1094 704
7566 4 2 0 1 398 1094 1814 715
7567 4 2 0 1 271 699 971 1841
7568 4 2 0 1 1064 450 398 964
7569 4 2 0 1 1445 450 398 1064
7570 4 2 0 1 344 1188 841 980
7571 4 2 0 1 95 344 1188 841
7572 4 2 0 1 92 64 96 1606
7573 4 2 0 1 1509 628 956 1785
7574 4 2 0 1 1509 1607 628 1785
7575 4 2 0 1 806 1785 445 1607
7576 4 2 0 1 438 1549 1792 953
7577 4 2 0 1 445 1549 1673 804
7578 4 2 0 1 795 1438 3 438
7579 4 2 0 1 1169 253 266 263
7580 4 2 0 1 1169 249 253 263
7581 4 2 0 1 504 1758 723 1447
7582 4 2 0 1 1719 1720 1900 670
7583 4 2 0 1 1719 843 1808 1069
7584 4 2 0 1 1719 233 843 1069
7585 4 2 0 1 226 670 843 1615
7586 4 2 0 1 1721 1739 1719 1808
7587 4 2 0 1 1629 987 1872 764
7588 4 2 0 1 1629 123 987 764
7589 4 2 0 1 1629 123 764 822
7590 4 2 0 1 1828 1761 293 1741
7591 4 2 0 1 692 1908 1214 697
7592 4 2 0 1 1454 1869 1529 1042
7593 4 2 0 1 1454 1869 1042 292
7594 4 2 0 1 191 753 171 694
7595 4 2 0 1 1863 758 810 662
7596 4 2 0 1 1302 810 662 1863
7597 4 2 0 1 1302 1863 662 792
7598 4 2 0 1 758 937 1523 1619
7599 4 2 0 1 1720 479 1328 1326
7600 4 2 0 1 848 1800 1910 1595
7601 4 2 0 1 763 968 1830 516
7602 4 2 0 1 768 171 183 161
7603 4 2 0 1 320 401 771 307
7604 4 2 0 1 721 200 725 986
7605 4 2 0 1 1452 1533 309 480
7606 4 2 0 1 95 1188 89 81
7607 4 2 0 1 1628 1782 1435 1802
7608 4 2 0 1 1802 1530 1435 1628
7609 4 2 0 1 1858 1212 1806 1140
7610 4 2 0 1 1858 1212 1140 854
7611 4 2 0 1 1850 517 1142 815
7612 4 2 0 1 1797 1726 454 1144
7613 4 2 0 1 1144 1726 454 1324
7614 4 2 0 1 308 320 1622 324
7615 4 2 0 1 443 358 1857 1861
7616 4 2 0 1 431 358 443 1861
7617 4 2 0 1 692 1214 1908 1847
7618 4 2 0 1 816 1908 1214 724
7619 4 2 0 1 516 761 1500 926
7620 4 2 0 1 356 1314 926 1500
7621 4 2 0 1 968 1500 516 761
7622 4 2 0 1 968 281 761 1577
7623 4 2 0 1 761 281 649 1107
7624 4 2 0 1 968 649 761 281
7625 4 2 0 1 761 1107 357 281
7626 4 2 0 1 1107 1216 649 1790
7627 4 2 0 1 1298 1133 397 685
7628 4 2 0 1 915 1298 397 1651
7629 4 2 0 1 1589 1298 568 915
7630 4 2 0 1 1193 666 707 965
7631 4 2 0 1 965 666 1517 770
7632 4 2 0 1 1841 683 1760 697
7633 4 2 0 1 457 1713 1716 134
7634 4 2 0 1 1713 131 1716 134
7635 4 2 0 1 712 350 1074 1466
7636 4 2 0 1 567 559 1600 1485
7637 4 2 0 1 1722 121 764 850
7638 4 2 0 1 822 123 764 121
7639 4 2 0 1 764 850 121 123
7640 4 2 0 1 162 213 943 151
7641 4 2 0 1 154 1670 162 151
7642 4 2 0 1 162 213 151 1670
7643 4 2 0 1 1645 975 1050 809
7644 4 2 0 1 962 1050 975 809
7645 4 2 0 1 1190 808 1162 975
7646 4 2 0 1 1162 1897 1190 975
7647 4 2 0 1 1667 1190 1897 682
7648 4 2 0 1 1833 1576 1034 907
7649 4 2 0 1 510 1576 907 1627
7650 4 2 0 1 1057 1664 647 1690
7651 4 2 0 1 1057 1664 1557 978
7652 4 2 0 1 1207 258 1025 471
7653 4 2 0 1 863 1558 1207 1844
7654 4 2 0 1 1481 1697 1693 1525
7655 4 2 0 1 641 1878 1201 1485
7656 4 2 0 1 1644 1878 1600 1485
7657 4 2 0 1 1680 313 326 1189
7658 4 2 0 1 1680 1595 326 313
7659 4 2 0 1 1492 467 1765 465
7660 4 2 0 1 975 682 962 809
7661 4 2 0 1 1683 1896 1102 1479
7662 4 2 0 1 344 981 57 73
7663 4 2 0 1 354 505 925 1151
7664 4 2 0 1 148 200 199 347
7665 4 2 0 1 347 148 150 199
7666 4 2 0 1 177 1626 1633 223
7667 4 2 0 1 1622 513 1193 1088
7668 4 2 0 1 1602 513 1088 512
7669 4 2 0 1 1193 513 1266 1088
7670 4 2 0 1 4 12 39 16
7671 4 2 0 1 724 1908 735 816
7672 4 2 0 1 307 1617 1851 682
7673 4 2 0 1 1617 1851 682 1088
7674 4 2 0 1 1007 1869 1072 909
7675 4 2 0 1 4 38 40 39
7676 4 2 0 1 1494 1556 1857 635
7677 4 2 0 1 443 1857 635 1494
7678 4 2 0 1 1782 733 1484 857
7679 4 2 0 1 1802 1435 1484 1782
7680 4 2 0 1 1322 968 1899 1830
7681 4 2 0 1 968 1500 1899 516
7682 4 2 0 1 968 1511 1899 1500
7683 4 2 0 1 1830 968 1899 516
7684 4 2 0 1 1474 941 1637 556
7685 4 2 0 1 556 941 1637 1497
7686 4 2 0 1 1434 1496 596 1784
7687 4 2 0 1 18 591 642 15
7688 4 2 0 1 1784 1434 1496 284
7689 4 2 0 1 1188 980 1588 1215
7690 4 2 0 1 668 865 1709 1471
7691 4 2 0 1 165 1670 158 171
7692 4 2 0 1 318 1473 940 1545
7693 4 2 0 1 1016 1836 1727 1159
7694 4 2 0 1 1470 1727 1836 1504
7695 4 2 0 1 647 35 16 1775
7696 4 2 0 1 125 1661 1618 1612
7697 4 2 0 1 125 1618 1661 1449
7698 4 2 0 1 997 1746 623 1688
7699 4 2 0 1 1903 1596 569 718
7700 4 2 0 1 1848 591 1013 1664
7701 4 2 0 1 226 1615 1054 670
7702 4 2 0 1 226 1054 674 670
7703 4 2 0 1 1862 1212 1713 1486
7704 4 2 0 1 1862 1716 1713 1212
7705 4 2 0 1 1490 1014 767 299
7706 4 2 0 1 1005 299 767 1705
7707 4 2 0 1 299 1873 767 1705
7708 4 2 0 1 1705 1873 767 1440
7709 4 2 0 1 299 767 1873 1014
7710 4 2 0 1 767 385 1565 911
7711 4 2 0 1 1796 1013 591 1145
7712 4 2 0 1 1139 1796 1145 1013
7713 4 2 0 1 347 768 1900 843
7714 4 2 0 1 468 1509 1708 1613
7715 4 2 0 1 383 1708 1509 1647
7716 4 2 0 1 1509 1708 1613 1647
7717 4 2 0 1 674 1054 230 698
7718 4 2 0 1 1094 704 1639 1533
7719 4 2 0 1 664 1781 1292 1450
7720 4 2 0 1 1816 1893 793 1187
7721 4 2 0 1 1433 355 889 769
7722 4 2 0 1 694 1035 769 766
7723 4 2 0 1 1180 623 997 1568
7724 4 2 0 1 598 1565 911 1005
7725 4 2 0 1 598 1005 911 1482
7726 4 2 0 1 1565 767 911 1005
7727 4 2 0 1 1590 772 1408 449
7728 4 2 0 1 1590 389 772 1611
7729 4 2 0 1 1590 1611 772 449
7730 4 2 0 1 1649 772 1590 389
7731 4 2 0 1 772 1124 1534 1561
7732 4 2 0 1 918 1534 772 1124
7733 4 2 0 1 1561 603 933 1067
7734 4 2 0 1 277 1706 1737 857
7735 4 2 0 1 504 1062 1465 1763
7736 4 2 0 1 1620 1186 401 324
7737 4 2 0 1 1160 949 1202 355
7738 4 2 0 1 1063 765 1160 1004
7739 4 2 0 1 47 1624 41 39
7740 4 2 0 1 976 1901 1831 1027
7741 4 2 0 1 1770 818 1783 362
7742 4 2 0 1 272 240 1657 1153
7743 4 2 0 1 240 1657 814 272
7744 4 2 0 1 1619 1523 810 1162
7745 4 2 0 1 720 620 1108 1222
7746 4 2 0 1 739 1746 1688 1117
7747 4 2 0 1 783 622 714 1755
7748 4 2 0 1 1904 1173 1051 1475
7749 4 2 0 1 1461 1609 1548 1164
7750 4 2 0 1 1164 1609 1860 293
7751 4 2 0 1 695 1087 1619 1759
7752 4 2 0 1 1667 1087 1759 1619
7753 4 2 0 1 808 612 1476 1171
7754 4 2 0 1 808 1050 612 1171
7755 4 2 0 1 808 1190 1050 975
7756 4 2 0 1 323 309 1639 999
7757 4 2 0 1 1762 1807 1084 1608
7758 4 2 0 1 720 1857 358 1059
7759 4 2 0 1 1860 1164 1221 1548
7760 4 2 0 1 1668 1860 1164 1221
7761 4 2 0 1 295 1148 681 1149
7762 4 2 0 1 1149 1148 681 802
7763 4 2 0 1 1083 1827 371 1735
7764 4 2 0 1 1877 1827 1205 1046
7765 4 2 0 1 134 457 141 1716
7766 4 2 0 1 213 908 139 148
7767 4 2 0 1 1716 141 1670 154
7768 4 2 0 1 1859 1134 426 1773
7769 4 2 0 1 1899 356 1830 516
7770 4 2 0 1 1888 1171 384 469
7771 4 2 0 1 1682 1881 1715 458
7772 4 2 0 1 809 1682 1881 1715
7773 4 2 0 1 803 749 929 365
7774 4 2 0 1 1475 803 1173 929
7775 4 2 0 1 838 1056 1584 1167
7776 4 2 0 1 1635 1127 1437 1751
7777 4 2 0 1 1166 1190 1635 1751
7778 4 2 0 1 1635 1751 1190 1127
7779 4 2 0 1 1772 831 658 1693
7780 4 2 0 1 1772 1693 658 1114
7781 4 2 0 1 991 1844 1468 924
7782 4 2 0 1 924 1844 1305 471
7783 4 2 0 1 1295 656 1747 1524
7784 4 2 0 1 1906 1501 860 317
7785 4 2 0 1 776 317 762 1734
7786 4 2 0 1 1643 367 1222 1108
7787 4 2 0 1 1080 367 795 1072
7788 4 2 0 1 1184 656 1747 311
7789 4 2 0 1 1224 297 787 1876
7790 4 2 0 1 1836 1725 1572 276
7791 4 2 0 1 1522 1529 921 1869
7792 4 2 0 1 275 1556 635 717
7793 4 2 0 1 666 1193 401 965
7794 4 2 0 1 1560 1188 55 1515
7795 4 2 0 1 1069 250 235 1808
7796 4 2 0 1 235 1808 539 1570
7797 4 2 0 1 250 1808 1739 539
7798 4 2 0 1 1592 989 1882 305
7799 4 2 0 1 798 1692 464 1299
7800 4 2 0 1 1868 1692 1537 826
7801 4 2 0 1 1868 1692 826 798
7802 4 2 0 1 1073 1537 653 842
7803 4 2 0 1 689 725 1890 986
7804 4 2 0 1 1173 990 804 1904
7805 4 2 0 1 383 1751 1708 1647
7806 4 2 0 1 1476 1751 1708 383
7807 4 2 0 1 865 757 1223 1478
7808 4 2 0 1 607 757 865 986
7809 4 2 0 1 189 204 1136 1022
7810 4 2 0 1 1010 762 1175 304
7811 4 2 0 1 636 833 1895 1018
7812 4 2 0 1 375 1197 1118 1785
7813 4 2 0 1 1022 195 1035 1633
7814 4 2 0 1 220 1154 1035 1433
7815 4 2 0 1 1178 1146 821 587
7816 4 2 0 1 1178 587 821 947
7817 4 2 0 1 401 666 965 770
7818 4 2 0 1 804 366 1792 1673
7819 4 2 0 1 366 1673 804 1173
7820 4 2 0 1 701 1667 1879 1897
7821 4 2 0 1 1455 1176 357 746
7822 4 2 0 1 1176 357 746 657
7823 4 2 0 1 925 1526 1169 1579
7824 4 2 0 1 481 1526 925 1579
7825 4 2 0 1 126 128 133 1661
7826 4 2 0 1 1195 1776 1755 53
7827 4 2 0 1 1755 1776 622 53
7828 4 2 0 1 443 279 1213 1662
7829 4 2 0 1 443 279 1857 1213
7830 4 2 0 1 765 1570 1160 1004
7831 4 2 0 1 1007 1080 795 1072
7832 4 2 0 1 802 919 1058 1149
7833 4 2 0 1 1042 919 1119 802
7834 4 2 0 1 376 919 956 1119
7835 4 2 0 1 1149 919 1042 802
7836 4 2 0 1 1642 1216 1518 1792
7837 4 2 0 1 350 725 778 865
7838 4 2 0 1 1029 1883 1902 1043
7839 4 2 0 1 427 950 657 1059
7840 4 2 0 1 1123 1513 379 1726
7841 4 2 0 1 1067 379 1726 1123
7842 4 2 0 1 1726 1123 1513 454
7843 4 2 0 1 388 1876 787 1493
7844 4 2 0 1 388 787 1132 1493
7845 4 2 0 1 291 1144 1797 454
7846 4 2 0 1 1822 1704 1576 1833
7847 4 2 0 1 973 1726 1513 1797
7848 4 2 0 1 1679 787 1539 639
7849 4 2 0 1 1660 1679 787 1539
7850 4 2 0 1 1669 1030 284 1784
7851 4 2 0 1 1145 42 31 19
7852 4 2 0 1 1200 1894 294 1507
7853 4 2 0 1 19 34 7 15
7854 4 2 0 1 1488 762 317 1734
7855 4 2 0 1 1488 1734 1489 762
7856 4 2 0 1 762 1734 1489 776
7857 4 2 0 1 860 1501 880 317
7858 4 2 0 1 1175 656 762 1489
7859 4 2 0 1 1010 762 1489 1175
7860 4 2 0 1 880 1767 1436 1734
7861 4 2 0 1 1734 1436 726 1767
7862 4 2 0 1 1828 1741 786 974
7863 4 2 0 1 658 1676 1787 1458
7864 4 2 0 1 1458 974 1741 738
7865 4 2 0 1 1557 1177 643 791
7866 4 2 0 1 1177 884 1557 1446
7867 4 2 0 1 1557 1177 783 643
7868 4 2 0 1 233 1095 843 1069
7869 4 2 0 1 1069 1095 843 1808
7870 4 2 0 1 1819 1095 1808 843
7871 4 2 0 1 1819 1095 843 507
7872 4 2 0 1 73 55 1826 344
7873 4 2 0 1 1083 289 1827 1735
7874 4 2 0 1 1877 582 1827 1046
7875 4 2 0 1 1889 1630 106 822
7876 4 2 0 1 262 231 1063 228
7877 4 2 0 1 1893 1187 722 432
7878 4 2 0 1 1584 1893 1911 1621
7879 4 2 0 1 1584 697 729 816
7880 4 2 0 1 1056 1760 697 1841
7881 4 2 0 1 1481 1908 1621 735
7882 4 2 0 1 735 1621 729 816
7883 4 2 0 1 57 90 80 496
7884 4 2 0 1 259 1196 1468 748
7885 4 2 0 1 1596 1784 1903 569
7886 4 2 0 1 1014 1174 391 1009
7887 4 2 0 1 468 1171 1888 469
7888 4 2 0 1 468 1645 1171 469
7889 4 2 0 1 781 784 508 708
7890 4 2 0 1 784 1034 388 1738
7891 4 2 0 1 781 1034 388 784
7892 4 2 0 1 1067 1738 603 1123
7893 4 2 0 1 1509 422 434 1888
7894 4 2 0 1 1509 1888 959 422
7895 4 2 0 1 1616 1637 1474 860
7896 4 2 0 1 1616 1474 1681 860
7897 4 2 0 1 1144 973 1046 1797
7898 4 2 0 1 1144 1797 1046 1194
7899 4 2 0 1 1470 1665 1727 1504
7900 4 2 0 1 1293 693 965 401
7901 4 2 0 1 803 804 1904 1173
7902 4 2 0 1 705 783 1139 42
7903 4 2 0 1 977 1751 691 1647
7904 4 2 0 1 1835 977 691 1647
7905 4 2 0 1 859 1035 1433 769
7906 4 2 0 1 1167 1056 1584 697
7907 4 2 0 1 470 678 1780 1210
7908 4 2 0 1 470 1144 1067 1210
7909 4 2 0 1 1678 287 1824 786
7910 4 2 0 1 1678 786 1824 974
7911 4 2 0 1 1494 668 275 785
7912 4 2 0 1 275 668 1494 1556
7913 4 2 0 1 1556 1709 668 350
7914 4 2 0 1 1876 1493 297 787
7915 4 2 0 1 907 787 1876 1224
7916 4 2 0 1 598 1749 1075 1493
7917 4 2 0 1 1493 598 1749 1756
7918 4 2 0 1 1539 1432 1679 1838
7919 4 2 0 1 898 1520 1756 560
7920 4 2 0 1 898 1493 1756 1520
7921 4 2 0 1 1655 901 1838 515
7922 4 2 0 1 1757 563 901 515
7923 4 2 0 1 388 1520 1123 1833
7924 4 2 0 1 1833 1123 1704 1520
7925 4 2 0 1 388 1520 1833 1876
7926 4 2 0 1 1833 1704 1876 1520
7927 4 2 0 1 1660 787 1679 1703
7928 4 2 0 1 1703 787 1679 1132
7929 4 2 0 1 1573 1759 310 1666
7930 4 2 0 1 1540 646 462 794
7931 4 2 0 1 1011 221 778 1466
7932 4 2 0 1 694 1570 1808 229
7933 4 2 0 1 889 355 675 769
7934 4 2 0 1 703 702 1472 1906
7935 4 2 0 1 925 1435 1579 1169
7936 4 2 0 1 705 1139 1013 1796
7937 4 2 0 1 1013 852 1796 591
7938 4 2 0 1 1841 1650 1202 971
7939 4 2 0 1 1760 683 1841 271
7940 4 2 0 1 1155 1712 1840 403
7941 4 2 0 1 1576 1704 1876 1833
7942 4 2 0 1 1833 1576 907 1876
7943 4 2 0 1 1590 1736 389 1611
7944 4 2 0 1 1590 784 1611 449
7945 4 2 0 1 1590 784 1736 1611
7946 4 2 0 1 1103 323 1744 1639
7947 4 2 0 1 699 271 1760 1841
7948 4 2 0 1 846 1028 105 99
7949 4 2 0 1 846 1028 64 105
7950 4 2 0 1 1205 1083 371 1068
7951 4 2 0 1 1296 1297 1561 1807
7952 4 2 0 1 279 1857 992 1444
7953 4 2 0 1 1730 1891 747 1181
7954 4 2 0 1 1891 1730 794 1181
7955 4 2 0 1 1030 359 1109 1596
7956 4 2 0 1 460 1030 1669 1784
7957 4 2 0 1 1669 1698 1030 460
7958 4 2 0 1 189 181 224 170
7959 4 2 0 1 1598 1872 987 129
7960 4 2 0 1 987 1872 1887 129
7961 4 2 0 1 1755 643 1776 1865
7962 4 2 0 1 688 645 1585 1801
7963 4 2 0 1 598 911 1076 1482
7964 4 2 0 1 1076 1756 598 671
7965 4 2 0 1 401 770 771 666
7966 4 2 0 1 344 1559 1826 100
7967 4 2 0 1 1880 592 711 1558
7968 4 2 0 1 1880 592 1558 745
7969 4 2 0 1 1293 1810 401 771
7970 4 2 0 1 734 401 1293 1913
7971 4 2 0 1 1293 1913 401 1810
7972 4 2 0 1 686 734 1293 1913
7973 4 2 0 1 1493 676 1075 1219
7974 4 2 0 1 1749 1565 598 1075
7975 4 2 0 1 706 627 767 1490
7976 4 2 0 1 1565 706 767 1005
7977 4 2 0 1 1907 1827 1877 756
7978 4 2 0 1 1907 1535 755 756
7979 4 2 0 1 1907 1499 755 1535
7980 4 2 0 1 1911 793 1893 432
7981 4 2 0 1 452 1911 631 1693
7982 4 2 0 1 1891 1181 794 462
7983 4 2 0 1 1891 462 663 842
7984 4 2 0 1 646 505 794 1151
7985 4 2 0 1 646 505 1151 1729
7986 4 2 0 1 794 1891 1100 1730
7987 4 2 0 1 1826 55 70 1188
7988 4 2 0 1 377 1120 985 1748
7989 4 2 0 1 985 1120 1076 1748
7990 4 2 0 1 741 455 509 1569
7991 4 2 0 1 912 509 455 1569
7992 4 2 0 1 1463 793 1552 1816
7993 4 2 0 1 1745 506 1618 345
7994 4 2 0 1 1738 1034 1833 1324
7995 4 2 0 1 807 1034 1738 1324
7996 4 2 0 1 1075 1655 1757 1208
7997 4 2 0 1 724 1481 735 1908
7998 4 2 0 1 1621 1481 364 1908
7999 4 2 0 1 816 1908 1621 1584
8000 4 2 0 1 113 797 1892 1653
8001 4 2 0 1 442 1652 554 876
8002 4 2 0 1 979 87 984 1585
8003 4 2 0 1 289 1046 1083 1827
8004 4 2 0 1 1493 1075 598 1219
8005 4 2 0 1 784 1034 1738 807
8006 4 2 0 1 188 689 180 1006
8007 4 2 0 1 455 1122 1663 1544
8008 4 2 0 1 1544 1663 455 1453
8009 4 2 0 1 1453 455 1225 1663
8010 4 2 0 1 1776 643 688 1707
8011 4 2 0 1 1776 1606 53 1195
8012 4 2 0 1 1776 1028 1606 1195
8013 4 2 0 1 1606 1028 64 96
8014 4 2 0 1 825 265 462 1540
8015 4 2 0 1 1672 1671 724 1697
8016 4 2 0 1 1306 1805 1099 828
8017 4 2 0 1 1053 1805 1306 828
8018 4 2 0 1 1053 1805 1909 1306
8019 4 2 0 1 696 625 1471 1223
8020 4 2 0 1 696 1471 607 1223
8021 4 2 0 1 1031 122 345 1722
8022 4 2 0 1 1031 1722 345 805
8023 4 2 0 1 28 31 978 43
8024 4 2 0 1 328 1450 1464 1528
8025 4 2 0 1 1449 128 134 131
8026 4 2 0 1 801 1845 384 466
8027 4 2 0 1 554 384 801 1845
8028 4 2 0 1 1142 1715 801 1128
8029 4 2 0 1 1774 1717 49 47
8030 4 2 0 1 1556 1444 1857 635
8031 4 2 0 1 1894 545 1204 1043
8032 4 2 0 1 1457 436 1495 912
8033 4 2 0 1 912 436 1461 1457
8034 4 2 0 1 956 1509 422 628
8035 4 2 0 1 956 919 628 422
8036 4 2 0 1 1149 919 1058 292
8037 4 2 0 1 1119 384 1148 802
8038 4 2 0 1 422 384 1119 802
8039 4 2 0 1 1148 384 681 802
8040 4 2 0 1 469 384 1888 802
8041 4 2 0 1 469 681 384 802
8042 4 2 0 1 959 609 1509 422
8043 4 2 0 1 1119 609 1412 422
8044 4 2 0 1 1888 384 959 422
8045 4 2 0 1 469 802 1888 1058
8046 4 2 0 1 469 681 802 1058
8047 4 2 0 1 1637 736 399 1003
8048 4 2 0 1 1003 1637 1501 399
8049 4 2 0 1 179 232 1006 180
8050 4 2 0 1 179 418 1006 232
8051 4 2 0 1 1031 1858 805 346
8052 4 2 0 1 805 1858 854 346
8053 4 2 0 1 380 1807 680 1084
8054 4 2 0 1 1589 1811 1587 568
8055 4 2 0 1 1589 1298 1811 568
8056 4 2 0 1 1618 1031 345 805
8057 4 2 0 1 1651 1589 1752 915
8058 4 2 0 1 1637 860 880 1474
8059 4 2 0 1 1700 716 1015 1091
8060 4 2 0 1 1571 1892 1610 113
8061 4 2 0 1 307 1602 1881 1870
8062 4 2 0 1 236 1466 232 689
8063 4 2 0 1 854 345 764 805
8064 4 2 0 1 805 1722 764 850
8065 4 2 0 1 345 1722 764 805
8066 4 2 0 1 807 449 1590 1408
8067 4 2 0 1 1501 860 1637 1003
8068 4 2 0 1 1834 1760 699 271
8069 4 2 0 1 1621 699 729 1584
8070 4 2 0 1 1011 1709 1466 778
8071 4 2 0 1 1616 1732 1681 1474
8072 4 2 0 1 1538 691 1180 1835
8073 4 2 0 1 258 592 883 1468
8074 4 2 0 1 1742 96 1028 94
8075 4 2 0 1 1606 1028 96 1195
8076 4 2 0 1 106 1028 1742 846
8077 4 2 0 1 756 1535 755 586
8078 4 2 0 1 756 1535 586 1877
8079 4 2 0 1 756 586 582 1877
8080 4 2 0 1 1322 1511 1899 968
8081 4 2 0 1 1899 1511 1106 1500
8082 4 2 0 1 1050 1128 1715 393
8083 4 2 0 1 1050 1715 466 1645
8084 4 2 0 1 681 384 1845 466
8085 4 2 0 1 46 1707 1215 1588
8086 4 2 0 1 1215 1707 980 1588
8087 4 2 0 1 851 988 365 1511
8088 4 2 0 1 851 365 1106 1511
8089 4 2 0 1 1455 357 1176 1577
8090 4 2 0 1 1764 1150 596 1813
8091 4 2 0 1 1148 876 640 1845
8092 4 2 0 1 1637 983 1156 736
8093 4 2 0 1 965 555 1517 1574
8094 4 2 0 1 1473 736 1156 1733
8095 4 2 0 1 664 1744 1450 323
8096 4 2 0 1 1103 1744 323 1450
8097 4 2 0 1 1622 1851 307 1602
8098 4 2 0 1 1851 1898 401 307
8099 4 2 0 1 1558 592 711 258
8100 4 2 0 1 1558 592 258 1844
8101 4 2 0 1 1532 1880 780 592
8102 4 2 0 1 1532 274 780 1880
8103 4 2 0 1 1880 780 592 745
8104 4 2 0 1 567 1071 1519 634
8105 4 2 0 1 1271 941 634 1071
8106 4 2 0 1 1715 809 1645 1050
8107 4 2 0 1 679 942 1586 1910
8108 4 2 0 1 631 793 1893 1911
8109 4 2 0 1 740 83 1884 1215
8110 4 2 0 1 1195 740 1884 1215
8111 4 2 0 1 1085 817 1675 381
8112 4 2 0 1 1675 817 913 381
8113 4 2 0 1 944 1547 786 1824
8114 4 2 0 1 1868 1512 835 798
8115 4 2 0 1 1811 1298 1736 568
8116 4 2 0 1 694 1900 753 347
8117 4 2 0 1 694 768 1900 347
8118 4 2 0 1 992 427 1059 279
8119 4 2 0 1 546 1684 892 1658
8120 4 2 0 1 546 569 1684 1658
8121 4 2 0 1 672 481 917 748
8122 4 2 0 1 1600 1878 1644 861
8123 4 2 0 1 1644 1878 1498 861
8124 4 2 0 1 1559 1510 1583 1826
8125 4 2 0 1 1716 1670 141 148
8126 4 2 0 1 213 757 908 148
8127 4 2 0 1 742 1522 1529 423
8128 4 2 0 1 537 1515 52 1560
8129 4 2 0 1 54 50 51 52
8130 4 2 0 1 54 1560 50 52
8131 4 2 0 1 920 1564 429 1299
8132 4 2 0 1 221 986 778 689
8133 4 2 0 1 161 1862 1713 144
8134 4 2 0 1 1862 146 149 1806
8135 4 2 0 1 785 443 1494 1861
8136 4 2 0 1 664 1825 342 1864
8137 4 2 0 1 1158 323 342 664
8138 4 2 0 1 389 1124 772 1611
8139 4 2 0 1 1649 772 389 1124
8140 4 2 0 1 1738 936 1611 603
8141 4 2 0 1 784 936 1611 1738
8142 4 2 0 1 289 1083 1780 1735
8143 4 2 0 1 1194 1144 289 1046
8144 4 2 0 1 1211 759 537 47
8145 4 2 0 1 759 1896 47 1211
8146 4 2 0 1 1896 759 47 1683
8147 4 2 0 1 50 52 537 531
8148 4 2 0 1 966 1288 405 1505
8149 4 2 0 1 1711 504 1758 1505
8150 4 2 0 1 1445 1505 1094 450
8151 4 2 0 1 1445 1094 398 450
8152 4 2 0 1 254 237 1273 1714
8153 4 2 0 1 1651 397 1469 685
8154 4 2 0 1 716 1024 1141 669
8155 4 2 0 1 647 914 1690 1664
8156 4 2 0 1 1573 1759 1666 1517
8157 4 2 0 1 823 1518 1642 281
8158 4 2 0 1 823 427 1518 281
8159 4 2 0 1 1222 1108 367 620
8160 4 2 0 1 823 720 1459 1059
8161 4 2 0 1 823 279 720 1059
8162 4 2 0 1 99 1527 344 1028
8163 4 2 0 1 99 979 1527 1028
8164 4 2 0 1 189 1136 224 181
8165 4 2 0 1 1063 204 1136 224
8166 4 2 0 1 1905 914 1026 47
8167 4 2 0 1 1905 1896 914 47
8168 4 2 0 1 126 1661 1618 128
8169 4 2 0 1 884 1163 791 1179
8170 4 2 0 1 884 1557 791 1177
8171 4 2 0 1 1695 824 353 1657
8172 4 2 0 1 1842 824 353 1695
8173 4 2 0 1 764 1543 850 1636
8174 4 2 0 1 987 1543 764 1636
8175 4 2 0 1 788 1011 275 1709
8176 4 2 0 1 276 1836 1016 1159
8177 4 2 0 1 1053 1805 456 1909
8178 4 2 0 1 1053 1580 456 1805
8179 4 2 0 1 1136 1650 223 766
8180 4 2 0 1 242 349 1714 254
8181 4 2 0 1 1452 1533 480 1814
8182 4 2 0 1 1008 1135 1175 1654
8183 4 2 0 1 1169 1579 917 1853
8184 4 2 0 1 405 1758 966 1505
8185 4 2 0 1 405 1758 1137 966
8186 4 2 0 1 504 723 1763 1599
8187 4 2 0 1 797 1453 1779 1567
8188 4 2 0 1 221 986 1206 778
8189 4 2 0 1 37 38 4 1
8190 4 2 0 1 492 555 1574 777
8191 4 2 0 1 555 331 1574 1497
8192 4 2 0 1 851 1854 1614 1323
8193 4 2 0 1 1543 617 1887 1140
8194 4 2 0 1 1766 1562 829 741
8195 4 2 0 1 873 1522 742 522
8196 4 2 0 1 1912 972 894 1603
8197 4 2 0 1 1048 972 1912 1603
8198 4 2 0 1 820 829 1491 994
8199 4 2 0 1 829 820 1491 440
8200 4 2 0 1 829 1491 994 1603
8201 4 2 0 1 1111 548 752 370
8202 4 2 0 1 752 548 1462 370
8203 4 2 0 1 278 1818 1686 1685
8204 4 2 0 1 1854 1070 1614 1198
8205 4 2 0 1 1198 1070 1614 430
8206 4 2 0 1 1053 1816 793 1187
8207 4 2 0 1 276 1138 278 1818
8208 4 2 0 1 1836 1138 1159 276
8209 4 2 0 1 1846 1537 1564 1891
8210 4 2 0 1 994 829 910 820
8211 4 2 0 1 159 183 768 185
8212 4 2 0 1 183 768 185 694
8213 4 2 0 1 148 1670 213 757
8214 4 2 0 1 46 343 531 759
8215 4 2 0 1 531 537 1211 759
8216 4 2 0 1 1298 1590 1467 1480
8217 4 2 0 1 38 1777 12 1743
8218 4 2 0 1 947 1178 1074 478
8219 4 2 0 1 582 289 1194 291
8220 4 2 0 1 1703 1502 982 302
8221 4 2 0 1 1245 592 719 748
8222 4 2 0 1 1842 1853 719 672
8223 4 2 0 1 1695 1842 887 353
8224 4 2 0 1 1463 1816 752 1555
8225 4 2 0 1 631 1693 285 831
8226 4 2 0 1 658 831 285 1693
8227 4 2 0 1 1217 658 831 285
8228 4 2 0 1 1048 972 1555 831
8229 4 2 0 1 1622 401 320 307
8230 4 2 0 1 1622 320 401 324
8231 4 2 0 1 353 1853 1530 1657
8232 4 2 0 1 353 1853 1657 824
8233 4 2 0 1 1842 1853 353 824
8234 4 2 0 1 710 1016 1727 1159
8235 4 2 0 1 1650 1136 1202 766
8236 4 2 0 1 464 429 1564 1299
8237 4 2 0 1 1826 1583 344 95
8238 4 2 0 1 573 662 937 792
8239 4 2 0 1 1619 662 937 573
8240 4 2 0 1 1740 662 1545 1184
8241 4 2 0 1 176 225 1633 173
8242 4 2 0 1 664 1158 1450 328
8243 4 2 0 1 664 1450 1292 328
8244 4 2 0 1 730 398 1134 1060
8245 4 2 0 1 426 730 398 1134
8246 4 2 0 1 1481 1621 1203 735
8247 4 2 0 1 250 233 1719 1069
8248 4 2 0 1 210 418 1116 230
8249 4 2 0 1 1273 418 230 1116
8250 4 2 0 1 1025 1207 923 1448
8251 4 2 0 1 766 1035 971 1633
8252 4 2 0 1 215 195 218 220
8253 4 2 0 1 1730 1055 1803 747
8254 4 2 0 1 1739 1570 888 259
8255 4 2 0 1 1173 1079 1673 990
8256 4 2 0 1 396 727 568 939
8257 4 2 0 1 188 180 689 221
8258 4 2 0 1 1749 1757 1129 1565
8259 4 2 0 1 522 1522 1536 1172
8260 4 2 0 1 1660 1036 1441 302
8261 4 2 0 1 668 862 1857 1556
8262 4 2 0 1 1453 1779 1652 797
8263 4 2 0 1 1648 1497 1071 556
8264 4 2 0 1 106 94 1742 1028
8265 4 2 0 1 106 1559 344 846
8266 4 2 0 1 698 1720 721 865
8267 4 2 0 1 1464 1528 1143 1691
8268 4 2 0 1 328 1464 1691 1528
8269 4 2 0 1 1531 1804 1143 1464
8270 4 2 0 1 665 1531 686 827
8271 4 2 0 1 1903 839 1852 718
8272 4 2 0 1 226 507 1615 843
8273 4 2 0 1 1876 297 1493 1520
8274 4 2 0 1 1876 1520 1704 297
8275 4 2 0 1 297 1219 1493 1520
8276 4 2 0 1 1716 148 141 1449
8277 4 2 0 1 151 943 141 1670
8278 4 2 0 1 1192 1117 382 1440
8279 4 2 0 1 1843 1408 918 1534
8280 4 2 0 1 1561 1297 1296 1408
8281 4 2 0 1 1843 1408 1534 1296
8282 4 2 0 1 1196 888 259 1739
8283 4 2 0 1 481 1526 917 259
8284 4 2 0 1 481 748 1196 259
8285 4 2 0 1 481 1579 925 1320
$EndElements
